garage,
"https://jetsetradiofuture.live/radio/stations/garage/Aim%20-%20Just%20Passin%27%20Through.mp3",
"https://jetsetradiofuture.live/radio/stations/garage/Diode%20-%20Good%20Morning%20Emotion.mp3",
"https://jetsetradiofuture.live/radio/stations/garage/DJ%20Format%20-%20The%20Turning%20Point.mp3",
"https://jetsetradiofuture.live/radio/stations/garage/Fat%20Jon%20-%20Sins.mp3",
"https://jetsetradiofuture.live/radio/stations/garage/Fat%20Jon%20-%20Then.mp3",
"https://jetsetradiofuture.live/radio/stations/garage/Force%20of%20Nature%20-%20Death%20Wish.mp3",
"https://jetsetradiofuture.live/radio/stations/garage/Fort%20Knox%20Five%20-%20The%20Brazilian%20Hipster.mp3",
"https://jetsetradiofuture.live/radio/stations/garage/G%20Bonson%20-%20Rokdadiskotek.mp3",
"https://jetsetradiofuture.live/radio/stations/garage/Galactic%20-%20Church.mp3",
"https://jetsetradiofuture.live/radio/stations/garage/Gramatik%20-%20Friday.mp3",
"https://jetsetradiofuture.live/radio/stations/garage/Gramatik%20-%20Just%20Jammin.mp3",
"https://jetsetradiofuture.live/radio/stations/garage/Gramatik%20-%20Portorose%20In%20July.mp3",
"https://jetsetradiofuture.live/radio/stations/garage/Jeff%20Kaale%20-%20Mai%20Tai.mp3",
"https://jetsetradiofuture.live/radio/stations/garage/Kero%20One%20-%20Groovin.mp3",
"https://jetsetradiofuture.live/radio/stations/garage/Kid%20Koala%20-%20Stompin%20At%20Le%20Savoi.mp3",
"https://jetsetradiofuture.live/radio/stations/garage/Little%20People%20-%20Gravitas.mp3",
"https://jetsetradiofuture.live/radio/stations/garage/Marco%20Polo%20-%205%20Times%20A%20Lady.mp3",
"https://jetsetradiofuture.live/radio/stations/garage/Marco%20Polo%20-%20Awe%20Guitar.mp3",
"https://jetsetradiofuture.live/radio/stations/garage/Marco%20Polo%20-%20Grits%20and%20Tits.mp3",
"https://jetsetradiofuture.live/radio/stations/garage/Marco%20Polo%20-%20Sax%20O%20Ma%20Fone.mp3",
"https://jetsetradiofuture.live/radio/stations/garage/Mittens%20-%20Commercial%20Break.mp3",
"https://jetsetradiofuture.live/radio/stations/garage/Nick%20Wiz%20-%20La%20La%20La%20%28Instrumental%29.mp3",
"https://jetsetradiofuture.live/radio/stations/garage/Nick%20Wiz%20-%20Xylophone.mp3",
"https://jetsetradiofuture.live/radio/stations/garage/Nujabes%20-%20Fellows.mp3",
"https://jetsetradiofuture.live/radio/stations/garage/Obscure%20Disorder%20-%20Maintain%20The%20Focus%20%28Instrumental%29.mp3",
"https://jetsetradiofuture.live/radio/stations/garage/Ours%20Samplus%20-%20Smile.mp3",
"https://jetsetradiofuture.live/radio/stations/garage/Ours%20Samplus%20-%20Sweet%20Cans.mp3",
"https://jetsetradiofuture.live/radio/stations/garage/RJD2%20-%20Cornbread%2C%20Eddie%20%26%20Me.mp3",
"https://jetsetradiofuture.live/radio/stations/garage/RJD2%20-%20Counseling%20Inst.mp3",
"https://jetsetradiofuture.live/radio/stations/garage/RJD2%20-%20Disconnected.mp3",
"https://jetsetradiofuture.live/radio/stations/garage/RJD2%20-%20Diverse%20Certified%20%28Instrumental%29.mp3",
"https://jetsetradiofuture.live/radio/stations/garage/RJD2%20-%20Fuck%20Soundcheck.mp3",
"https://jetsetradiofuture.live/radio/stations/garage/RJD2%20-%20Fuckajob.mp3",
"https://jetsetradiofuture.live/radio/stations/garage/RJD2%20-%20Heaven.mp3",
"https://jetsetradiofuture.live/radio/stations/garage/RJD2%20-%20High%20Lights.mp3",
"https://jetsetradiofuture.live/radio/stations/garage/RJD2%20-%20I%27m%20Free.mp3",
"https://jetsetradiofuture.live/radio/stations/garage/RJD2%20-%20Just%20Think.mp3",
"https://jetsetradiofuture.live/radio/stations/garage/RJD2%20-%20Poorboy%20Lover%20Megamix.mp3",
"https://jetsetradiofuture.live/radio/stations/garage/RJD2%20-%20The%20Cool%20Thing%20To%20Do.mp3",
"https://jetsetradiofuture.live/radio/stations/garage/RJD2%20-%20The%20Jerry%20Springer%20Episode.mp3",
"https://jetsetradiofuture.live/radio/stations/garage/RJD2%20-%20Under%20The%20Hammer.mp3",
"https://jetsetradiofuture.live/radio/stations/garage/RJD2%20-%20Uprock.mp3",
"https://jetsetradiofuture.live/radio/stations/garage/Same%20Beat%20-%20Ravi%20Harris%20%26%20The%20Prophets.mp3",
"https://jetsetradiofuture.live/radio/stations/garage/Scienz%20of%20Life%20-%20Hot%20Bananas%20%28Instrumental%29.mp3",
"https://jetsetradiofuture.live/radio/stations/garage/Shag%20-%20My%20Mind.mp3",
"https://jetsetradiofuture.live/radio/stations/garage/The%20Derevolutions%20-%20Bad%20King%20Kong.mp3",
"https://jetsetradiofuture.live/radio/stations/garage/DJ%20Jazzy%20Jeff%20%26%20The%20Fresh%20Prince%20-%20Brand%20New%20Funk.mp3",
