sonicrush,
"https://jetsetradiofuture.live/radio/stations/sonicrush/Hideki%20Naganuma%20-%20A%20New%20Day%20%28Intermission%29.mp3",
"https://jetsetradiofuture.live/radio/stations/sonicrush/Hideki%20Naganuma%20-%20A%20New%20Day.mp3",
"https://jetsetradiofuture.live/radio/stations/sonicrush/Hideki%20Naganuma%20-%20Back%202%20Back%20%28Digital%20Remakin%27%20Trax%29.mp3",
"https://jetsetradiofuture.live/radio/stations/sonicrush/Hideki%20Naganuma%20-%20Back%202%20Back.mp3",
"https://jetsetradiofuture.live/radio/stations/sonicrush/Hideki%20Naganuma%20-%20Bomber%20Barbara%20%28Part%202%29.mp3",
"https://jetsetradiofuture.live/radio/stations/sonicrush/Hideki%20Naganuma%20-%20Bomber%20Barbara.mp3",
"https://jetsetradiofuture.live/radio/stations/sonicrush/Hideki%20Naganuma%20-%20Ethno%20Circus%20%28Digital%20Remakin%20%27Trax%29.mp3",
"https://jetsetradiofuture.live/radio/stations/sonicrush/Hideki%20Naganuma%20-%20Ethno%20Circus.mp3",
"https://jetsetradiofuture.live/radio/stations/sonicrush/Hideki%20Naganuma%20-%20Get%20Edgy.mp3",
"https://jetsetradiofuture.live/radio/stations/sonicrush/Hideki%20Naganuma%20-%20Groove%20Rush%201.mp3",
"https://jetsetradiofuture.live/radio/stations/sonicrush/Hideki%20Naganuma%20-%20Groove%20Rush%202.mp3",
"https://jetsetradiofuture.live/radio/stations/sonicrush/Hideki%20Naganuma%20-%20Groove%20Rush%203.mp3",
"https://jetsetradiofuture.live/radio/stations/sonicrush/Hideki%20Naganuma%20-%20Groove%20Rush%204.mp3",
"https://jetsetradiofuture.live/radio/stations/sonicrush/Hideki%20Naganuma%20-%20Groove%20Rush%205.mp3",
"https://jetsetradiofuture.live/radio/stations/sonicrush/Hideki%20Naganuma%20-%20Groove%20Rush%207.mp3",
"https://jetsetradiofuture.live/radio/stations/sonicrush/Hideki%20Naganuma%20-%20Groove%20Rush%208.mp3",
"https://jetsetradiofuture.live/radio/stations/sonicrush/Hideki%20Naganuma%20-%20Jeh%20Jeh%20Rocket%20%28Digital%20Remakin%27%20Trax%29.mp3",
"https://jetsetradiofuture.live/radio/stations/sonicrush/Hideki%20Naganuma%20-%20Jeh%20Jeh%20Rocket.mp3",
"https://jetsetradiofuture.live/radio/stations/sonicrush/Hideki%20Naganuma%20-%20Medley%20Rush%202.mp3",
"https://jetsetradiofuture.live/radio/stations/sonicrush/Hideki%20Naganuma%20-%20Metal%20Scratchin%27%20%28Part%202%29.mp3",
"https://jetsetradiofuture.live/radio/stations/sonicrush/Hideki%20Naganuma%20-%20Metal%20Scratchin%27.mp3",
"https://jetsetradiofuture.live/radio/stations/sonicrush/Hideki%20Naganuma%20-%20Raisin%27%20Me%20Up%20%28Prologue%29.mp3",
"https://jetsetradiofuture.live/radio/stations/sonicrush/Hideki%20Naganuma%20-%20Raisin%27%20Me%20Up.mp3",
"https://jetsetradiofuture.live/radio/stations/sonicrush/Hideki%20Naganuma%20-%20Right%20There%2C%20Ride%20On%20%28Digital%20Remakin%27%20Trax%29.mp3",
"https://jetsetradiofuture.live/radio/stations/sonicrush/Hideki%20Naganuma%20-%20Right%20There%2C%20Ride%20On.mp3",
"https://jetsetradiofuture.live/radio/stations/sonicrush/Hideki%20Naganuma%20-%20Ska%20Cha%20Cha%20%28Digital%20Remakin%27%20Trax%29.mp3",
"https://jetsetradiofuture.live/radio/stations/sonicrush/Hideki%20Naganuma%20-%20Ska%20Cha%20Cha.mp3",
"https://jetsetradiofuture.live/radio/stations/sonicrush/Hideki%20Naganuma%20-%20Vela-Nova%20%28Digital%20Remakin%27%20Trax%29.mp3",
"https://jetsetradiofuture.live/radio/stations/sonicrush/Hideki%20Naganuma%20-%20Vela-Nova%20%28Part%202%29.mp3",
"https://jetsetradiofuture.live/radio/stations/sonicrush/Hideki%20Naganuma%20-%20Vela-Nova.mp3",
"https://jetsetradiofuture.live/radio/stations/sonicrush/Hideki%20Naganuma%20-%20What%20U%20Need%20%28Digital%20Remakin%27%20Trax%29.mp3",
"https://jetsetradiofuture.live/radio/stations/sonicrush/Hideki%20Naganuma%20-%20What%20U%20Need%20is%20Remix.mp3",
"https://jetsetradiofuture.live/radio/stations/sonicrush/Hideki%20Naganuma%20-%20What%20U%20Need.mp3",
"https://jetsetradiofuture.live/radio/stations/sonicrush/Hideki%20Naganuma%20-%20Wrapped%20in%20Black%20%28Digital%20Remakin%27%20Trax%29.mp3",
"https://jetsetradiofuture.live/radio/stations/sonicrush/Hideki%20Naganuma%20-%20Wrapped%20in%20Black%20%28Part%202%29.mp3",
"https://jetsetradiofuture.live/radio/stations/sonicrush/Hideki%20Naganuma%20-%20Wrapped%20in%20Black.mp3",
"https://jetsetradiofuture.live/radio/stations/sonicrush/Mariko%20Nanba%20-%20Coral%20Cave%20%28Act1%262%20Mix%29.mp3",
"https://jetsetradiofuture.live/radio/stations/sonicrush/Mariko%20Nanba%20-%20Haunted%20Ship%20%28Act1%262%20Mix%29.mp3",
"https://jetsetradiofuture.live/radio/stations/sonicrush/Mariko%20Nanba%20-%20Hovercraft.mp3",
"https://jetsetradiofuture.live/radio/stations/sonicrush/Mariko%20Nanba%20-%20Pirates%20Island%20%28Act1%262%20Mix%29.mp3",
"https://jetsetradiofuture.live/radio/stations/sonicrush/Mariko%20Nanba%20-%20Sea%20Map.mp3",
"https://jetsetradiofuture.live/radio/stations/sonicrush/Mariko%20Nanba%20-%20Submarine.mp3",
"https://jetsetradiofuture.live/radio/stations/sonicrush/Mariko%20Nanba%20-%20Windmill%20Village%20Mode%201.mp3",
"https://jetsetradiofuture.live/radio/stations/sonicrush/Mariko%20Nanba%20-%20Windmill%20Village%20Mode%202.mp3",
"https://jetsetradiofuture.live/radio/stations/sonicrush/Mariko%20Nanba%20-%20Windmill%20Village%20Mode%203.mp3",
"https://jetsetradiofuture.live/radio/stations/sonicrush/Mariko%20Nanba%20-%20Windmill%20Village%20Mode%204.mp3",
"https://jetsetradiofuture.live/radio/stations/sonicrush/Seirou%20Okamoto%20-%20Cutscene%20-%20Attack.mp3",
"https://jetsetradiofuture.live/radio/stations/sonicrush/Seirou%20Okamoto%20-%20Cutscene%20-%20Big%20Swell%20Clear.mp3",
"https://jetsetradiofuture.live/radio/stations/sonicrush/Seirou%20Okamoto%20-%20Cutscene%20-%20Big%20Swell.mp3",
"https://jetsetradiofuture.live/radio/stations/sonicrush/Seirou%20Okamoto%20-%20Cutscene%20-%20Blaze%20Appears.mp3",
"https://jetsetradiofuture.live/radio/stations/sonicrush/Seirou%20Okamoto%20-%20Cutscene%20-%20Deep%20Core%20Clear.mp3",
"https://jetsetradiofuture.live/radio/stations/sonicrush/Seirou%20Okamoto%20-%20Cutscene%20-%20Eggman%20Appears.mp3",
"https://jetsetradiofuture.live/radio/stations/sonicrush/Seirou%20Okamoto%20-%20Cutscene%20-%20Formation%20Reversion.mp3",
"https://jetsetradiofuture.live/radio/stations/sonicrush/Seirou%20Okamoto%20-%20Cutscene%20-%20Island%20Appears.mp3",
"https://jetsetradiofuture.live/radio/stations/sonicrush/Seirou%20Okamoto%20-%20Cutscene%20-%20Nervous.mp3",
"https://jetsetradiofuture.live/radio/stations/sonicrush/Seirou%20Okamoto%20-%20Cutscene%20-%20Normal.mp3",
"https://jetsetradiofuture.live/radio/stations/sonicrush/Seirou%20Okamoto%20-%20Cutscene%20-%20Opening.mp3",
"https://jetsetradiofuture.live/radio/stations/sonicrush/Seirou%20Okamoto%20-%20Cutscene%20-%20Pirates.mp3",
"https://jetsetradiofuture.live/radio/stations/sonicrush/Seirou%20Okamoto%20-%20Cutscene%20-%20Sailing.mp3",
"https://jetsetradiofuture.live/radio/stations/sonicrush/Seirou%20Okamoto%20-%20Cutscene%20-%20Tense.mp3",
"https://jetsetradiofuture.live/radio/stations/sonicrush/Seirou%20Okamoto%20-%20Cutscene%20-%20The%20Power.mp3",
"https://jetsetradiofuture.live/radio/stations/sonicrush/Seirou%20Okamoto%20-%20Cutscene%20-%20Transform.mp3",
"https://jetsetradiofuture.live/radio/stations/sonicrush/Seirou%20Okamoto%20-%20Cutscene%20-%20Waiting%20for%20Boss.mp3",
"https://jetsetradiofuture.live/radio/stations/sonicrush/Seirou%20Okamoto%20-%20Emerald.mp3",
"https://jetsetradiofuture.live/radio/stations/sonicrush/Seirou%20Okamoto%20-%20End%20Credits.mp3",
"https://jetsetradiofuture.live/radio/stations/sonicrush/Seirou%20Okamoto%20-%20Epilogue.mp3",
"https://jetsetradiofuture.live/radio/stations/sonicrush/Seirou%20Okamoto%20-%20Jingle%20-%20Dock%20Constructed.mp3",
"https://jetsetradiofuture.live/radio/stations/sonicrush/Seirou%20Okamoto%20-%20Puzzle.mp3",
"https://jetsetradiofuture.live/radio/stations/sonicrush/Seirou%20Okamoto%20-%20Waterbike.mp3",
"https://jetsetradiofuture.live/radio/stations/sonicrush/Seirou%20Okamoto%20-%20Windmill%20Village%20Mode%205.mp3",
"https://jetsetradiofuture.live/radio/stations/sonicrush/Sonic%20Rush%20-%201%20Up.mp3",
"https://jetsetradiofuture.live/radio/stations/sonicrush/Sonic%20Rush%20-%20Altitude%20Limit%20-%20Invincibility.mp3",
"https://jetsetradiofuture.live/radio/stations/sonicrush/Sonic%20Rush%20-%20Credits%20Medley%20Rush%201.mp3",
"https://jetsetradiofuture.live/radio/stations/sonicrush/Sonic%20Rush%20-%20Dead%20Line%20-%20Invincibility.mp3",
"https://jetsetradiofuture.live/radio/stations/sonicrush/Sonic%20Rush%20-%20Digital%20Remakin%27%20-%20Altitude%20Limit%20Get%20Edgy.mp3",
"https://jetsetradiofuture.live/radio/stations/sonicrush/Sonic%20Rush%20-%20Event%20After%20the%20Fight.mp3",
"https://jetsetradiofuture.live/radio/stations/sonicrush/Sonic%20Rush%20-%20Event%20Kick%20the%20Eggman.mp3",
"https://jetsetradiofuture.live/radio/stations/sonicrush/Sonic%20Rush%20-%20Extra%20Zone%20Intro%20A%20Flicker%20of%20Hope.mp3",
"https://jetsetradiofuture.live/radio/stations/sonicrush/Sonic%20Rush%20-%20Extra%20Zone%20Intro%20Anxiety.mp3",
"https://jetsetradiofuture.live/radio/stations/sonicrush/Sonic%20Rush%20-%20Extra%20Zone%20Intro%20Blaze%20Pinch%21.mp3",
"https://jetsetradiofuture.live/radio/stations/sonicrush/Sonic%20Rush%20-%20Extra%20Zone%20Intro%20The%20Metamorphosis.mp3",
"https://jetsetradiofuture.live/radio/stations/sonicrush/Sonic%20Rush%20-%20Huge%20Crisis%20-%20Invincibility.mp3",
"https://jetsetradiofuture.live/radio/stations/sonicrush/Sonic%20Rush%20-%20Intermission%20-%20Special%20Stage%20A%20New%20Day.mp3",
"https://jetsetradiofuture.live/radio/stations/sonicrush/Sonic%20Rush%20-%20Leaf%20Storm%20-%20Invincibility.mp3",
"https://jetsetradiofuture.live/radio/stations/sonicrush/Sonic%20Rush%20-%20Mirage%20Road%20-%20Invincibility.mp3",
"https://jetsetradiofuture.live/radio/stations/sonicrush/Sonic%20Rush%20-%20Mirage%20Road%202%20-%20Invincibility.mp3",
"https://jetsetradiofuture.live/radio/stations/sonicrush/Sonic%20Rush%20-%20Night%20Carnival%20-%20Invincibility.mp3",
"https://jetsetradiofuture.live/radio/stations/sonicrush/Sonic%20Rush%20-%20Special%20Stage%20A%20New%20Day.mp3",
"https://jetsetradiofuture.live/radio/stations/sonicrush/Sonic%20Rush%20-%20The%20Extra%20Zone.mp3",
"https://jetsetradiofuture.live/radio/stations/sonicrush/Sonic%20Rush%20-%20Theme%20of%20After%20the%20Fight.mp3",
"https://jetsetradiofuture.live/radio/stations/sonicrush/Sonic%20Rush%20-%20Theme%20of%20Blaze%27s%20Event.mp3",
"https://jetsetradiofuture.live/radio/stations/sonicrush/Sonic%20Rush%20-%20Theme%20of%20Comical%20Event.mp3",
"https://jetsetradiofuture.live/radio/stations/sonicrush/Sonic%20Rush%20-%20Theme%20of%20Sonic%27s%20Event.mp3",
"https://jetsetradiofuture.live/radio/stations/sonicrush/Sonic%20Rush%20-%20Theme%20of%20Strained%20Event.mp3",
"https://jetsetradiofuture.live/radio/stations/sonicrush/Sonic%20Rush%20-%20Theme%20of%20Warm%20Event.mp3",
"https://jetsetradiofuture.live/radio/stations/sonicrush/Sonic%20Rush%20-%20Title%20Screen.mp3",
"https://jetsetradiofuture.live/radio/stations/sonicrush/Sonic%20Rush%20-%20Water%20Palace%20-%20Invincibility.mp3",
"https://jetsetradiofuture.live/radio/stations/sonicrush/Sonic%20Rush%20-%20World%20Map%201%20The%20Ordinary%20Zone.mp3",
"https://jetsetradiofuture.live/radio/stations/sonicrush/Sonic%20Rush%20-%20World%20Map%202%20The%20Last%20Zone.mp3",
"https://jetsetradiofuture.live/radio/stations/sonicrush/Sonic%20Rush%20Adventure%20-%20Act%20Clear.mp3",
"https://jetsetradiofuture.live/radio/stations/sonicrush/Sonic%20Rush%20Adventure%20-%20Big%20Swell%20Allegro.mp3",
"https://jetsetradiofuture.live/radio/stations/sonicrush/Sonic%20Rush%20Adventure%20-%20Blizzard%20Peaks%20-%20Invincibility.mp3",
"https://jetsetradiofuture.live/radio/stations/sonicrush/Sonic%20Rush%20Adventure%20-%20Blizzard%20Peaks%20Act%201.mp3",
"https://jetsetradiofuture.live/radio/stations/sonicrush/Sonic%20Rush%20Adventure%20-%20Blizzard%20Peaks%20Act%202.mp3",
"https://jetsetradiofuture.live/radio/stations/sonicrush/Sonic%20Rush%20Adventure%20-%20Boss%20Allegro.mp3",
"https://jetsetradiofuture.live/radio/stations/sonicrush/Sonic%20Rush%20Adventure%20-%20Haunted%20Ship%20-%20Invincibility.mp3",
"https://jetsetradiofuture.live/radio/stations/sonicrush/Sonic%20Rush%20Adventure%20-%20Haunted%20Ship%20Act%201.mp3",
"https://jetsetradiofuture.live/radio/stations/sonicrush/Sonic%20Rush%20Adventure%20-%20Haunted%20Ship%20Act%202.mp3",
"https://jetsetradiofuture.live/radio/stations/sonicrush/Sonic%20Rush%20Adventure%20-%20Machine%20Labyrinth%20-%20Invincibility.mp3",
"https://jetsetradiofuture.live/radio/stations/sonicrush/Sonic%20Rush%20Adventure%20-%20Machine%20Labyrinth%20Act%201.mp3",
"https://jetsetradiofuture.live/radio/stations/sonicrush/Sonic%20Rush%20Adventure%20-%20Machine%20Labyrinth%20Act%202.mp3",
"https://jetsetradiofuture.live/radio/stations/sonicrush/Sonic%20Rush%20Adventure%20-%20Plant%20Kingdom%20-%20Invincibility.mp3",
"https://jetsetradiofuture.live/radio/stations/sonicrush/Sonic%20Rush%20Adventure%20-%20Plant%20Kingdom%20Act%201.mp3",
"https://jetsetradiofuture.live/radio/stations/sonicrush/Sonic%20Rush%20Adventure%20-%20Plant%20Kingdom%20Act%202.mp3",
"https://jetsetradiofuture.live/radio/stations/sonicrush/Sonic%20Rush%20Adventure%20-%20Sky%20Babylon%20-%20Invincibility.mp3",
"https://jetsetradiofuture.live/radio/stations/sonicrush/Sonic%20Rush%20Adventure%20-%20Sky%20Babylon%20Act%201.mp3",
"https://jetsetradiofuture.live/radio/stations/sonicrush/Sonic%20Rush%20Adventure%20-%20Sky%20Babylon%20Act%202.mp3",
"https://jetsetradiofuture.live/radio/stations/sonicrush/Sonic%20Rush%20Adventure%20-%20Special%20Stage%20Wave%20Cyclone.mp3",
"https://jetsetradiofuture.live/radio/stations/sonicrush/Sonic%20Rush%20Adventure%20-%20Training.mp3",
"https://jetsetradiofuture.live/radio/stations/sonicrush/Sonic%20Rush%20Adventure%20-%20Whisker%20%26%20Johnny%20Allegro.mp3",
"https://jetsetradiofuture.live/radio/stations/sonicrush/Tahirih%20Walker%20-%20A%20New%20Venture%20%28Title%20Theme%29.mp3",
"https://jetsetradiofuture.live/radio/stations/sonicrush/Teruhiko%20Nakagawa%20-%20Back%202%20Back%20%28Blazy%20Mix%29.mp3",
"https://jetsetradiofuture.live/radio/stations/sonicrush/Teruhiko%20Nakagawa%20-%20Enemy%20or%20Friend.mp3",
"https://jetsetradiofuture.live/radio/stations/sonicrush/Teruhiko%20Nakagawa%20-%20Ethno%20Circus%20%28Blazy%20Mix%29.mp3",
"https://jetsetradiofuture.live/radio/stations/sonicrush/Teruhiko%20Nakagawa%20-%20Get%20Edgy%20%28Blazy%20Mix%29.mp3",
"https://jetsetradiofuture.live/radio/stations/sonicrush/Teruhiko%20Nakagawa%20-%20I%20Wanna%20Breathe.mp3",
"https://jetsetradiofuture.live/radio/stations/sonicrush/Teruhiko%20Nakagawa%20-%20Jeh%20Jeh%20Rocket%20%28Blazy%20Mix%29.mp3",
"https://jetsetradiofuture.live/radio/stations/sonicrush/Teruhiko%20Nakagawa%20-%20Just%20a%20Breath%20%21%20%28SE%29.mp3",
"https://jetsetradiofuture.live/radio/stations/sonicrush/Teruhiko%20Nakagawa%20-%20Right%20There%2C%20Ride%20On%20%28Blazy%20Mix%29.mp3",
"https://jetsetradiofuture.live/radio/stations/sonicrush/Teruhiko%20Nakagawa%20-%20Ska%20Cha%20Cha%20%28Blazy%20Mix%29.mp3",
"https://jetsetradiofuture.live/radio/stations/sonicrush/Teruhiko%20Nakagawa%20-%20What%20U%20Need%20%28Blazy%20Mix%29.mp3",
"https://jetsetradiofuture.live/radio/stations/sonicrush/Tomoya%20Ohtani%20-%20A%20New%20Venture%20%28Surfin%27%20S.R.A.%20Remix%29.mp3",
"https://jetsetradiofuture.live/radio/stations/sonicrush/Tomoya%20Ohtani%20-%20Blizzard%20Peaks%20%28Act1%262%20Mix%29.mp3",
"https://jetsetradiofuture.live/radio/stations/sonicrush/Tomoya%20Ohtani%20-%20Boss%20-%20Big%20Swell.mp3",
"https://jetsetradiofuture.live/radio/stations/sonicrush/Tomoya%20Ohtani%20-%20Boss%20-%20Deep%20Core%20-%20Allegro.mp3",
"https://jetsetradiofuture.live/radio/stations/sonicrush/Tomoya%20Ohtani%20-%20Boss%20-%20Deep%20Core.mp3",
"https://jetsetradiofuture.live/radio/stations/sonicrush/Tomoya%20Ohtani%20-%20Boss%20-%20Whisker%20%26%20Johnny.mp3",
"https://jetsetradiofuture.live/radio/stations/sonicrush/Tomoya%20Ohtani%20-%20Boss.mp3",
"https://jetsetradiofuture.live/radio/stations/sonicrush/Tomoya%20Ohtani%20-%20Hidden%20Island.mp3",
"https://jetsetradiofuture.live/radio/stations/sonicrush/Tomoya%20Ohtani%20-%20Jingle%20-%20Act%20Clear.mp3",
"https://jetsetradiofuture.live/radio/stations/sonicrush/Tomoya%20Ohtani%20-%20Jingle%20-%20Big%20Swell%20Clear.mp3",
"https://jetsetradiofuture.live/radio/stations/sonicrush/Tomoya%20Ohtani%20-%20Jingle%20-%20Boss%20Clear.mp3",
"https://jetsetradiofuture.live/radio/stations/sonicrush/Tomoya%20Ohtani%20-%20Jingle%20-%20Deep%20Core%20Clear.mp3",
"https://jetsetradiofuture.live/radio/stations/sonicrush/Tomoya%20Ohtani%20-%20Machine%20Labyrinth%20%28Act1%262%20Mix%29.mp3",
"https://jetsetradiofuture.live/radio/stations/sonicrush/Tomoya%20Ohtani%20-%20Plant%20Kingdom%20%28Act1%262%20Mix%29.mp3",
"https://jetsetradiofuture.live/radio/stations/sonicrush/Tomoya%20Ohtani%20-%20Sailboat.mp3",
"https://jetsetradiofuture.live/radio/stations/sonicrush/Tomoya%20Ohtani%20-%20Sky%20Babylon%20%28Act1%262%20Mix%29.mp3",
"https://jetsetradiofuture.live/radio/stations/sonicrush/Tomoya%20Ohtani%20-%20Training.mp3",
"https://jetsetradiofuture.live/radio/stations/sonicrush/Tomoya%20Ohtani%2C%20Mariko%20Nanba%20-%20Invincible%20Medley.mp3",
