chiptunes,
"https://jetsetradiofuture.live/radio/stations/chiptunes/Anamanaguchi%20-%20Akira.mp3",
"https://jetsetradiofuture.live/radio/stations/chiptunes/Anamanaguchi%20-%20Bosozoku%20GF.mp3",
"https://jetsetradiofuture.live/radio/stations/chiptunes/Anamanaguchi%20-%20Cheap%20Shop.mp3",
"https://jetsetradiofuture.live/radio/stations/chiptunes/Anamanaguchi%20-%20Echobo.mp3",
"https://jetsetradiofuture.live/radio/stations/chiptunes/Anamanaguchi%20-%20Giant%20Contraband%20Robot.mp3",
"https://jetsetradiofuture.live/radio/stations/chiptunes/Anamanaguchi%20-%20Gideon%20Wrath%20Part%20I.mp3",
"https://jetsetradiofuture.live/radio/stations/chiptunes/Anamanaguchi%20-%20Just%20Like%20in%20the%20Movies.mp3",
"https://jetsetradiofuture.live/radio/stations/chiptunes/Anamanaguchi%20-%20Party%20Stronger.mp3",
"https://jetsetradiofuture.live/radio/stations/chiptunes/Anamanaguchi%20-%20Scott%20Pilgrim%20Anthem.mp3",
"https://jetsetradiofuture.live/radio/stations/chiptunes/Anamanaguchi%20-%20Shrine%20Bros.mp3",
"https://jetsetradiofuture.live/radio/stations/chiptunes/Anamanaguchi%20-%20TechnoMan.mp3",
"https://jetsetradiofuture.live/radio/stations/chiptunes/Anamanaguchi%20-%20The%20Dark%20One.mp3",
"https://jetsetradiofuture.live/radio/stations/chiptunes/Anamanaguchi%20Rock%20Club.mp3",
"https://jetsetradiofuture.live/radio/stations/chiptunes/Anamanaguchi%20Sunset%20By%20Plane.mp3",
"https://jetsetradiofuture.live/radio/stations/chiptunes/Big%20Giant%20Circles%20-%20The%20Glory%20Days%20Chip%20Zeal.mp3",
"https://jetsetradiofuture.live/radio/stations/chiptunes/Big%20Giant%20Circles%20-%20The%20Glory%20Days%20Houston.mp3",
"https://jetsetradiofuture.live/radio/stations/chiptunes/Big%20Giant%20Circles%20-%20The%20Glory%20Days%20Sevcon.mp3",
"https://jetsetradiofuture.live/radio/stations/chiptunes/Blipsqueek%20-%20Clown%20Makeup.mp3",
"https://jetsetradiofuture.live/radio/stations/chiptunes/Blipsqueek%20-%20King%20of%20the%20sky.mp3",
"https://jetsetradiofuture.live/radio/stations/chiptunes/Blipsqueek%20-%20Midday%20by%20Endboss.mp3",
"https://jetsetradiofuture.live/radio/stations/chiptunes/Blipsqueek%20-%20Sarias%20Jam.mp3",
"https://jetsetradiofuture.live/radio/stations/chiptunes/Blipsqueek%20-%20Sticks%2C%20Faygo%20and%20old%20school%20nintendo%20games.mp3",
"https://jetsetradiofuture.live/radio/stations/chiptunes/Blipsqueek%20-%20The%20happy%20chiptune%20NERD.mp3",
"https://jetsetradiofuture.live/radio/stations/chiptunes/Blipsqueek%20-%20Wiley%27s%20last%20battle.mp3",
"https://jetsetradiofuture.live/radio/stations/chiptunes/Bossfight%20-%20Be%20Gone%20Mr.%20Gawne.mp3",
"https://jetsetradiofuture.live/radio/stations/chiptunes/Bossfight%20-%20Commando%20Steve.mp3",
"https://jetsetradiofuture.live/radio/stations/chiptunes/Bossfight%20-%20Elevatia%20%28meganeko%20Remix%29.mp3",
"https://jetsetradiofuture.live/radio/stations/chiptunes/Bossfight%20-%20Farbror%20Melker%20Fixar%20Fiskdamm%20%28Fastbom%20Cover%29.mp3",
"https://jetsetradiofuture.live/radio/stations/chiptunes/Bossfight%20-%20Flirt%20Flirt%20Oh%20It%20hurts.mp3",
"https://jetsetradiofuture.live/radio/stations/chiptunes/Bossfight%20-%20Milky%20Ways.mp3",
"https://jetsetradiofuture.live/radio/stations/chiptunes/Bossfight%20-%20Steampunk%20Warlord.mp3",
"https://jetsetradiofuture.live/radio/stations/chiptunes/Bossfight%20-%20The%20Maze%20Of%20Mayonnaise.mp3",
"https://jetsetradiofuture.live/radio/stations/chiptunes/Carf%20Darko%20-%20Carf%20Darko%20-%20Exploit.mp3",
"https://jetsetradiofuture.live/radio/stations/chiptunes/Carf%20Darko%20-%20Gravitation.mp3",
"https://jetsetradiofuture.live/radio/stations/chiptunes/Carf%20Darko%20-%20Interdimensional.mp3",
"https://jetsetradiofuture.live/radio/stations/chiptunes/Carf%20Darko%20-%20Interference.mp3",
"https://jetsetradiofuture.live/radio/stations/chiptunes/Carf%20Darko%20-%20Supernova.mp3",
"https://jetsetradiofuture.live/radio/stations/chiptunes/Chipzel%20-%2014%20Fortune%20Favours%20The%20Bold.mp3",
"https://jetsetradiofuture.live/radio/stations/chiptunes/Chipzel%20-%20Aurora%20Borealis.mp3",
"https://jetsetradiofuture.live/radio/stations/chiptunes/Chipzel%20-%20Beyond%20the%20Cosmos.mp3",
"https://jetsetradiofuture.live/radio/stations/chiptunes/Chipzel%20-%20Can%27t%20Stop%20Us.mp3",
"https://jetsetradiofuture.live/radio/stations/chiptunes/Chipzel%20-%20Courtesy.mp3",
"https://jetsetradiofuture.live/radio/stations/chiptunes/Chipzel%20-%20Disconnected.mp3",
"https://jetsetradiofuture.live/radio/stations/chiptunes/Chipzel%20-%20Discoth%C3%83%C2%A9que%20Rouge%2C%20After%20Hours%20%28Monaco%20OST%20Remix%29.mp3",
"https://jetsetradiofuture.live/radio/stations/chiptunes/Chipzel%20-%20Evolution.mp3",
"https://jetsetradiofuture.live/radio/stations/chiptunes/Chipzel%20-%20Focus.mp3",
"https://jetsetradiofuture.live/radio/stations/chiptunes/Chipzel%20-%20Forged%20in%20Stars.mp3",
"https://jetsetradiofuture.live/radio/stations/chiptunes/Chipzel%20-%20Hello%20Earth.mp3",
"https://jetsetradiofuture.live/radio/stations/chiptunes/Chipzel%20-%20Knuckle%20Joe.mp3",
"https://jetsetradiofuture.live/radio/stations/chiptunes/Chipzel%20-%20Only%20Human%20%28Trey%20Frey%20Remix%29.mp3",
"https://jetsetradiofuture.live/radio/stations/chiptunes/Chipzel%20-%20Ordinary.mp3",
"https://jetsetradiofuture.live/radio/stations/chiptunes/Chipzel%20-%20Otis.mp3",
"https://jetsetradiofuture.live/radio/stations/chiptunes/Chipzel%20-%20Something%20Beautiful%20Part%20II.mp3",
"https://jetsetradiofuture.live/radio/stations/chiptunes/Chipzel%20-%20Something%20Beautiful.mp3",
"https://jetsetradiofuture.live/radio/stations/chiptunes/Chipzel%20-%20Spectra.mp3",
"https://jetsetradiofuture.live/radio/stations/chiptunes/Chipzel%20-%20To%20The%20Sky.mp3",
"https://jetsetradiofuture.live/radio/stations/chiptunes/Chipzel%20-%20Veteran.mp3",
"https://jetsetradiofuture.live/radio/stations/chiptunes/Chipzel%20-%20Waiting.mp3",
"https://jetsetradiofuture.live/radio/stations/chiptunes/Chipzel%20-%20When%20They%20Come%20For%20Us.mp3",
"https://jetsetradiofuture.live/radio/stations/chiptunes/Chipzel%20-%20When%20You%20Realise.mp3",
"https://jetsetradiofuture.live/radio/stations/chiptunes/CORNBEAST%20-%20MEGABLAST.mp3",
"https://jetsetradiofuture.live/radio/stations/chiptunes/Cream%20in%20all%20moustache%20-%20Hear%20My%20Voice%20%28JDDJ3J%20Remix%29.mp3",
"https://jetsetradiofuture.live/radio/stations/chiptunes/Cyber%20Shadow%20-%20Mekacity%20Ruins.mp3",
"https://jetsetradiofuture.live/radio/stations/chiptunes/Cyber%20Shadow%20-%20The%20Theme%20of%20Shadow.mp3",
"https://jetsetradiofuture.live/radio/stations/chiptunes/Danimal%20-%20Chronos.mp3",
"https://jetsetradiofuture.live/radio/stations/chiptunes/Danimal%20-%20Corrupted.mp3",
"https://jetsetradiofuture.live/radio/stations/chiptunes/Danimal%20-%20Logic%20Gatekeeper.mp3",
"https://jetsetradiofuture.live/radio/stations/chiptunes/Danimal%20-%20Long%20Live%20The%20New%20Fresh.mp3",
"https://jetsetradiofuture.live/radio/stations/chiptunes/DELTANOYZ%20-%20Beepmap.mp3",
"https://jetsetradiofuture.live/radio/stations/chiptunes/DELTANOYZ%20-%20Enforcer.mp3",
"https://jetsetradiofuture.live/radio/stations/chiptunes/DELTANOYZ%20-%20Manhattancore.mp3",
"https://jetsetradiofuture.live/radio/stations/chiptunes/DELTANOYZ%20-%20Reset.mp3",
"https://jetsetradiofuture.live/radio/stations/chiptunes/DELTANOYZ%20-%20Satankart.mp3",
"https://jetsetradiofuture.live/radio/stations/chiptunes/Diad%20-%20Dimension-Reversing%20Dualities.mp3",
"https://jetsetradiofuture.live/radio/stations/chiptunes/Diad%20-%20The%20Beckoning%20Enslaved.mp3",
"https://jetsetradiofuture.live/radio/stations/chiptunes/Dubmood%20-%20Fuckup%20at%20Dreamhack2001%20%28Feat%20Stalker%29.mp3",
"https://jetsetradiofuture.live/radio/stations/chiptunes/Dubmood%20-%20Insert%20No%20Coins.mp3",
"https://jetsetradiofuture.live/radio/stations/chiptunes/Dubmood%20-%20Just%20Another%20Paper%20Intro.mp3",
"https://jetsetradiofuture.live/radio/stations/chiptunes/Dubmood%20-%20Keygen%2011.mp3",
"https://jetsetradiofuture.live/radio/stations/chiptunes/Dubmood%20-%20Keygen%203%20feat%20Kootie.mp3",
"https://jetsetradiofuture.live/radio/stations/chiptunes/Dubmood%20-%20Keygen%205.mp3",
"https://jetsetradiofuture.live/radio/stations/chiptunes/Dubmood%20-%20Keygen%208.mp3",
"https://jetsetradiofuture.live/radio/stations/chiptunes/Dubmood%20-%20Kootie%20var%20e%20du.mp3",
"https://jetsetradiofuture.live/radio/stations/chiptunes/Dubmood%20-%20Ninjaflood%20Starts%20School.mp3",
"https://jetsetradiofuture.live/radio/stations/chiptunes/Dubmood%20-%20Pampradion%20Feat.%20Zabutom.mp3",
"https://jetsetradiofuture.live/radio/stations/chiptunes/Dubmood%20-%20Rez%20Cracktro%204.mp3",
"https://jetsetradiofuture.live/radio/stations/chiptunes/Dubmood%20-%20Settlers%207%20Cracktro.mp3",
"https://jetsetradiofuture.live/radio/stations/chiptunes/Dubmood%20-%20S%C3%83%C2%A5%20h%C3%83%C2%A4r%20kan%20man%20ocks%C3%83%C2%A5%20g%C3%83%C2%B6ra%20Feat.%20Zabutom.mp3",
"https://jetsetradiofuture.live/radio/stations/chiptunes/Dubmood%20-%20You%20can%20do%20it%20but%20not%20like%20we%20do%20it%20%28Feat%20Zabutom%29.mp3",
"https://jetsetradiofuture.live/radio/stations/chiptunes/Dunderpatrullen%20-%201up%20Muncher.mp3",
"https://jetsetradiofuture.live/radio/stations/chiptunes/Dunderpatrullen%20-%20How%20To%20Adventure.mp3",
"https://jetsetradiofuture.live/radio/stations/chiptunes/Dunderpatrullen%20-%20Pixie%20Crust.mp3",
"https://jetsetradiofuture.live/radio/stations/chiptunes/Dunderpatrullen%20-%20Singularity.mp3",
"https://jetsetradiofuture.live/radio/stations/chiptunes/Dunderpatrullen%20-%20To%20The%20Moon%20%28ft.%20FantomenK%29.mp3",
"https://jetsetradiofuture.live/radio/stations/chiptunes/Fade%20Runner%20-%20Less%20Cops%2C%20More%20Titties.mp3",
"https://jetsetradiofuture.live/radio/stations/chiptunes/Fade%20Runner%20-%20Loop%20For%20Your%20Pleasure.mp3",
"https://jetsetradiofuture.live/radio/stations/chiptunes/Fade%20Runner%20-%20Traffic%20Jam.mp3",
"https://jetsetradiofuture.live/radio/stations/chiptunes/Gigandect%20-%202e1dda.mp3",
"https://jetsetradiofuture.live/radio/stations/chiptunes/Gigandect%20-%20Nyanshit.mp3",
"https://jetsetradiofuture.live/radio/stations/chiptunes/HarleyLikesMusic%20-%20%20Infinity%20Tricks.mp3",
"https://jetsetradiofuture.live/radio/stations/chiptunes/HarleyLikesMusic%20-%20Steel%20City.mp3",
"https://jetsetradiofuture.live/radio/stations/chiptunes/IDecade%20-%20Catastrophe.mp3",
"https://jetsetradiofuture.live/radio/stations/chiptunes/IDecade%20-%20Denatured.mp3",
"https://jetsetradiofuture.live/radio/stations/chiptunes/IDecade%20-%20Kraken.mp3",
"https://jetsetradiofuture.live/radio/stations/chiptunes/IDecade%20-%20Mad.mp3",
"https://jetsetradiofuture.live/radio/stations/chiptunes/IDecade%20-%20Mahalo.mp3",
"https://jetsetradiofuture.live/radio/stations/chiptunes/IDecade%20-%20Traumas.mp3",
"https://jetsetradiofuture.live/radio/stations/chiptunes/Jake%20Kaufman%20-%20A%20Thousand%20Leagues%20Below%20%28Iron%20Whale%29%20Manami%20Matsumae.mp3",
"https://jetsetradiofuture.live/radio/stations/chiptunes/Jake%20Kaufman%20-%20Aqua%20Vitae%20%28Explodatorium%29.mp3",
"https://jetsetradiofuture.live/radio/stations/chiptunes/Jake%20Kaufman%20-%20Hidden%20by%20Night%20%28Lich%20Yard%29.mp3",
"https://jetsetradiofuture.live/radio/stations/chiptunes/Jake%20Kaufman%20-%20Rhythmortis%20%28Lobby%20Remix%29.mp3",
"https://jetsetradiofuture.live/radio/stations/chiptunes/Jake%20Kaufman%20-%20Spin%20Ye%20Bottle%20%28Minigame%29.mp3",
"https://jetsetradiofuture.live/radio/stations/chiptunes/Jake%20Kaufman%20-%20Stone%20Cold%20%283-1%20Cold%20Remix%29.mp3",
"https://jetsetradiofuture.live/radio/stations/chiptunes/Jake%20Kaufman%20-%20Strike%20the%20Earth%21%20%28Plains%20of%20Passage%29.mp3",
"https://jetsetradiofuture.live/radio/stations/chiptunes/Jake%20Kaufman%20-%20The%20Claws%20of%20Fate%20%28Mole%20Knight%20Battle%29.mp3",
"https://jetsetradiofuture.live/radio/stations/chiptunes/Jake%20Kaufman%20-%20The%20Schemer%20%28Tinker%20Knight%20Battle%29.mp3",
"https://jetsetradiofuture.live/radio/stations/chiptunes/Jake%20Kaufman%20-%20Watch%20Me%20Dance.mp3",
"https://jetsetradiofuture.live/radio/stations/chiptunes/Je%20deviens%20dj%20en%203%20jours%20-%20Kaizoku%20%C3%A6%C2%B5%C2%B7%C3%A8%C2%B3%C5%A0%20%28Henry%20Homesweet%20Remix%29.mp3",
"https://jetsetradiofuture.live/radio/stations/chiptunes/Je%20deviens%20dj%20en%203%20jours%20-%20Pas%20de%20patates%20le%20mardi%20%28Ctrix%20Remix%29.mp3",
"https://jetsetradiofuture.live/radio/stations/chiptunes/Kawai%20Sprite%20-%20Roses.mp3",
"https://jetsetradiofuture.live/radio/stations/chiptunes/Kawai%20Sprite%20-%20Thorns.mp3",
"https://jetsetradiofuture.live/radio/stations/chiptunes/Kubbi%20Cascade.mp3",
"https://jetsetradiofuture.live/radio/stations/chiptunes/Kubbi%20Up%20In%20My%20Jam%20%28All%20Of%20A%20Sudden%29.mp3",
"https://jetsetradiofuture.live/radio/stations/chiptunes/like%20luke%20-%20goodbye%21%20goodbye%21%20goodbye%21.mp3",
"https://jetsetradiofuture.live/radio/stations/chiptunes/like%20luke%20-%20precious%20jewel%20%28Sabrepulse%20remix%29.mp3",
"https://jetsetradiofuture.live/radio/stations/chiptunes/like%20luke%20-%20slam%20dunk%20lifestyle%20%28Boaconstructor%20remix%29.mp3",
"https://jetsetradiofuture.live/radio/stations/chiptunes/MASTER%20BOOT%20RECORD%20-%20CASTLEVANIA%201.mp3",
"https://jetsetradiofuture.live/radio/stations/chiptunes/MASTER%20BOOT%20RECORD%20-%20CASTLEVANIA%202.mp3",
"https://jetsetradiofuture.live/radio/stations/chiptunes/MASTER%20BOOT%20RECORD%20-%20DOOM%20II.mp3",
"https://jetsetradiofuture.live/radio/stations/chiptunes/MASTER%20BOOT%20RECORD%20-%20DOOM.mp3",
"https://jetsetradiofuture.live/radio/stations/chiptunes/MASTER%20BOOT%20RECORD%20-%20F-ZERO.mp3",
"https://jetsetradiofuture.live/radio/stations/chiptunes/MASTER%20BOOT%20RECORD%20-%20MEGA%20MAN%202.mp3",
"https://jetsetradiofuture.live/radio/stations/chiptunes/MDK%20%26%20meganeko%20-%20Supercharge.mp3",
"https://jetsetradiofuture.live/radio/stations/chiptunes/meganeko%20-%20Slime%20Boy%20Color.mp3",
"https://jetsetradiofuture.live/radio/stations/chiptunes/meganeko%20-%20Space%20Magic.mp3",
"https://jetsetradiofuture.live/radio/stations/chiptunes/Men%20of%20Mega%20-%20Bitches%20leave.mp3",
"https://jetsetradiofuture.live/radio/stations/chiptunes/Men%20of%20Mega%20-%20Getsuedophobia.mp3",
"https://jetsetradiofuture.live/radio/stations/chiptunes/Men%20of%20Mega%20-%20John%20Stamos%20On%20Meth.mp3",
"https://jetsetradiofuture.live/radio/stations/chiptunes/Men%20of%20Mega%20-%20The%20Wiliest%20Of%20All%20Doctors.mp3",
"https://jetsetradiofuture.live/radio/stations/chiptunes/Men%20of%20Mega%20-%20Twisking%20It%20Up.mp3",
"https://jetsetradiofuture.live/radio/stations/chiptunes/Mr.%20Spastic%20-%20Sloppy.mp3",
"https://jetsetradiofuture.live/radio/stations/chiptunes/PANDAstar%20-%20Celestine.mp3",
"https://jetsetradiofuture.live/radio/stations/chiptunes/PANDAstar%20-%20POPrawkZ.mp3",
"https://jetsetradiofuture.live/radio/stations/chiptunes/PANDAstar%20-%20Relish.mp3",
"https://jetsetradiofuture.live/radio/stations/chiptunes/PANDAstar%20-%20Thana.mp3",
"https://jetsetradiofuture.live/radio/stations/chiptunes/Popsicle%20Theory%20-%20Cheepy.mp3",
"https://jetsetradiofuture.live/radio/stations/chiptunes/Popsicle%20Theory%20-%20No%2C%20I%27m%20not%20a%20DJ.mp3",
"https://jetsetradiofuture.live/radio/stations/chiptunes/Popsicle%20Theory%20-%20Same%20chip%2C%20different%20day.mp3",
"https://jetsetradiofuture.live/radio/stations/chiptunes/Rainbowdragoneyes%20-%20Chipwrecked.mp3",
"https://jetsetradiofuture.live/radio/stations/chiptunes/Rainbowdragoneyes%20-%20Creatures%20Ov%20Deception.mp3",
"https://jetsetradiofuture.live/radio/stations/chiptunes/Rainbowdragoneyes%20-%20Eur%20Hawt%20200X.mp3",
"https://jetsetradiofuture.live/radio/stations/chiptunes/Rainbowdragoneyes%20-%20Hej%20Soko%C3%85%E2%80%9Ay%20%28This%20Is%20The%20Rainbowdragoneyes%20Remix%29.mp3",
"https://jetsetradiofuture.live/radio/stations/chiptunes/Rainbowdragoneyes%20-%20JjasonSalazZ.mp3",
"https://jetsetradiofuture.live/radio/stations/chiptunes/Rainbowdragoneyes%20-%20OVERTHROW%20%28instrumental%29.mp3",
"https://jetsetradiofuture.live/radio/stations/chiptunes/Rainbowdragoneyes%20-%20Plunder%20Or%20Perish%20Main%20Theme.mp3",
"https://jetsetradiofuture.live/radio/stations/chiptunes/Rainbowdragoneyes%20-%20Punch%20You.mp3",
"https://jetsetradiofuture.live/radio/stations/chiptunes/Rainbowdragoneyes%20-%20Thrashbaath.mp3",
"https://jetsetradiofuture.live/radio/stations/chiptunes/Rainbowdragoneyes%20-%20Universe%20On%20Fire%20%2816-Bit%20Universe%20mix%29.mp3",
"https://jetsetradiofuture.live/radio/stations/chiptunes/RoboRob%20-%20Is%20This%20Chiptune.mp3",
"https://jetsetradiofuture.live/radio/stations/chiptunes/Sabrepulse%20-%20Close%20To%20Me.mp3",
"https://jetsetradiofuture.live/radio/stations/chiptunes/SABREPULSE%20-%20DARK%20LIGHTNING.mp3",
"https://jetsetradiofuture.live/radio/stations/chiptunes/Sabrepulse%20-%20Famicom%20Connection.mp3",
"https://jetsetradiofuture.live/radio/stations/chiptunes/Sabrepulse%20-%20Massive%20Damage.mp3",
"https://jetsetradiofuture.live/radio/stations/chiptunes/Sabrepulse%20-%20Party%20Bomb.mp3",
"https://jetsetradiofuture.live/radio/stations/chiptunes/Sabrepulse%20-%20Phalanx.mp3",
"https://jetsetradiofuture.live/radio/stations/chiptunes/SABREPULSE%20-%20PHANTOM.mp3",
"https://jetsetradiofuture.live/radio/stations/chiptunes/Sabrepulse%20-%20The%20Fourth%20Sequence.mp3",
"https://jetsetradiofuture.live/radio/stations/chiptunes/Shirobon%20-%2011%20J-E-N-O-V-A%20%28FF7%20Cover%29.mp3",
"https://jetsetradiofuture.live/radio/stations/chiptunes/Shirobon%20-%20Army%20Of%20The%20Abyss.mp3",
"https://jetsetradiofuture.live/radio/stations/chiptunes/Shirobon%20-%20Crystals.mp3",
"https://jetsetradiofuture.live/radio/stations/chiptunes/Shirobon%20-%20Cyberstrike%20ft.%20Sabrepulse.mp3",
"https://jetsetradiofuture.live/radio/stations/chiptunes/Shirobon%20-%20FOX.mp3",
"https://jetsetradiofuture.live/radio/stations/chiptunes/Shirobon%20-%20Lightspeed%20Lucy.mp3",
"https://jetsetradiofuture.live/radio/stations/chiptunes/Snesei%20-%204%20Ever%20%26%20Ever.mp3",
"https://jetsetradiofuture.live/radio/stations/chiptunes/Snesei%20-%20A%20Geisha%27s%20Dream%20%28Naoki%20Cover%29.mp3",
"https://jetsetradiofuture.live/radio/stations/chiptunes/Snesei%20-%20Button%20Mash.mp3",
"https://jetsetradiofuture.live/radio/stations/chiptunes/Snesei%20-%20Finster.mp3",
"https://jetsetradiofuture.live/radio/stations/chiptunes/Snesei%20-%20Virtual%20Epilepsy.mp3",
"https://jetsetradiofuture.live/radio/stations/chiptunes/Snesei%20ft.%20The%20One%20Electonic%20-%20%20Carpig%20X.mp3",
"https://jetsetradiofuture.live/radio/stations/chiptunes/Snesei%20ft.%20The%20One%20Electonic%20-%20Booster%20Packs.mp3",
"https://jetsetradiofuture.live/radio/stations/chiptunes/Snesei%20ft.%20The%20One%20Electonic%20-%20Presidents%20Day.mp3",
"https://jetsetradiofuture.live/radio/stations/chiptunes/Trash80%20-%20Cascadia.mp3",
"https://jetsetradiofuture.live/radio/stations/chiptunes/Trash80%20-%20Icarus.mp3",
"https://jetsetradiofuture.live/radio/stations/chiptunes/Trash80%20-%20Missing%20You.mp3",
"https://jetsetradiofuture.live/radio/stations/chiptunes/Trey%20Frey%20-%20Airglow.mp3",
"https://jetsetradiofuture.live/radio/stations/chiptunes/Trey%20Frey%20-%20Daisy.mp3",
"https://jetsetradiofuture.live/radio/stations/chiptunes/Trey%20Frey%20-%20Phantasmagoria.mp3",
"https://jetsetradiofuture.live/radio/stations/chiptunes/XINON%20-%20AMBER%20JAM.mp3",
"https://jetsetradiofuture.live/radio/stations/chiptunes/Xyce%20-%20biscuit.mp3",
"https://jetsetradiofuture.live/radio/stations/chiptunes/Xyce%20-%20cloture%20de%20jardin.mp3",
"https://jetsetradiofuture.live/radio/stations/chiptunes/Xyce%20-%20dreidel.mp3",
"https://jetsetradiofuture.live/radio/stations/chiptunes/Xyce%20-%20feuilles.mp3",
"https://jetsetradiofuture.live/radio/stations/chiptunes/Xyce%20-%20je%20suis%20baguette.mp3",
"https://jetsetradiofuture.live/radio/stations/chiptunes/Xyce%20-%20mosaik%20ft%20radix.mp3",
"https://jetsetradiofuture.live/radio/stations/chiptunes/Xyce%20-%20ngen%20racer.mp3",
"https://jetsetradiofuture.live/radio/stations/chiptunes/Xyce%20-%20not%20it.mp3",
"https://jetsetradiofuture.live/radio/stations/chiptunes/Xyce%20-%20ombres.mp3",
"https://jetsetradiofuture.live/radio/stations/chiptunes/Xyce%20-%20papillons%20ft%20malmen.mp3",
"https://jetsetradiofuture.live/radio/stations/chiptunes/Zekk%20-%20Zealous%20Hearts.mp3",
