outerspace,
"https://jetsetradiofuture.live/radio/stations/outerspace/Astrud%20Gilberto%20-%20Fly%20Me%20To%20The%20Moon%20%28Kaskade%20Remix%29.mp3",
"https://jetsetradiofuture.live/radio/stations/outerspace/Beach%20House%20-%20Space%20Song.mp3",
"https://jetsetradiofuture.live/radio/stations/outerspace/Beastie%20Boys%20-%20Intergalactic%20%28Psymbionic%20Remix%29.mp3",
"https://jetsetradiofuture.live/radio/stations/outerspace/Coldplay%20-%20Sky%20Full%20Of%20Stars%20%28Instant%20Party%20TRAP%20REMIX%29.mp3",
"https://jetsetradiofuture.live/radio/stations/outerspace/Cut%20Chemist%20-%20A%20Peak%20in%20Time.mp3",
"https://jetsetradiofuture.live/radio/stations/outerspace/Daft%20Punk%20-%20Solar%20Sailer%20%28Pretty%20Lights%20Remix%29.mp3",
"https://jetsetradiofuture.live/radio/stations/outerspace/DANGERDOOM%20-%20Space%20Hos.mp3",
"https://jetsetradiofuture.live/radio/stations/outerspace/David%20Bowie%20-%20Space%20Oddity%20%28SpaceX%20Remix%29.mp3",
"https://jetsetradiofuture.live/radio/stations/outerspace/David%20Bowie%20-%20Space%20Oddity%20%28Virgin%20Magnetic%20Material%20Remix%29.mp3",
"https://jetsetradiofuture.live/radio/stations/outerspace/Dex%20Dubious%20-%20In%20Space.mp3",
"https://jetsetradiofuture.live/radio/stations/outerspace/Dicepticon%20-%20Space%20Drifter.mp3",
"https://jetsetradiofuture.live/radio/stations/outerspace/Digitalism%20-%20Echoes.mp3",
"https://jetsetradiofuture.live/radio/stations/outerspace/DJ%20Revolution%20-%20Invaders%20From%20The%20Planet%20Sqratch%20%28Feat%20DJ%20Qbert%29.mp3",
"https://jetsetradiofuture.live/radio/stations/outerspace/Elton%20John%20-%20Rocket%20Man%20%2803%20Remix%29.mp3",
"https://jetsetradiofuture.live/radio/stations/outerspace/Europe%20-%20The%20Final%20Countdown%20%28Hyperclap%20TRAP%20REMIX%29.mp3",
"https://jetsetradiofuture.live/radio/stations/outerspace/Fingathing%20-%20Rock%20The%20Whole%20Planet.mp3",
"https://jetsetradiofuture.live/radio/stations/outerspace/Fingathing%20-%20Walk%20in%20Space.mp3",
"https://jetsetradiofuture.live/radio/stations/outerspace/Frank%20Sinatra%20-%20Fly%20Me%20To%20The%20Moon%20%28Cee%20Roo%20Remix%29.mp3",
"https://jetsetradiofuture.live/radio/stations/outerspace/Frank%20Sinatra%20-%20Fly%20Me%20To%20The%20Moon%20%28Mattrixx%20Remix%29.mp3",
"https://jetsetradiofuture.live/radio/stations/outerspace/Frank%20Sinatra%20-%20Fly%20Me%20To%20The%20Moon%20%28YungRhythm%20Lofi%29.mp3",
"https://jetsetradiofuture.live/radio/stations/outerspace/Freeland%20-%20Supernatural%20Thing.mp3",
"https://jetsetradiofuture.live/radio/stations/outerspace/Jean-Jacques%20Perrey%20-%20EVA.mp3",
"https://jetsetradiofuture.live/radio/stations/outerspace/John%20Lennon%20-%20Across%20the%20Universe%20%28ELECTRIC%20DANDELOIN%20REMIX%29.mp3",
"https://jetsetradiofuture.live/radio/stations/outerspace/Kraftwerk%20-%20Spacelab%20%28vectorial%20version%29.mp3",
"https://jetsetradiofuture.live/radio/stations/outerspace/Muse%20-%20Supermassive%20Black%20Hole%20%28efgan%20Remix%29.mp3",
"https://jetsetradiofuture.live/radio/stations/outerspace/Muse%20-%20Supermassive%20Black%20Hole%20%28Slow%20Sense%20%26%20Jumper%20Remix%29.mp3",
"https://jetsetradiofuture.live/radio/stations/outerspace/Oasis%20-%20Champagne%20Supernova%20%28Lynchmob%20Beats%20Mix%29.mp3",
"https://jetsetradiofuture.live/radio/stations/outerspace/Oasis%20-%20Champagne%20Supernova%20%28Trap%20Remix%29.mp3",
"https://jetsetradiofuture.live/radio/stations/outerspace/Portishead%20-%20Wandering%20Star%20%28Soaring%20Man%20Remix%29.mp3",
"https://jetsetradiofuture.live/radio/stations/outerspace/Psyche%20Origami%20-%20Wherever%20You%20Are.mp3",
"https://jetsetradiofuture.live/radio/stations/outerspace/Smash%20Mouth%20-%20Satellite.mp3",
"https://jetsetradiofuture.live/radio/stations/outerspace/Smash%20Mouth%20-%20Who%27s%20There.mp3",
"https://jetsetradiofuture.live/radio/stations/outerspace/Soundgarden%20-%20Black%20Hole%20Sun%20%28Binaural%20Space%20Ballad%20Remix%29.mp3",
"https://jetsetradiofuture.live/radio/stations/outerspace/Soundgarden%20-%20Black%20Hole%20Sun%20%28GoldFish%20Tribute%20Mix%29.mp3",
"https://jetsetradiofuture.live/radio/stations/outerspace/Suhov%20-%20Different.mp3",
"https://jetsetradiofuture.live/radio/stations/outerspace/TM%20Juke%20-%20Bees%20On%20Mars.mp3",
"https://jetsetradiofuture.live/radio/stations/outerspace/Towa%20Tei%20-%20Technova%20%28La%20Em%20Copacabana%29.mp3",
"https://jetsetradiofuture.live/radio/stations/outerspace/Train%20-%20Drops%20Of%20Jupiter%20%28LeMove%20%26%20Fuzz%20Jr%20Remix%29.mp3",
"https://jetsetradiofuture.live/radio/stations/outerspace/Underground%20Resistance%20-%20The%20Final%20Frontier.mp3",
"https://jetsetradiofuture.live/radio/stations/outerspace/Unknown%20-%20Voyager%20%28Broke%20One%20Remix%29.mp3",
"https://jetsetradiofuture.live/radio/stations/outerspace/Wagon%20Christ%20-%20Mr%20Mukatsuku.mp3",
