memoriesoftokyoto,
"https://jetsetradiofuture.live/radio/stations/memoriesoftokyoto/2%20Mello%20-%2024%20Hour%20Party%20People.mp3",
"https://jetsetradiofuture.live/radio/stations/memoriesoftokyoto/2%20Mello%20-%20Ba-da-Ba.mp3",
"https://jetsetradiofuture.live/radio/stations/memoriesoftokyoto/2%20Mello%20-%20Benten-cho%20Boogie.mp3",
"https://jetsetradiofuture.live/radio/stations/memoriesoftokyoto/2%20Mello%20-%20BIG%20BEAST.mp3",
"https://jetsetradiofuture.live/radio/stations/memoriesoftokyoto/2%20Mello%20-%20Diggin%20It%20Baby.mp3",
"https://jetsetradiofuture.live/radio/stations/memoriesoftokyoto/2%20Mello%20-%20Getaway.mp3",
"https://jetsetradiofuture.live/radio/stations/memoriesoftokyoto/2%20Mello%20-%20Here%20I%20Go.mp3",
"https://jetsetradiofuture.live/radio/stations/memoriesoftokyoto/2%20Mello%20-%20Jet%20Set%20Classic%20%28Interlude%29.mp3",
"https://jetsetradiofuture.live/radio/stations/memoriesoftokyoto/2%20Mello%20-%20Midnight%20In%20Tokyo-to.mp3",
"https://jetsetradiofuture.live/radio/stations/memoriesoftokyoto/2%20Mello%20-%20Old%20To%20The%20New.mp3",
"https://jetsetradiofuture.live/radio/stations/memoriesoftokyoto/2%20Mello%20-%20Poison%20Jam.mp3",
"https://jetsetradiofuture.live/radio/stations/memoriesoftokyoto/2%20Mello%20-%20Pump%20Up%20The%20Love.mp3",
"https://jetsetradiofuture.live/radio/stations/memoriesoftokyoto/2%20Mello%20-%20Reach%20Out.mp3",
"https://jetsetradiofuture.live/radio/stations/memoriesoftokyoto/2%20Mello%20-%20Rock%20The%20Beat.mp3",
"https://jetsetradiofuture.live/radio/stations/memoriesoftokyoto/2%20Mello%20-%20Say%20Somethin.mp3",
"https://jetsetradiofuture.live/radio/stations/memoriesoftokyoto/2%20Mello%20-%20Tag%20Walls%2C%20Punch%20Fascists.mp3",
"https://jetsetradiofuture.live/radio/stations/memoriesoftokyoto/2%20Mello%20-%20You%20Like%20That.mp3",
