lethalleagueblaze,
"https://jetsetradiofuture.live/radio/stations/lethalleagueblaze/AAron%20EVO%20-%20Beverly%20Chills.mp3",
"https://jetsetradiofuture.live/radio/stations/lethalleagueblaze/B.%20Bravo%20%26%20Lean%20Rock%20-%20Shred.mp3",
"https://jetsetradiofuture.live/radio/stations/lethalleagueblaze/Bignic%20-%20Ruiner.mp3",
"https://jetsetradiofuture.live/radio/stations/lethalleagueblaze/Bignic%20-%20Scream.mp3",
"https://jetsetradiofuture.live/radio/stations/lethalleagueblaze/D%20Fast%20-%20Jungaaaa.mp3",
"https://jetsetradiofuture.live/radio/stations/lethalleagueblaze/D%20Fast%20-%20Whipz.mp3",
"https://jetsetradiofuture.live/radio/stations/lethalleagueblaze/Doctor%20Lazer%20-%20Headbangeren.mp3",
"https://jetsetradiofuture.live/radio/stations/lethalleagueblaze/Doctor%20Lazer%20-%20Thuggin.mp3",
"https://jetsetradiofuture.live/radio/stations/lethalleagueblaze/Frank%20Klepacki%20-%20Decible.mp3",
"https://jetsetradiofuture.live/radio/stations/lethalleagueblaze/Grillo%20-%20Urabon.mp3",
"https://jetsetradiofuture.live/radio/stations/lethalleagueblaze/Hideki%20Naganuma%20-%20AIN%27T%20NOTHIN%27%20LIKE%20A%20FUNKY%20BEAT.mp3",
"https://jetsetradiofuture.live/radio/stations/lethalleagueblaze/Klaus%20Veen%20-%20Dial%20Hop.mp3",
"https://jetsetradiofuture.live/radio/stations/lethalleagueblaze/Klaus%20Veen%20-%20Ordinary%20Days%20V2.mp3",
"https://jetsetradiofuture.live/radio/stations/lethalleagueblaze/Klaus%20Veen%20-%20Ordinary%20Days.mp3",
"https://jetsetradiofuture.live/radio/stations/lethalleagueblaze/Klaus%20Veen%20-%20Snibbit.mp3",
"https://jetsetradiofuture.live/radio/stations/lethalleagueblaze/Olli%20-%20Champthem.mp3",
"https://jetsetradiofuture.live/radio/stations/lethalleagueblaze/Pixelord%20-%20Dominator.mp3",
"https://jetsetradiofuture.live/radio/stations/lethalleagueblaze/Pixelord%20-%20Killa%20Swing.mp3",
"https://jetsetradiofuture.live/radio/stations/lethalleagueblaze/The%20Sleepers%20RecordZ%20ft.%20Nasty%20Den%20-%20Nasty%20Lovers.mp3",
"https://jetsetradiofuture.live/radio/stations/lethalleagueblaze/zeroSCAR%20-%20X.mp3",
