turntablism,
"https://jetsetradiofuture.live/radio/stations/turntablism/10K%20%28Screwed%20%26%20Chopped%20%5BDJ%20Ovadose%20Remix%5D%29%20-%20KB.mp3",
"https://jetsetradiofuture.live/radio/stations/turntablism/this%5BstationName%2B%27_tracks%27%5D%5Bthis%5BstationName%2B%27_tracks%27%5D.length%5D%3D%20Celebrate%20More%20-%20Lecrae%20x%20Andy%20Mineo%20x%20Hulvey%20-Screwed%20%26%20Chopped%20Remix%20by%20DJ%20Ovadose.mp3",
"https://jetsetradiofuture.live/radio/stations/turntablism/City%20Lights%20-%20Screwed%20n%20Chopped%20-%20Phyre%20Garza%20Twin%20Jon%20P%20Koppo%20-%20World%20Rejects%20%5BDJ%20Ovadose%20Remix%5D.mp3",
"https://jetsetradiofuture.live/radio/stations/turntablism/DJ%20Battlecat%20%281990%20DMC%20US%20Finals%29.mp3",
"https://jetsetradiofuture.live/radio/stations/turntablism/DJ%20Jazzy%20Jeff%20-%20Catch%20the%20beat%20%5B1987%5D.mp3",
"https://jetsetradiofuture.live/radio/stations/turntablism/DJ%20Ovadose%20-%20CHH%20Mix.mp3",
"https://jetsetradiofuture.live/radio/stations/turntablism/DJ%20Ovadose%20Live%20-%20CHH%20DJ%20Mix.mp3",
"https://jetsetradiofuture.live/radio/stations/turntablism/DJ%20Ovadose%20-%20WHTCHU%20THINK%20RMX%20%28Chopped%20Up%20Rmx%29.mp3",
"https://jetsetradiofuture.live/radio/stations/turntablism/DJ%20Q-Bert%20%26%20DJ%20Revolution%20-%205%20Minute%20Scratch%20Session%20%28The%20Cut%29.mp3",
"https://jetsetradiofuture.live/radio/stations/turntablism/DJ%20Q-Bert%20-%20Showcase%20%5B2014%20DMC%20NYC%20Regional%5D.mp3",
"https://jetsetradiofuture.live/radio/stations/turntablism/DJ%20SARA%20-%20Freestyle%20Scratch%20%5Bwith%20djay%20Pro%20and%20Reloop%20Beatpad%202%5D.mp3",
"https://jetsetradiofuture.live/radio/stations/turntablism/DJ%20Shota%20-%20%20Mellow%20Works.mp3",
"https://jetsetradiofuture.live/radio/stations/turntablism/DJ%20Shota%20-%20%20Mellow%20Works%202.mp3",
"https://jetsetradiofuture.live/radio/stations/turntablism/DJ%20Shota%20-%20%20Mellow%20Works%203.mp3",
"https://jetsetradiofuture.live/radio/stations/turntablism/DJ%20Shota%20-%20Tenbox%20Mix%2090%27s%20Vibes.mp3",
"https://jetsetradiofuture.live/radio/stations/turntablism/DJ%20Teeboy%20-%20Gospel%20Fathers%20Mix.mp3",
"https://jetsetradiofuture.live/radio/stations/turntablism/Down%20from%20the%20H%20-%20Noexcuse%20%26%20A3%20%28Feat.%20350%29%20-%20DJ%20Ovadose%20Chopped%20Up%20Live.mp3",
"https://jetsetradiofuture.live/radio/stations/turntablism/Eturnul%20-%20The%20Messenger%20%28Feat.%20Angelique%20Jonelle%20_%20Dj%20Mac%20Cummings%29.mp3",
"https://jetsetradiofuture.live/radio/stations/turntablism/Ima%20Rep%20Jesus%20-%20DJ%20Ovadose%20Chopped%20Up%20Remix.mp3",
"https://jetsetradiofuture.live/radio/stations/turntablism/EVERYTHING%20SLOW%20-%20Young%20Cortez%20-%20Puntin%20-%20E.S.G.%20-%20DJ%20Ovadose%20Chopped%20Up%20Remix.mp3",
"https://jetsetradiofuture.live/radio/stations/turntablism/Grandmaster%20Flash%2C%20DJ%20Jazzy%20Jeff%2C%20%26%20DJ%20Kid%20Capri%20-%20Medley%20Live%20Mix.mp3",
"https://jetsetradiofuture.live/radio/stations/turntablism/Lay%20Low%20--%20DJ%20Mykael%20V%20x%20nobigdyl.%20x%20Starringo%20%5BDJ%20Ovadose%20Chopped%20Up%20LIVE%5D.mp3",
"https://jetsetradiofuture.live/radio/stations/turntablism/Left%20Out%20PEABOD%20x%20Chad%20Mattson%20x%20DJ%20Ovadose%20-%20%28Screwed%20%26%20Chopped%20by%20DJ%20Ovadose%29.mp3",
"https://jetsetradiofuture.live/radio/stations/turntablism/Next%20Move%20-%20AyeItsAron%2C%20Lucky%20Luciano%20%26%20Bryann%20T%20Kingdom%20Business%20DJ%27s%20Chopped%20Up%20Remix%20%5BDJ%20Ovadose%5D.mp3",
"https://jetsetradiofuture.live/radio/stations/turntablism/Not%20the%20Same-Lucky%20Luciano-AyeItsAron-DJ%20Ovadose%20Kingdom%20Business%20DJs%20%28Screwed%20n%20Chopped%20Remix%29.mp3",
"https://jetsetradiofuture.live/radio/stations/turntablism/Not%20Too%20Far%20GAWVI%20%28Screwed%20%26%20Chopped%20Remix%20-%20DJ%20Ovadose%29.mp3",
"https://jetsetradiofuture.live/radio/stations/turntablism/Radical%20-%20Sean%20Hunter%20-%20Kingdom%20Business%20DJ%27s%20Screwed%20n%20Chopped%20Remix%20%5BDJ%20Ovadose%5D.mp3",
"https://jetsetradiofuture.live/radio/stations/turntablism/Raise%20the%20Meter%20Torey%20D%27Shaun%20x%20Trip%20Lee%20-%20Screwed%20%26%20Chopped%20Remix%20%5BDJ%20Ovadose%5D.mp3",
"https://jetsetradiofuture.live/radio/stations/turntablism/Restore%20Me%20-%20Thomas%20Nunez%20%26%20Bryann%20T%20-%20Kingdom%20Business%20DJ%27s%20Screwed%20n%20Chopped%20Remix%20%5BDJ%20Ovadose%5D.mp3",
"https://jetsetradiofuture.live/radio/stations/turntablism/Ride%20With%20Us%20-%20Screwed%20N%20Chopped%20-%20John%20Soto%20Phyre%20Garza%20Ric%20Meeks%20Christ%20is%20King%20World%20Rejects%20%5BDJ%20Ovadose%20Remix%5D.mp3",
"https://jetsetradiofuture.live/radio/stations/turntablism/River%20of%20Fire%20Young%20Bro%20x%20DJ%20Ovadose%20%28Screwed%20%26%20Chopped%20Remix%29.mp3",
"https://jetsetradiofuture.live/radio/stations/turntablism/Somos%20Diferente%20-VIC-W%C3%A2%EF%BF%BD%C5%92R%20DJ%20Ovadose%20Screwed%20%26%20Chooped%20Live.mp3",
"https://jetsetradiofuture.live/radio/stations/turntablism/Texas%20Chico%20-%20Chopped%20and%20Screwed%20Live%20by%20DJ%20Ovadose.mp3",
"https://jetsetradiofuture.live/radio/stations/turntablism/TOP%20DOWN%20-%20indie%20tribe%20-%20DJ%20Ovadose%20Chopped%20and%20Screwed%20Remix%20-%20LIVE.mp3",
"https://jetsetradiofuture.live/radio/stations/turntablism/TWYGTS%20Chopped%20%26%20Screwed%20%28feat.%20J.D.%20Hails%20%26%20DJ%20Ovadose%29.mp3",
"https://jetsetradiofuture.live/radio/stations/turntablism/Water%204%20Me%20-%20Chopped%20Up%20LIVE%20%5BDJ%20Ovadose%5D%20--%20Aaron%20Cole%20x%20Parris%20Chariz%20x%20Not%20Klyde.mp3",
"https://jetsetradiofuture.live/radio/stations/turntablism/Willy%20-%20nobigdyl.%20_%20Andy%20Mineo%20Kingdom%20Business%20DJ_s%20%28Chopped%20Up%20Remix%20by%20DJ%20Ovadose%29.mp3",
"https://jetsetradiofuture.live/radio/stations/turntablism/Yes%20and%20No%20%28Screwed%20%26%20Chopped%20by%20DJ%20Ovadose%29%20-%20David%20Dunn.mp3",
"https://jetsetradiofuture.live/radio/stations/turntablism/You%20Will%20-%20Young%20Bro%20%28DJ%20Ovadose%20Chopped%20Up%20Remix%29.mp3",
