olliolliworld,
"https://jetsetradiofuture.live/radio/stations/olliolliworld/Anomalie%20-%20Velours.mp3",
"https://jetsetradiofuture.live/radio/stations/olliolliworld/BNJ%20-%20Toi%26Moi%20%28Boki%20Remix%29%20.mp3",
"https://jetsetradiofuture.live/radio/stations/olliolliworld/Cotton%20Claw%20-%20Leaps%20and%20Bounds.mp3",
"https://jetsetradiofuture.live/radio/stations/olliolliworld/Cotton%20Claw%20-%20Sunset%20Glow.mp3",
"https://jetsetradiofuture.live/radio/stations/olliolliworld/Fardust%20%26%20Azureskye%20-%20Avalanche.mp3",
"https://jetsetradiofuture.live/radio/stations/olliolliworld/Fardust%20-%20Amber.mp3",
"https://jetsetradiofuture.live/radio/stations/olliolliworld/Fardust%20-%20Furo.mp3",
"https://jetsetradiofuture.live/radio/stations/olliolliworld/Fardust%20-%20Komorebi.mp3",
"https://jetsetradiofuture.live/radio/stations/olliolliworld/Fardust%20-%20Shimmer.mp3",
"https://jetsetradiofuture.live/radio/stations/olliolliworld/Jim%20Alxndr%20-%20Fruit%20Salad.mp3",
"https://jetsetradiofuture.live/radio/stations/olliolliworld/Lenny%20De%20luca%20-%20LHIKS%20%28Fardust%20Remix%29.mp3",
"https://jetsetradiofuture.live/radio/stations/olliolliworld/Max%20Fry%20-%20roaming.mp3",
"https://jetsetradiofuture.live/radio/stations/olliolliworld/Nikitch%20%26%20Kuna%20Maze%20-%20Another%20One.mp3",
"https://jetsetradiofuture.live/radio/stations/olliolliworld/Nikitch%20-%20Until%20Next%20Time.mp3",
"https://jetsetradiofuture.live/radio/stations/olliolliworld/Nikitch-%20Not%20so%20Much.mp3",
"https://jetsetradiofuture.live/radio/stations/olliolliworld/Opal%20Block%20-%20Bonnie%20Bobble.mp3",
"https://jetsetradiofuture.live/radio/stations/olliolliworld/Pomrad%20-%20This%20Day.mp3",
"https://jetsetradiofuture.live/radio/stations/olliolliworld/Potatohead%20People%20-%20Returning%20the%20Flavour.mp3",
"https://jetsetradiofuture.live/radio/stations/olliolliworld/Sebastian%20Kame%20%26%20King%20Khamen%20-%20Bless%20You.mp3",
"https://jetsetradiofuture.live/radio/stations/olliolliworld/walk%20-%20seagull..mp3",
"https://jetsetradiofuture.live/radio/stations/olliolliworld/Zerolex%20-%20Ethereal%20%28Nikitch%20remix%29.mp3",
