ggs,
"https://jetsetradiofuture.live/radio/stations/ggs/A%20Skillz%20-%20Good%20Music.mp3",
"https://jetsetradiofuture.live/radio/stations/ggs/A%20Skillz%20-%20Jump%20Around.mp3",
"https://jetsetradiofuture.live/radio/stations/ggs/A%20Skillz%20Stickybuds%20-%20Its%20The%20Music.mp3",
"https://jetsetradiofuture.live/radio/stations/ggs/A%20Skillz%2C%20Dr%20Luke%2C%20Kraftykuts%20-%20Bring%20Back%20The%20Funk.mp3",
"https://jetsetradiofuture.live/radio/stations/ggs/A%20Tribe%20Called%20Quest%20-%20Award%20Tour.mp3",
"https://jetsetradiofuture.live/radio/stations/ggs/A%20Tribe%20Called%20Quest%20-%20Bonita%20Applebum.mp3",
"https://jetsetradiofuture.live/radio/stations/ggs/A%20Tribe%20Called%20Quest%20-%20Can%20I%20Kick%20It.mp3",
"https://jetsetradiofuture.live/radio/stations/ggs/A%20Tribe%20Called%20Quest%20-%20Check%20The%20Rhime.mp3",
"https://jetsetradiofuture.live/radio/stations/ggs/A%20Tribe%20Called%20Quest%20-%20Electric%20Relaxation%20%28Relax%20Yourself%20Girl%29.mp3",
"https://jetsetradiofuture.live/radio/stations/ggs/Aceyalone%20-%20All%20For%20U%20%28RJD2%20Mix%29.mp3",
"https://jetsetradiofuture.live/radio/stations/ggs/Aerobatic%20Funk%20-%20One%20Outs.mp3",
"https://jetsetradiofuture.live/radio/stations/ggs/Ageless%20-%20Seven%20Breaths.mp3",
"https://jetsetradiofuture.live/radio/stations/ggs/Aim%20-%20Just%20Passin%27%20Through.mp3",
"https://jetsetradiofuture.live/radio/stations/ggs/Aim%20-%20Underground%20Crown%20Holders.mp3",
"https://jetsetradiofuture.live/radio/stations/ggs/Alien%20Army%20-%20Scratchoetry.mp3",
"https://jetsetradiofuture.live/radio/stations/ggs/Apollo%20440%20-%20Can%27t%20Stop%20The%20Rock.mp3",
"https://jetsetradiofuture.live/radio/stations/ggs/Arrested%20Development%20-%20Man%27s%20Final%20Frontier.mp3",
"https://jetsetradiofuture.live/radio/stations/ggs/ATCQ%20-%20Can%20I%20Kick%20It%20%28Featurecast%20Remix%29.mp3",
"https://jetsetradiofuture.live/radio/stations/ggs/Atmosphere%20-%20The%20Best%20Day.mp3",
"https://jetsetradiofuture.live/radio/stations/ggs/Atmosphere%20-%20The%20Number%20None.mp3",
"https://jetsetradiofuture.live/radio/stations/ggs/Audio%20Adrenaline%20-%20Big%20House.mp3",
"https://jetsetradiofuture.live/radio/stations/ggs/B%20Visible%20-%20Sweat.mp3",
"https://jetsetradiofuture.live/radio/stations/ggs/BadboE%20-%20Ease%20The%20Funk.mp3",
"https://jetsetradiofuture.live/radio/stations/ggs/BadboE%20-%20Funk%20In%20The%20Air%20%28Fort%20Knox%20Five%20Remix%29.mp3",
"https://jetsetradiofuture.live/radio/stations/ggs/BadboE%20-%20Green%20Power%20Funk.mp3",
"https://jetsetradiofuture.live/radio/stations/ggs/BadboE%20-%20Hercules%20%28Original%20Mix%29.mp3",
"https://jetsetradiofuture.live/radio/stations/ggs/BadboE%20-%20Hit%20It%20Maestro%20feat.%20MC%20Rayna.mp3",
"https://jetsetradiofuture.live/radio/stations/ggs/BadboE%20-%20Make%20It%20Happen%20%28Father%20Funk%20Remix%29.mp3",
"https://jetsetradiofuture.live/radio/stations/ggs/BadboE%20-%20Make%20It%20Happen%20%28Original%20Mix%29.mp3",
"https://jetsetradiofuture.live/radio/stations/ggs/BadboE%20-%20Masterpiece.mp3",
"https://jetsetradiofuture.live/radio/stations/ggs/BadboE%20-%20My%20Bad%20%28Danny%20Massure%20Remix%29.mp3",
"https://jetsetradiofuture.live/radio/stations/ggs/BadboE%20-%20My%20Bad%20%28Jayl%20Funk%20Remix%29.mp3",
"https://jetsetradiofuture.live/radio/stations/ggs/BadboE%20-%20My%20Bad%20%28Omegaman%20Remix%29.mp3",
"https://jetsetradiofuture.live/radio/stations/ggs/BadboE%20-%20My%20Bad%20%28Original%20Mix%29.mp3",
"https://jetsetradiofuture.live/radio/stations/ggs/BadboE%20-%20One%20Of%20Those%20Days%20%28Pimpsoul%20Remix%29.mp3",
"https://jetsetradiofuture.live/radio/stations/ggs/BadboE%20-%20Rescue%20Me%20%28BigM%20Remix%29.mp3",
"https://jetsetradiofuture.live/radio/stations/ggs/BadboE%20-%20What%20You%20Wanna%20Do%20%28Funkanomics%20Remix%29.mp3",
"https://jetsetradiofuture.live/radio/stations/ggs/BadboE%20-%20Work%20It%20Out%20feat%20Michael%20DeVellis.mp3",
"https://jetsetradiofuture.live/radio/stations/ggs/BadboE%20vs%20Prosper%20-%20Too%20Hot%20To%20Handle.mp3",
"https://jetsetradiofuture.live/radio/stations/ggs/Bagjac%20-%20Hello%20Alison%20%28Freek%20Remix%29.mp3",
"https://jetsetradiofuture.live/radio/stations/ggs/Bagjac%20-%20Higher%20Plain%20of%20Funk.mp3",
"https://jetsetradiofuture.live/radio/stations/ggs/Bagjac%20-%20Look%20at%20the%20Funk.mp3",
"https://jetsetradiofuture.live/radio/stations/ggs/Bagjac%20-%20Menu%20Music.mp3",
"https://jetsetradiofuture.live/radio/stations/ggs/Bart%20Baker%20%26%20Slim%20Gaillard%20-%20Communication.mp3",
"https://jetsetradiofuture.live/radio/stations/ggs/Basement%20Jaxx%20-%20Do%20Your%20Thing.mp3",
"https://jetsetradiofuture.live/radio/stations/ggs/Bat%20Soul%20Brother%20-%20Fatboy%20Slim%20vs%20Batman.mp3",
"https://jetsetradiofuture.live/radio/stations/ggs/Beastie%20Boys%20-%20Flute%20Loop.mp3",
"https://jetsetradiofuture.live/radio/stations/ggs/Beastie%20Boys%20-%20Hey%20Ladies%20%28Fare%20Soldi%20Remix%29.mp3",
"https://jetsetradiofuture.live/radio/stations/ggs/Beastie%20Boys%20-%20Sabotage%20%28Alex%20Metric%20Re-Edit%29.mp3",
"https://jetsetradiofuture.live/radio/stations/ggs/Beastie%20Boys%20-%20Sabotage.mp3",
"https://jetsetradiofuture.live/radio/stations/ggs/Beastie%20Boys%20-%20So%20What%20Cha%20Want.mp3",
"https://jetsetradiofuture.live/radio/stations/ggs/Beastie%20Boys%20-%20Sure%20Shot.mp3",
"https://jetsetradiofuture.live/radio/stations/ggs/Beat%20Fatigue%20-%20Bearded%20Dragon.mp3",
"https://jetsetradiofuture.live/radio/stations/ggs/Beat%20Fatigue%20-%20Funky%20Borderline.mp3",
"https://jetsetradiofuture.live/radio/stations/ggs/Beat%20Fatigue%20-%20Whoopie%20Funkberg.mp3",
"https://jetsetradiofuture.live/radio/stations/ggs/Beck%20-%20Go%20It%20Alone.mp3",
"https://jetsetradiofuture.live/radio/stations/ggs/Bigger%20Than%20A%20Hiphoppapotamus%20-%20Hiphoppapotamus.mp3",
"https://jetsetradiofuture.live/radio/stations/ggs/BlackDoe%20-%20Stampede.mp3",
"https://jetsetradiofuture.live/radio/stations/ggs/Blue%20Stahli%20-%20The%20Perfect%20Heist.mp3",
"https://jetsetradiofuture.live/radio/stations/ggs/Bobby%20C%20Sound%20TV%20-%20Roller%20Soul.mp3",
"https://jetsetradiofuture.live/radio/stations/ggs/Bobby%20McFerrin%20-%20Don%27t%20Worry%20Be%20Happy%20%28Father%20Funk%20Remix%29.mp3",
"https://jetsetradiofuture.live/radio/stations/ggs/Bonobo%20-%20Kong.mp3",
"https://jetsetradiofuture.live/radio/stations/ggs/Boogalox%20-%20Chez%20Les%20Ye%20Ye.mp3",
"https://jetsetradiofuture.live/radio/stations/ggs/BotanicSage%20-%20Super%20Ink%20Shooter.mp3",
"https://jetsetradiofuture.live/radio/stations/ggs/Brian%20Witzig%20-%20Aint%20Right.mp3",
"https://jetsetradiofuture.live/radio/stations/ggs/Brock%20Berrigan%20-%20Four%20Walls%20And%20An%20Amplifier.mp3",
"https://jetsetradiofuture.live/radio/stations/ggs/Brothe%20Q%20-%20Fifth%20Member.mp3",
"https://jetsetradiofuture.live/radio/stations/ggs/Brother%20Ali%20-%20Blah%20Blah%20Blah.mp3",
"https://jetsetradiofuture.live/radio/stations/ggs/Butter%2008%20-%20Shut%20Up.mp3",
"https://jetsetradiofuture.live/radio/stations/ggs/C2C%20-%20Delta.mp3",
"https://jetsetradiofuture.live/radio/stations/ggs/C2C%20-%20Down%20The%20Road%20%28Detta%20Remix%29.mp3",
"https://jetsetradiofuture.live/radio/stations/ggs/C2C%20-%20Down%20the%20Road.mp3",
"https://jetsetradiofuture.live/radio/stations/ggs/C2C%20-%20Happy%20%28feat.%20Derek%20Martin%29.mp3",
"https://jetsetradiofuture.live/radio/stations/ggs/C2C%20-%20Mack%20The%20Knife%20%28Louis%20Armstrong%20Remix%29.mp3",
"https://jetsetradiofuture.live/radio/stations/ggs/Cage%20The%20Elephant%20-%20Ain%27t%20No%20Rest%20For%20The%20Wicked%20%28Schematic%20Remix%29.mp3",
"https://jetsetradiofuture.live/radio/stations/ggs/Cal%20Tjader%20-%20Large%20Professor%20Tjaz%20Remix.mp3",
"https://jetsetradiofuture.live/radio/stations/ggs/Canosis%20-%20BreakaDisco.mp3",
"https://jetsetradiofuture.live/radio/stations/ggs/Caravan%20Palace%20-%20Beatophone%20%28Club%20Mix%29.mp3",
"https://jetsetradiofuture.live/radio/stations/ggs/Caravan%20Palace%20-%20Comics%20%28Swing%20Thru%29.mp3",
"https://jetsetradiofuture.live/radio/stations/ggs/Caravan%20Palace%20-%20Comics.mp3",
"https://jetsetradiofuture.live/radio/stations/ggs/Caravan%20Palace%20-%20The%20Dirty%20Side%20of%20the%20Street.mp3",
"https://jetsetradiofuture.live/radio/stations/ggs/Cedric%20Menendez%20-%20City%20Theme.mp3",
"https://jetsetradiofuture.live/radio/stations/ggs/Cedric%20Menendez%20-%20Night%20Ambiance.mp3",
"https://jetsetradiofuture.live/radio/stations/ggs/Cee%20Roo%20-%20Give%20It%20Up.mp3",
"https://jetsetradiofuture.live/radio/stations/ggs/Cel%20Damage%20Music%20-%20Wild%20Wooly%20West.mp3",
"https://jetsetradiofuture.live/radio/stations/ggs/Chinese%20Man%20-%20Artichaut.mp3",
"https://jetsetradiofuture.live/radio/stations/ggs/Cibo%20Matto%20-%20King%20of%20Silence%20%28Dan%20the%20Automator%20Remix%29.mp3",
"https://jetsetradiofuture.live/radio/stations/ggs/Craig%20Mack%20-%20Flava%20In%20Ya%20Ear%20%28Instrumental%29.mp3",
"https://jetsetradiofuture.live/radio/stations/ggs/Cut%20Chemist%20-%20A%20Peak%20in%20Time.mp3",
"https://jetsetradiofuture.live/radio/stations/ggs/Cypress%20Hill%20-%20Insane%20In%20The%20Brain.mp3",
"https://jetsetradiofuture.live/radio/stations/ggs/Cypress%20Hill%20-%20The%20Phunky%20Feel%20One%20%28Extended%29.mp3",
"https://jetsetradiofuture.live/radio/stations/ggs/DANGERDOOM%20-%20Space%20Hos.mp3",
"https://jetsetradiofuture.live/radio/stations/ggs/Danny%20Breaks%20-%20Moodulator.mp3",
"https://jetsetradiofuture.live/radio/stations/ggs/Das%20EFX%20-%20Real%20Hip%20Hop.mp3",
"https://jetsetradiofuture.live/radio/stations/ggs/David%20TV%20Band%20-%20Horny%20Old%20Man.mp3",
"https://jetsetradiofuture.live/radio/stations/ggs/De%20La%20Funke%20-%20Shall%20We%20Go.mp3",
"https://jetsetradiofuture.live/radio/stations/ggs/De%20La%20Soul%20-%20A%20Roller%20Skating%20Jam%20Named%20Saturdays.mp3",
"https://jetsetradiofuture.live/radio/stations/ggs/Del%20The%20Funky%20Homosapian%20-%20Burnt.mp3",
"https://jetsetradiofuture.live/radio/stations/ggs/Del%20the%20Funky%20Homosapien%20-%20Burnt.mp3",
"https://jetsetradiofuture.live/radio/stations/ggs/Del%20the%20Funky%20Homosapien%20-%20Mistadobalina.mp3",
"https://jetsetradiofuture.live/radio/stations/ggs/Deluxe%20Feat%20A%20State%20Of%20Mind%20-%20Breaking%20News.mp3",
"https://jetsetradiofuture.live/radio/stations/ggs/Dephicit%20%26%20Kotch%20-%20Bag%20It%20Up.mp3",
"https://jetsetradiofuture.live/radio/stations/ggs/Dex%20Dubious%20-%20In%20Space.mp3",
"https://jetsetradiofuture.live/radio/stations/ggs/Dexter%20Curtin%20%26%20Timo%20Manson%20-%20Swing%20Dein%20Ding.mp3",
"https://jetsetradiofuture.live/radio/stations/ggs/Digable%20Planets%20-%20Rebirth%20Of%20Slick%20%28Cool%20Like%20Dat%29.mp3",
"https://jetsetradiofuture.live/radio/stations/ggs/Diode%20-%20Good%20Morning%20Emotion.mp3",
"https://jetsetradiofuture.live/radio/stations/ggs/DJ%20Disse%20-%20Break%20On%20Through.mp3",
"https://jetsetradiofuture.live/radio/stations/ggs/DJ%20Disse%20-%20Riders%20In%20The%20Storm.mp3",
"https://jetsetradiofuture.live/radio/stations/ggs/DJ%20Food%20-%20Mr%20Quickie%20Cuts%20The%20Cheese.mp3",
"https://jetsetradiofuture.live/radio/stations/ggs/DJ%20Format%20-%20The%20Turning%20Point.mp3",
"https://jetsetradiofuture.live/radio/stations/ggs/DJ%20Format%20feat%20Charli%202na%20%26%20Akil%20-%20We%20Know%20Something%20You%20Don%27t%20Know.mp3",
"https://jetsetradiofuture.live/radio/stations/ggs/DJ%20Frane%20-%20Hydroponic%20Jungle%20Throwdown.mp3",
"https://jetsetradiofuture.live/radio/stations/ggs/DJ%20Hiphoppapotamus%20-%20Bigger%20Than%20A%20Hiphoppapotamus.mp3",
"https://jetsetradiofuture.live/radio/stations/ggs/DJ%20Jeff%20-%20Change%20the%20Scratch.mp3",
"https://jetsetradiofuture.live/radio/stations/ggs/DJ%20Logic%20-%20Sheas%20Groove.mp3",
"https://jetsetradiofuture.live/radio/stations/ggs/DJ%20Max-E%20-%20Who%27s%20Bad%20Now.mp3",
"https://jetsetradiofuture.live/radio/stations/ggs/DJ%20Qbert%20-%20Invasion%20Of%20The%20Octopus%20People.mp3",
"https://jetsetradiofuture.live/radio/stations/ggs/DJ%20Qbert%20-%20Jiu%20Jitsu%20%28feat%20DJ%20Iq%29.mp3",
"https://jetsetradiofuture.live/radio/stations/ggs/DJ%20Qbert%20-%20Sneak%20Attack.mp3",
"https://jetsetradiofuture.live/radio/stations/ggs/DJ%20Revolution%20-%20Invaders%20From%20The%20Planet%20Sqratch%20%28Feat%20DJ%20Qbert%29.mp3",
"https://jetsetradiofuture.live/radio/stations/ggs/DJ%20Spinbad%20-%20Itchy%20Vinyl%20Session%20PT2%20Babylon%205.mp3",
"https://jetsetradiofuture.live/radio/stations/ggs/DJ%20Yoda%20-%20Walking%20The%20Blues.mp3",
"https://jetsetradiofuture.live/radio/stations/ggs/Dream%20Warriors%20-%20It%27s%20A%20Project%20Thing.mp3",
"https://jetsetradiofuture.live/radio/stations/ggs/Dutty%20Moonshine%20%26%20Kid%20Kasino%20-%20Everybody.mp3",
"https://jetsetradiofuture.live/radio/stations/ggs/El%20P%20-%20Lazerface%20Warning%20%28RJD2%20Remix%29.mp3",
"https://jetsetradiofuture.live/radio/stations/ggs/Elvis%20Presley%20-%20Baby%20Let%27s%20Play%20House%20%28Spankox%20Remix%29.mp3",
"https://jetsetradiofuture.live/radio/stations/ggs/Elvis%20Presley%20-%20Rubberneckin%27%20%28Paul%20Oakenfold%20Remix%29.mp3",
"https://jetsetradiofuture.live/radio/stations/ggs/Emiljo%20AC%20-%20Come%20Together%20%28Beatles%20Remix%29.mp3",
"https://jetsetradiofuture.live/radio/stations/ggs/Emiljo%20AC%20-%20Purple%20Sunset.mp3",
"https://jetsetradiofuture.live/radio/stations/ggs/Eric%20B%20and%20Rakim%20-%20Don%27t%20Sweat%20The%20Technique.mp3",
"https://jetsetradiofuture.live/radio/stations/ggs/Eturnul%20-%20The%20Messenger%20%28Feat.%20Angelique%20Jonelle%20%26%20Dj%20Mac%20Cummings%29.mp3",
"https://jetsetradiofuture.live/radio/stations/ggs/EZ%20Roller%20-%20It%27s%20Murder.mp3",
"https://jetsetradiofuture.live/radio/stations/ggs/F-Fields%20-%20Yellow%20Bream.mp3",
"https://jetsetradiofuture.live/radio/stations/ggs/Fat%20Jon%20-%20Sins.mp3",
"https://jetsetradiofuture.live/radio/stations/ggs/Fat%20Jon%20-%20Then.mp3",
"https://jetsetradiofuture.live/radio/stations/ggs/Fatboy%20Slim%20-%20Always%20Read%20The%20Label.mp3",
"https://jetsetradiofuture.live/radio/stations/ggs/Fatboy%20Slim%20-%20Praise%20You.mp3",
"https://jetsetradiofuture.live/radio/stations/ggs/Fatboy%20Slim%20-%20Rockafeller%20Skank.mp3",
"https://jetsetradiofuture.live/radio/stations/ggs/Fatboy%20Slim%20-%20Weapon%20of%20Choice%20%28Tom%20Drummond%20Remix%29.mp3",
"https://jetsetradiofuture.live/radio/stations/ggs/Fatboy%20Slim%20-%20You%27re%20Not%20From%20Brighton.mp3",
"https://jetsetradiofuture.live/radio/stations/ggs/FDEL%20-%20Instrumental%20Proficiency.mp3",
"https://jetsetradiofuture.live/radio/stations/ggs/FDEL%20-%20Ladies%20and%20Gentlemen.mp3",
"https://jetsetradiofuture.live/radio/stations/ggs/FDEL%20-%20Rocksteady.mp3",
"https://jetsetradiofuture.live/radio/stations/ggs/Feature%20Cast%20-%20Channel%20Surfing.mp3",
"https://jetsetradiofuture.live/radio/stations/ggs/Featurecast%20-%20Recipe%20For%20The%20Perfect%20Afro.mp3",
"https://jetsetradiofuture.live/radio/stations/ggs/Fingathing%20-%20Rock%20The%20Whole%20Planet.mp3",
"https://jetsetradiofuture.live/radio/stations/ggs/Force%20of%20Nature%20-%20Death%20Wish.mp3",
"https://jetsetradiofuture.live/radio/stations/ggs/Fort%20Knox%20Five%20-%20The%20Brazilian%20Hipster.mp3",
"https://jetsetradiofuture.live/radio/stations/ggs/Freestylers%20-%20Spaced%20Invader.mp3",
"https://jetsetradiofuture.live/radio/stations/ggs/Fu%20Schnickens%20-%20Express%20Yourself%20feat%20Roger%20Troutman.mp3",
"https://jetsetradiofuture.live/radio/stations/ggs/Funkadelic%20-%20I%20Got%20a%20Thing%2C%20You%20Got%20a%20Thing%2C%20Everybody%27s%20Got%20a%20Thing.mp3",
"https://jetsetradiofuture.live/radio/stations/ggs/Funkstar%20De%20Luxe%20-%20Ignition.mp3",
"https://jetsetradiofuture.live/radio/stations/ggs/Fuzz%20Townshend%20-%20Smash%20It.mp3",
"https://jetsetradiofuture.live/radio/stations/ggs/G%20Bonson%20-%20Rokdadiskotek.mp3",
"https://jetsetradiofuture.live/radio/stations/ggs/G%20Bonson%20-%20Stop.mp3",
"https://jetsetradiofuture.live/radio/stations/ggs/Galactic%20-%20Church.mp3",
"https://jetsetradiofuture.live/radio/stations/ggs/Galactic%20-%20Do%20It%20Again%20%28Featuring%20Cheeky%20Blakk%29.mp3",
"https://jetsetradiofuture.live/radio/stations/ggs/Galactic%20-%20Ya%20Ka%20May.mp3",
"https://jetsetradiofuture.live/radio/stations/ggs/General%20Electriks%20-%20Raid%20The%20Radio%20%28Mateo%20Remix%29.mp3",
"https://jetsetradiofuture.live/radio/stations/ggs/Ghetto%20Funk%20-%20Cant%20Stomp.mp3",
"https://jetsetradiofuture.live/radio/stations/ggs/Ghetto%20Funk%20-%20Soul%20Goodman.mp3",
"https://jetsetradiofuture.live/radio/stations/ggs/Ghetto%20Funk%20ICONS%20-%20Fell%20In%20Love%20With%20A%20Girl%20%28Lewd%20Behaviour%20Remix%29.mp3",
"https://jetsetradiofuture.live/radio/stations/ggs/Gorillaz%20-%2019%202000%20%28Soulchild%20Remix%29.mp3",
"https://jetsetradiofuture.live/radio/stations/ggs/Gorillaz%20-%20Clint%20Eastwood.mp3",
"https://jetsetradiofuture.live/radio/stations/ggs/Gorillaz%20-%20Dare.mp3",
"https://jetsetradiofuture.live/radio/stations/ggs/Gorillaz%20-%20Dirty%20Harry.mp3",
"https://jetsetradiofuture.live/radio/stations/ggs/Gorillaz%20-%20Left%20Hand%20Suzuki%20Method.mp3",
"https://jetsetradiofuture.live/radio/stations/ggs/Gorillaz%20-%20People.mp3",
"https://jetsetradiofuture.live/radio/stations/ggs/Gorillaz%20-%20Re-Hash.mp3",
"https://jetsetradiofuture.live/radio/stations/ggs/Gorillaz%20-%20Sleeping%20Powder.mp3",
"https://jetsetradiofuture.live/radio/stations/ggs/Gorillaz%20-%20Spitting%20Out%20The%20Demons.mp3",
"https://jetsetradiofuture.live/radio/stations/ggs/Gramatik%20-%20Boom%20Bap%20Reinstated.mp3",
"https://jetsetradiofuture.live/radio/stations/ggs/Gramatik%20-%20Break%20Loose.mp3",
"https://jetsetradiofuture.live/radio/stations/ggs/Gramatik%20-%20Cirkus.mp3",
"https://jetsetradiofuture.live/radio/stations/ggs/Gramatik%20-%20Cool%20Thieves.mp3",
"https://jetsetradiofuture.live/radio/stations/ggs/Gramatik%20-%20Eternal%20Love%20Yet%20So%20Evasive.mp3",
"https://jetsetradiofuture.live/radio/stations/ggs/Gramatik%20-%20Friday.mp3",
"https://jetsetradiofuture.live/radio/stations/ggs/Gramatik%20-%20Im%20Doin%20My%20Thang.mp3",
"https://jetsetradiofuture.live/radio/stations/ggs/Gramatik%20-%20Just%20Jammin.mp3",
"https://jetsetradiofuture.live/radio/stations/ggs/Gramatik%20-%20On%20The%20Run.mp3",
"https://jetsetradiofuture.live/radio/stations/ggs/Gramatik%20-%20Portorose%20In%20July.mp3",
"https://jetsetradiofuture.live/radio/stations/ggs/Gramatik%20-%20Spoiler%20Alert.mp3",
"https://jetsetradiofuture.live/radio/stations/ggs/Gramatik%20-%20Walkin%27%20Down%20The%20Street.mp3",
"https://jetsetradiofuture.live/radio/stations/ggs/Gramatik%20-%20You%20Don%27t%20Understand.mp3",
"https://jetsetradiofuture.live/radio/stations/ggs/GRiZ%20-%20A%20Fine%20Way%20To%20Die%20%28feat%20Orlando%20Napier%29.mp3",
"https://jetsetradiofuture.live/radio/stations/ggs/GRiZ%20-%20Feel%20The%20Love.mp3",
"https://jetsetradiofuture.live/radio/stations/ggs/GRiZ%20-%20Funk%20Party.mp3",
"https://jetsetradiofuture.live/radio/stations/ggs/GRiZ%20-%20Gettin%27%20Live.mp3",
"https://jetsetradiofuture.live/radio/stations/ggs/GRiZ%20-%20Good%20Times%20Roll%20%28feat%20Big%20Gigantic%29.mp3",
"https://jetsetradiofuture.live/radio/stations/ggs/GRiZ%20-%20Hard%20Times.mp3",
"https://jetsetradiofuture.live/radio/stations/ggs/GRiZ%20-%20It%27s%20All%20Good%20%28feat%20Jessie%20Arlen%29.mp3",
"https://jetsetradiofuture.live/radio/stations/ggs/GRiZ%20-%20Stop%20Trippin%27%20%28feat%20iDA%20Hawk%29.mp3",
"https://jetsetradiofuture.live/radio/stations/ggs/GRiZ%20-%20The%20Anthem%20%28feat%20Mike%20Avery%29.mp3",
"https://jetsetradiofuture.live/radio/stations/ggs/GRiZ%20-%20The%20Future%20Is%20Now.mp3",
"https://jetsetradiofuture.live/radio/stations/ggs/GRiZ%20-%20Vision%20Of%20Happiness.mp3",
"https://jetsetradiofuture.live/radio/stations/ggs/Grizmatik%20-%20Digital%20Liberation%20Is%20Mad%20Freedom.mp3",
"https://jetsetradiofuture.live/radio/stations/ggs/Grizmatik%20-%20Good%20Times%20Roll.mp3",
"https://jetsetradiofuture.live/radio/stations/ggs/Grizmatik%20-%20My%20People.mp3",
"https://jetsetradiofuture.live/radio/stations/ggs/Homeboy%20Sandman%20-%20Talking%20%28Bleep%29.mp3",
"https://jetsetradiofuture.live/radio/stations/ggs/Howla%20-%20Can%27t%20Get%20Next%20To%20You.mp3",
"https://jetsetradiofuture.live/radio/stations/ggs/Hustle%20Athletics%20-%20San%20Fransisco.mp3",
"https://jetsetradiofuture.live/radio/stations/ggs/I%20Monster%20-%20Daydream%20In%20Blue.mp3",
"https://jetsetradiofuture.live/radio/stations/ggs/I%20Monster%20-%20Everyones%20A%20Loser.mp3",
"https://jetsetradiofuture.live/radio/stations/ggs/Imi%20Kamoze%20-%20Here%20Comes%20the%20Hotstepper.mp3",
"https://jetsetradiofuture.live/radio/stations/ggs/Indy%20Lopez%20-%20Dom%20Dom%20Dom%20%28Radio%20Edit%29.mp3",
"https://jetsetradiofuture.live/radio/stations/ggs/J%20Walk%20-%20French%20Letter.mp3",
"https://jetsetradiofuture.live/radio/stations/ggs/Jam%20Nights%20-%20Big%20Fun%20%28Agent%20Stereo%20Mix%29.mp3",
"https://jetsetradiofuture.live/radio/stations/ggs/James%20Brown%20-%20Cant%20Take%20It%20With%20You%20%28Regrooved%20by%20The%20Breakbeat%20Junkie%29.mp3",
"https://jetsetradiofuture.live/radio/stations/ggs/James%20Brown%20-%20Get%20Up%20Off%20That%20Thing%20%28Featurecast%29.mp3",
"https://jetsetradiofuture.live/radio/stations/ggs/James%20Brown%20-%20Mind%20Power%20%28Regrooved%20by%20Basement%20Freaks%29.mp3",
"https://jetsetradiofuture.live/radio/stations/ggs/James%20Brown%20-%20My%20Thang%20%28Regrooved%20by%20DJP%29.mp3",
"https://jetsetradiofuture.live/radio/stations/ggs/Jamiroquai%20-%20Alright.mp3",
"https://jetsetradiofuture.live/radio/stations/ggs/Jamiroquai%20-%20Canned%20Heat.mp3",
"https://jetsetradiofuture.live/radio/stations/ggs/Jamiroquai%20-%20Little%20L.mp3",
"https://jetsetradiofuture.live/radio/stations/ggs/Jamiroquai%20-%20Virtual%20Insanity.mp3",
"https://jetsetradiofuture.live/radio/stations/ggs/Janelle%20Monae%20ft%20Big%20Boi%20-%20Tightrope.mp3",
"https://jetsetradiofuture.live/radio/stations/ggs/Jean%20Knight%20-%20Mr%20Big%20Stuff%20%28Badboe%20Remix%29.mp3",
"https://jetsetradiofuture.live/radio/stations/ggs/Jean-Jacques%20Perrey%20-%20EVA.mp3",
"https://jetsetradiofuture.live/radio/stations/ggs/Jean-Jacques%20Perrey%20-%20Moog%20Indigo.mp3",
"https://jetsetradiofuture.live/radio/stations/ggs/John%20Guscott%20-%20Blob%20In%20Space.mp3",
"https://jetsetradiofuture.live/radio/stations/ggs/John%20Guscott%20-%20Boogaloo%20In%20Blue.mp3",
"https://jetsetradiofuture.live/radio/stations/ggs/John%20Guscott%20-%20Dub%20Blob%20%28Smooth%29.mp3",
"https://jetsetradiofuture.live/radio/stations/ggs/John%20Guscott%20-%20INKT%20Downfall%20%28Fearless%29.mp3",
"https://jetsetradiofuture.live/radio/stations/ggs/John%20Guscott%20-%20Into%20It%20%28Righteous%29.mp3",
"https://jetsetradiofuture.live/radio/stations/ggs/John%20Guscott%20-%20Pinked.mp3",
"https://jetsetradiofuture.live/radio/stations/ggs/John%20Guscott%20-%20Raydian%20Day%20%28Unstoppable%29.mp3",
"https://jetsetradiofuture.live/radio/stations/ggs/John%20Guscott%20-%20Splashback%20%28Defiant%29.mp3",
"https://jetsetradiofuture.live/radio/stations/ggs/John%20Guscott%20-%20Stencil%20Jive.mp3",
"https://jetsetradiofuture.live/radio/stations/ggs/John%20Guscott%20-%20The%20Blob%20Theme.mp3",
"https://jetsetradiofuture.live/radio/stations/ggs/John%20Guscott%20-%20The%20Factory.mp3",
"https://jetsetradiofuture.live/radio/stations/ggs/John%20Guscott%20-%20The%20Roll%20%26%20Bounce.mp3",
"https://jetsetradiofuture.live/radio/stations/ggs/Johnny%20Cash%20-%20Get%20Rhythm%20%28Philip%20Steir%20Remix%29.mp3",
"https://jetsetradiofuture.live/radio/stations/ggs/Joshua%20Heath%20-%20How%20Y%27all%20Feelin.mp3",
"https://jetsetradiofuture.live/radio/stations/ggs/Jungle%20-%20Busy%20Earnin%27.mp3",
"https://jetsetradiofuture.live/radio/stations/ggs/Jungle%20Brothers%20-%20True%20Blue%20%28Aphrodite%20Remix%29.mp3",
"https://jetsetradiofuture.live/radio/stations/ggs/Junkie%20XL%20-%20A%20Little%20Less%20Conversation%20%28Elvis%20Extended%20REMIX%29.mp3",
"https://jetsetradiofuture.live/radio/stations/ggs/Junkie%20XL%20-%20A%20Little%20Less%20Conversation%20%28Elvis%20Radio%20REMIX%29.mp3",
"https://jetsetradiofuture.live/radio/stations/ggs/Junkie%20XL%20-%20Catch%20Up%20To%20My%20Step%20%28Bossatnova%20Remix%29.mp3",
"https://jetsetradiofuture.live/radio/stations/ggs/Junkie%20XL%20-%20Clash.mp3",
"https://jetsetradiofuture.live/radio/stations/ggs/Junkie%20XL%20-%20Dark%20Territory.mp3",
"https://jetsetradiofuture.live/radio/stations/ggs/Junkie%20XL%20-%20Disco%202000.mp3",
"https://jetsetradiofuture.live/radio/stations/ggs/Junkie%20XL%20-%20Fly%20Zone.mp3",
"https://jetsetradiofuture.live/radio/stations/ggs/Junkie%20XL%20-%20King%27s%20Crown.mp3",
"https://jetsetradiofuture.live/radio/stations/ggs/Junkie%20XL%20-%20L%27envers.mp3",
"https://jetsetradiofuture.live/radio/stations/ggs/Junkie%20XL%20-%20No%20Remorse.mp3",
"https://jetsetradiofuture.live/radio/stations/ggs/Junkie%20XL%20-%20Norikura.mp3",
"https://jetsetradiofuture.live/radio/stations/ggs/Junkie%20XL%20-%20Schick%202000.mp3",
"https://jetsetradiofuture.live/radio/stations/ggs/Jurassic%205%20-%20Break.mp3",
"https://jetsetradiofuture.live/radio/stations/ggs/Jurassic%205%20-%20Improvise.mp3",
"https://jetsetradiofuture.live/radio/stations/ggs/Jurassic%205%20-%20React.mp3",
"https://jetsetradiofuture.live/radio/stations/ggs/Jurassic%205%20-%20Red%20Hot.mp3",
"https://jetsetradiofuture.live/radio/stations/ggs/Jurassic%205%20-%20Sum%20of%20Us.mp3",
"https://jetsetradiofuture.live/radio/stations/ggs/Jurassic%205%20-%20What%27s%20Golden.mp3",
"https://jetsetradiofuture.live/radio/stations/ggs/Jurassic%205%20-%20Work%20It%20Out%20%28ft.%20Dave%20Matthews%20Band%29.mp3",
"https://jetsetradiofuture.live/radio/stations/ggs/Katalyst%20-%20Tell%20No%20Tales.mp3",
"https://jetsetradiofuture.live/radio/stations/ggs/Kenneth%20Baget%20%26%20The%20Hellerup%20Cool%20School%20Choir%20-%20Fragment%20Eight.mp3",
"https://jetsetradiofuture.live/radio/stations/ggs/Kenta%20Gon%20Nagata%20-%20Work%20Your%20Body.mp3",
"https://jetsetradiofuture.live/radio/stations/ggs/Kero%20One%20-%20Groovin.mp3",
"https://jetsetradiofuture.live/radio/stations/ggs/Kid%20Koala%20-%20Five%20Foot%20Stomp.mp3",
"https://jetsetradiofuture.live/radio/stations/ggs/Kid%20Koala%20-%20Lunch%20With%20Pavlov.mp3",
"https://jetsetradiofuture.live/radio/stations/ggs/Kid%20Koala%20-%20More%20Dance%20Music.mp3",
"https://jetsetradiofuture.live/radio/stations/ggs/Kid%20Koala%20-%20Scurvy.mp3",
"https://jetsetradiofuture.live/radio/stations/ggs/Kid%20Koala%20-%20Stompin%20At%20Le%20Savoi.mp3",
"https://jetsetradiofuture.live/radio/stations/ggs/Kid%20Koala%20-%20Was%20He%20Slow.mp3",
"https://jetsetradiofuture.live/radio/stations/ggs/Kid%20Loco%20-%20Going%20Round%20In%20Circles.mp3",
"https://jetsetradiofuture.live/radio/stations/ggs/Knapsack%20-%20Dazed.mp3",
"https://jetsetradiofuture.live/radio/stations/ggs/Lego%20-%20Do%20It%20Now.mp3",
"https://jetsetradiofuture.live/radio/stations/ggs/Lenny%20Kravitz%20-%20Are%20You%20Gonna%20Go%20My%20Way%20%28Sunday%20Soulman%20%26%20Chris%20Child%20Remix%29.mp3",
"https://jetsetradiofuture.live/radio/stations/ggs/Lenny%20Kravitz%20-%20Fly%20Away%20%28PINEO%20%26%20LOEB%20Remix%29.mp3",
"https://jetsetradiofuture.live/radio/stations/ggs/Lenny%20Kravitz%20-%20Mama%20Said%20%28PulpFusion%20Mix%29.mp3",
"https://jetsetradiofuture.live/radio/stations/ggs/LF%20Pee%20-%20Who%27s%20On%20The%20Turntables.mp3",
"https://jetsetradiofuture.live/radio/stations/ggs/Lion%20Rock%20-%20Scatter%20%26%20Swing.mp3",
"https://jetsetradiofuture.live/radio/stations/ggs/Little%20People%20-%20Gravitas.mp3",
"https://jetsetradiofuture.live/radio/stations/ggs/Little%20Richard%20-%20Tutti%20Frutti%20%28AronChupa%20Remix%29.mp3",
"https://jetsetradiofuture.live/radio/stations/ggs/Lt%20Frank%20Drebin%20-%20Beat%20Fatigue%20%28WBBL%20Remix%29.mp3",
"https://jetsetradiofuture.live/radio/stations/ggs/Main%20Source%20-%20Atom.mp3",
"https://jetsetradiofuture.live/radio/stations/ggs/Marco%20Polo%20-%205%20Times%20A%20Lady.mp3",
"https://jetsetradiofuture.live/radio/stations/ggs/Marco%20Polo%20-%20Awe%20Guitar.mp3",
"https://jetsetradiofuture.live/radio/stations/ggs/Marco%20Polo%20-%20Cousin%20It.mp3",
"https://jetsetradiofuture.live/radio/stations/ggs/Marco%20Polo%20-%20Grits%20and%20Tits.mp3",
"https://jetsetradiofuture.live/radio/stations/ggs/Marco%20Polo%20-%20Sax%20O%20Ma%20Fone.mp3",
"https://jetsetradiofuture.live/radio/stations/ggs/Mark%20Ronson%20-%20Feel%20Right.mp3",
"https://jetsetradiofuture.live/radio/stations/ggs/Marshall%20McGee%20-%20It%20Must%20Have%20Been%20Your%20Love.mp3",
"https://jetsetradiofuture.live/radio/stations/ggs/Martin%20Solveig%20-%20Big%20In%20Japan%20%28Feat%20Dragonette%20%26%20Idoling%29.mp3",
"https://jetsetradiofuture.live/radio/stations/ggs/Messer%20Chups%20-%20Cannibal%20Twist.mp3",
"https://jetsetradiofuture.live/radio/stations/ggs/Michael%20Jackson%20-%202%20Bad%20%28Nick%20Redux%29.mp3",
"https://jetsetradiofuture.live/radio/stations/ggs/Michael%20Lener%20-%20Boombox.mp3",
"https://jetsetradiofuture.live/radio/stations/ggs/Michna%20-%20Swiss%20Glide.mp3",
"https://jetsetradiofuture.live/radio/stations/ggs/Midicronica%20-%20San%20Francisco.mp3",
"https://jetsetradiofuture.live/radio/stations/ggs/Midicronica%20-%20Star%20Diva.mp3",
"https://jetsetradiofuture.live/radio/stations/ggs/MIM%20-%20Gods%20%28Instrumental%29.mp3",
"https://jetsetradiofuture.live/radio/stations/ggs/Minoru%20-%20187.mp3",
"https://jetsetradiofuture.live/radio/stations/ggs/Mint%20Royale%20-%20Blue%20Song.mp3",
"https://jetsetradiofuture.live/radio/stations/ggs/Mint%20Royale%20-%20Diagonal%20Girl.mp3",
"https://jetsetradiofuture.live/radio/stations/ggs/Mista%20Ed%20-%20The%20Boys%20Dope.mp3",
"https://jetsetradiofuture.live/radio/stations/ggs/Mittens%20-%20Commercial%20Break.mp3",
"https://jetsetradiofuture.live/radio/stations/ggs/Mix%20Master%20Mike%20-%20Audio%20Mass.mp3",
"https://jetsetradiofuture.live/radio/stations/ggs/Mix%20Master%20Mike%20-%20Patrol%20Knob.mp3",
"https://jetsetradiofuture.live/radio/stations/ggs/Mr%20Mediamanx%20-%20Higher%20Plain%20of%20Funk.mp3",
"https://jetsetradiofuture.live/radio/stations/ggs/Mr%20Mediamanx%20-%20Look%20at%20the%20Funk.mp3",
"https://jetsetradiofuture.live/radio/stations/ggs/Mr%20Mediamanx%20-%20Menu%20Music.mp3",
"https://jetsetradiofuture.live/radio/stations/ggs/Myammee%20-%20Birthday%20Suit.mp3",
"https://jetsetradiofuture.live/radio/stations/ggs/Mystikal%20-%20Smashing%20the%20Gas%20%28Get%20Faster%29.mp3",
"https://jetsetradiofuture.live/radio/stations/ggs/Nanarthur%20-%20Space%20Raiders%20Song%20For%20Dot%20Wlm.mp3",
"https://jetsetradiofuture.live/radio/stations/ggs/Nappy%20Roots%20-%20Good%20Day.mp3",
"https://jetsetradiofuture.live/radio/stations/ggs/Natural%20Self%20-%20In%20The%20Morning.mp3",
"https://jetsetradiofuture.live/radio/stations/ggs/Nick%20Wiz%20-%20La%20La%20La%20%28Instrumental%29.mp3",
"https://jetsetradiofuture.live/radio/stations/ggs/Nick%20Wiz%20-%20Xylophone.mp3",
"https://jetsetradiofuture.live/radio/stations/ggs/Nicolas%20A%20-%20Austin%20Powers%20%28Fatboy%20Slim%29.mp3",
"https://jetsetradiofuture.live/radio/stations/ggs/Nightmares%20On%20Wax%20-%20What%20Im%20Feelin%20ft%20De%20La%20Soul%20%28Rae%20Christian%20Mix%29.mp3",
"https://jetsetradiofuture.live/radio/stations/ggs/Not%20The%20King%20-%20Make%20Me%20Feel.mp3",
"https://jetsetradiofuture.live/radio/stations/ggs/Nujabes%20-%20Fellows.mp3",
"https://jetsetradiofuture.live/radio/stations/ggs/Nujabes%20-%20Lyrical%20Terrorists%20%28Instrumental%29.mp3",
"https://jetsetradiofuture.live/radio/stations/ggs/NWA%20-%20Express%20Yourself.mp3",
"https://jetsetradiofuture.live/radio/stations/ggs/Obscure%20Disorder%20-%20Maintain%20The%20Focus%20%28Instrumental%29.mp3",
"https://jetsetradiofuture.live/radio/stations/ggs/Ok%20Go%20-%20WTF.mp3",
"https://jetsetradiofuture.live/radio/stations/ggs/Ours%20Samplus%20-%20Smile.mp3",
"https://jetsetradiofuture.live/radio/stations/ggs/Ours%20Samplus%20-%20Sweet%20Cans.mp3",
"https://jetsetradiofuture.live/radio/stations/ggs/Outkast%20-%20B.O.B.mp3",
"https://jetsetradiofuture.live/radio/stations/ggs/Ozomatli%20-%20Cut%20Chemist%20Suite.mp3",
"https://jetsetradiofuture.live/radio/stations/ggs/Parov%20Stelar%20-%20Catgroove.mp3",
"https://jetsetradiofuture.live/radio/stations/ggs/Parov%20Stelar%20-%20Gin%20Tonic.mp3",
"https://jetsetradiofuture.live/radio/stations/ggs/Parov%20Stelar%20-%20The%20Paris%20Swing%20Box.mp3",
"https://jetsetradiofuture.live/radio/stations/ggs/Parov%20Stellar%20-%20Libella%20Swing.mp3",
"https://jetsetradiofuture.live/radio/stations/ggs/People%20Under%20the%20Stairs%20-%20Acid%20Raindrops.mp3",
"https://jetsetradiofuture.live/radio/stations/ggs/Pepe%20Deluxe%20-%20Call%20Me%20Goldfinger.mp3",
"https://jetsetradiofuture.live/radio/stations/ggs/PNFA%20-%20Cotton%20Candy.mp3",
"https://jetsetradiofuture.live/radio/stations/ggs/Portugal%20The%20Man%20-%20Creep%20In%20A%20T%20Shirt.mp3",
"https://jetsetradiofuture.live/radio/stations/ggs/Portugal%20The%20Man%20-%20Feel%20It%20Still.mp3",
"https://jetsetradiofuture.live/radio/stations/ggs/Portugal%20The%20Man%20-%20Tidal%20Wave.mp3",
"https://jetsetradiofuture.live/radio/stations/ggs/Professor%20Kliq%20-%20Plastic%20and%20Flashing%20Lights.mp3",
"https://jetsetradiofuture.live/radio/stations/ggs/ProleteR%20-%20April%20Showers.mp3",
"https://jetsetradiofuture.live/radio/stations/ggs/ProleteR%20-%20Muhammad%20Ali.mp3",
"https://jetsetradiofuture.live/radio/stations/ggs/ProleteR%20-%20Sometimes%20%28Instrumental%29.mp3",
"https://jetsetradiofuture.live/radio/stations/ggs/PSUS%20-%20Super%20Fishin.mp3",
"https://jetsetradiofuture.live/radio/stations/ggs/Psyche%20Origami%20-%20Wherever%20You%20Are.mp3",
"https://jetsetradiofuture.live/radio/stations/ggs/RA%20The%20Rugged%20Man%20-%20Definition%20of%20a%20Rap%20Flow.mp3",
"https://jetsetradiofuture.live/radio/stations/ggs/Rare%20Shot%20Blue%20-%20Jazz%20Bananas.mp3",
"https://jetsetradiofuture.live/radio/stations/ggs/Ratatat%20-%20Cream%20On%20Chrome.mp3",
"https://jetsetradiofuture.live/radio/stations/ggs/Ratatat%20-%20Loud%20Pipes.mp3",
"https://jetsetradiofuture.live/radio/stations/ggs/Ray%20Charles%20-%20Good%20Thymes%20%28Opiuo%20Remix%29.mp3",
"https://jetsetradiofuture.live/radio/stations/ggs/Ray%20Charles%20-%20Hit%20The%20Road%20Jack%20%28Cee-Roo%20Remix%29.mp3",
"https://jetsetradiofuture.live/radio/stations/ggs/Ray%20Charles%20-%20Hit%20The%20Road%20Jack%20%28ProleteR%20Tribute%29.mp3",
"https://jetsetradiofuture.live/radio/stations/ggs/Ray%20Charles%20-%20I%20Got%20A%20Woman%20%28Father%20Funk%20Remix%29.mp3",
"https://jetsetradiofuture.live/radio/stations/ggs/Red%20Hot%20Chili%20Peppers%20-%20Roller%20Coaster%20of%20Love.mp3",
"https://jetsetradiofuture.live/radio/stations/ggs/Restless%20Leg%20Syndrome%20-%20Fiddle%20Dee%20Dee.mp3",
"https://jetsetradiofuture.live/radio/stations/ggs/RIP%20Slyme%20-%20Super%20Shooter.mp3",
"https://jetsetradiofuture.live/radio/stations/ggs/RJD2%20-%201976.mp3",
"https://jetsetradiofuture.live/radio/stations/ggs/RJD2%20-%20All%20For%20U.mp3",
"https://jetsetradiofuture.live/radio/stations/ggs/RJD2%20-%20Bus%20Stop%20Biddies.mp3",
"https://jetsetradiofuture.live/radio/stations/ggs/RJD2%20-%20Cornbread%2C%20Eddie%20%26%20Me.mp3",
"https://jetsetradiofuture.live/radio/stations/ggs/RJD2%20-%20Counseling%20Inst.mp3",
"https://jetsetradiofuture.live/radio/stations/ggs/RJD2%20-%20Disconnected.mp3",
"https://jetsetradiofuture.live/radio/stations/ggs/RJD2%20-%20Diverse%20Certified%20%28Instrumental%29.mp3",
"https://jetsetradiofuture.live/radio/stations/ggs/RJD2%20-%20Diverse%20Certified.mp3",
"https://jetsetradiofuture.live/radio/stations/ggs/RJD2%20-%20Fuck%20Soundcheck.mp3",
"https://jetsetradiofuture.live/radio/stations/ggs/RJD2%20-%20Fuckajob.mp3",
"https://jetsetradiofuture.live/radio/stations/ggs/RJD2%20-%20Ghostwriter.mp3",
"https://jetsetradiofuture.live/radio/stations/ggs/RJD2%20-%20Heaven.mp3",
"https://jetsetradiofuture.live/radio/stations/ggs/RJD2%20-%20I%27m%20Free.mp3",
"https://jetsetradiofuture.live/radio/stations/ggs/RJD2%20-%20Interlude.mp3",
"https://jetsetradiofuture.live/radio/stations/ggs/RJD2%20-%20Intro.mp3",
"https://jetsetradiofuture.live/radio/stations/ggs/RJD2%20-%20Just%20Think.mp3",
"https://jetsetradiofuture.live/radio/stations/ggs/RJD2%20-%20Keys.mp3",
"https://jetsetradiofuture.live/radio/stations/ggs/RJD2%20-%20Poorboy%20Lover%20Megamix.mp3",
"https://jetsetradiofuture.live/radio/stations/ggs/RJD2%20-%20The%20Cool%20Thing%20To%20Do.mp3",
"https://jetsetradiofuture.live/radio/stations/ggs/RJD2%20-%20The%20Jerry%20Springer%20Episode.mp3",
"https://jetsetradiofuture.live/radio/stations/ggs/RJD2%20-%20Under%20The%20Hammer.mp3",
"https://jetsetradiofuture.live/radio/stations/ggs/RJD2%20-%20Uprock.mp3",
"https://jetsetradiofuture.live/radio/stations/ggs/Rory%20Hoy%20-%20Big%20Beat%20Stevie.mp3",
"https://jetsetradiofuture.live/radio/stations/ggs/Ruckus%20Roboticus%20-%20A%20Childs%20Introduction%20To%20Drums.mp3",
"https://jetsetradiofuture.live/radio/stations/ggs/Ruckus%20Roboticus%20-%20Here%20We%20Go.mp3",
"https://jetsetradiofuture.live/radio/stations/ggs/Ruckus%20Roboticus%20-%20How%20To%20Handle%20Grown%20Ups.mp3",
"https://jetsetradiofuture.live/radio/stations/ggs/Ruckus%20Roboticus%20-%20Taking%20Turns.mp3",
"https://jetsetradiofuture.live/radio/stations/ggs/Ruckus%20Roboticus%20-%20The%20Birth%20of%20Ruckus.mp3",
"https://jetsetradiofuture.live/radio/stations/ggs/Ruckus%20Roboticus%20-%20The%20Rebirth%20of%20Ruckus.mp3",
"https://jetsetradiofuture.live/radio/stations/ggs/Same%20Beat%20-%20Ravi%20Harris%20%26%20The%20Prophets.mp3",
"https://jetsetradiofuture.live/radio/stations/ggs/Scapegoat%20Wax%20-%20Bloodsweet.mp3",
"https://jetsetradiofuture.live/radio/stations/ggs/Scapegoat%20Wax%20-%20Freeway.mp3",
"https://jetsetradiofuture.live/radio/stations/ggs/Scienz%20of%20Life%20-%20Hot%20Bananas%20%28Instrumental%29.mp3",
"https://jetsetradiofuture.live/radio/stations/ggs/SHAG%20-%20Know%20The%20Feelin%27.mp3",
"https://jetsetradiofuture.live/radio/stations/ggs/Shag%20-%20My%20Mind.mp3",
"https://jetsetradiofuture.live/radio/stations/ggs/Shakkazombie%20-%20Shiroi%20Yami%20no%20Naka.mp3",
"https://jetsetradiofuture.live/radio/stations/ggs/Sheldon%20So%20Good%20-%20If%20You%20Wanna%20Fly%20%28Yanivi%20Remix%29.mp3",
"https://jetsetradiofuture.live/radio/stations/ggs/Shortie%20No%20Mas%20-%20You%20Like%20My%20Style.mp3",
"https://jetsetradiofuture.live/radio/stations/ggs/Skankfunk%20-%20Strutters%20Cruise.mp3",
"https://jetsetradiofuture.live/radio/stations/ggs/Skeewiff%20%26%20Vanessa%20Contenay%20-%20Heatwave%20%28Don%27t%20Stop%29.mp3",
"https://jetsetradiofuture.live/radio/stations/ggs/Skeewiff%20-%20No%20Puede%20Esperar.mp3",
"https://jetsetradiofuture.live/radio/stations/ggs/Skeewiff%20-%20Now%20I%27m%20Living%20For%20Me%20%28Fort%20Knox%20Five%20Remix%29.mp3",
"https://jetsetradiofuture.live/radio/stations/ggs/Skeewiff%20-%20Silently%20Losing%20the%20Plot.mp3",
"https://jetsetradiofuture.live/radio/stations/ggs/Skope%20-%20Get%20On%20Up.mp3",
"https://jetsetradiofuture.live/radio/stations/ggs/Skratch%20Gangstaz%20-%20Director%27s%20Cut.mp3",
"https://jetsetradiofuture.live/radio/stations/ggs/Slynk%20%26%20Stickybuds%20-%20Full%20Tilt%20Boogie.mp3",
"https://jetsetradiofuture.live/radio/stations/ggs/Smalltown%20DJs%20and%20Grandtheft%20-%20Good%20People.mp3",
"https://jetsetradiofuture.live/radio/stations/ggs/Smash%20Mouth%20-%20Hot.mp3",
"https://jetsetradiofuture.live/radio/stations/ggs/Sons%20of%20Silence%20-%20The%20Mit%20Out%20Sound.mp3",
"https://jetsetradiofuture.live/radio/stations/ggs/Soul%20Coughing%20-%20Super%20Bon%20Bon.mp3",
"https://jetsetradiofuture.live/radio/stations/ggs/Spider-Man%20Into%20the%20Spider-Verse%20OST%20-%20Catch%20the%20S%20Train.mp3",
"https://jetsetradiofuture.live/radio/stations/ggs/SpookyDaGhost%20-%20Groovy%20Baby.mp3",
"https://jetsetradiofuture.live/radio/stations/ggs/St%20Germain%20-%20So%20Flute.mp3",
"https://jetsetradiofuture.live/radio/stations/ggs/Stepcat%20-%20Jitterbug.mp3",
"https://jetsetradiofuture.live/radio/stations/ggs/Stereo%20Swing%20-%20Champagne%20Swing%20%28Feat%20Gabi%20Szucs%29.mp3",
"https://jetsetradiofuture.live/radio/stations/ggs/Steve%20Emney%20And%20Stephen%20Root%20-%20Give%20It%20Some%20Air.mp3",
"https://jetsetradiofuture.live/radio/stations/ggs/Steve%20Emney%20And%20Stephen%20Root%20-%20Grindin.mp3",
"https://jetsetradiofuture.live/radio/stations/ggs/Steve%20Emney%20And%20Stephen%20Root%20-%20Penthouse.mp3",
"https://jetsetradiofuture.live/radio/stations/ggs/Steve%20Miller%20Band%20-%20Fly%20Like%20An%20Eagle%20%28Psymbionic%20Remix%29.mp3",
"https://jetsetradiofuture.live/radio/stations/ggs/Stevie%20Wonder%20%26%20Edwin%20Starr%20-%20Superstition%20War.mp3",
"https://jetsetradiofuture.live/radio/stations/ggs/Styles%20Of%20Beyond%20-%20Mr%20Brown.mp3",
"https://jetsetradiofuture.live/radio/stations/ggs/Stylust%20Beats%20-%20Sleeveless%20Jumpoff.mp3",
"https://jetsetradiofuture.live/radio/stations/ggs/Suhov%20-%20Different.mp3",
"https://jetsetradiofuture.live/radio/stations/ggs/Super%20Holla%20Tricka%20Krafty%20Kuts%20-%20Gwen%20Stefani%20vs%20Beastie%20Boys%20vs%20Wild%20Cherry.mp3",
"https://jetsetradiofuture.live/radio/stations/ggs/Swingfly%20-%20Something%27s%20Got%20Me%20Started.mp3",
"https://jetsetradiofuture.live/radio/stations/ggs/Synchronice%20-%20Broken%20Record.mp3",
"https://jetsetradiofuture.live/radio/stations/ggs/Teddybears%20-%20Rocket%20Scientist%20%28Feat%20Eve%29.mp3",
"https://jetsetradiofuture.live/radio/stations/ggs/The%20Bamboos%20-%20On%20The%20Sly%20%28feat%20Kylie%20Auldist%29.mp3",
"https://jetsetradiofuture.live/radio/stations/ggs/The%20Best%20Day%20-%20Atmosphere.mp3",
"https://jetsetradiofuture.live/radio/stations/ggs/The%20Coconut%20Monkeyrocket%20-%20Electrodomestico.mp3",
"https://jetsetradiofuture.live/radio/stations/ggs/The%20Coconut%20Monkeyrocket%20-%20Juicy%20Jungle.mp3",
"https://jetsetradiofuture.live/radio/stations/ggs/The%20Coconut%20Monkeyrocket%20-%20Shopping%20For%20Explosives.mp3",
"https://jetsetradiofuture.live/radio/stations/ggs/The%20Coup%20-%20I%20Ain%27t%20the%20Nigga.mp3",
"https://jetsetradiofuture.live/radio/stations/ggs/The%20Crystal%20Method%20-%20Born%20Too%20Slow.mp3",
"https://jetsetradiofuture.live/radio/stations/ggs/The%20Dave%20Pike%20Set%20-%20Mathar%20%28Frank%20Popp%20Ensemble%20Mix%29.mp3",
"https://jetsetradiofuture.live/radio/stations/ggs/The%20Derevolutions%20-%20Bad%20King%20Kong.mp3",
"https://jetsetradiofuture.live/radio/stations/ggs/The%20Doors%20-%20Break%20On%20Through%20%28DJ%20Swamp%20Remix%29.mp3",
"https://jetsetradiofuture.live/radio/stations/ggs/The%20Doors%20-%20Roadhouse%20Blues%20%28Fender%20Bender%20Remix%29.mp3",
"https://jetsetradiofuture.live/radio/stations/ggs/The%20Doors%20-%20Soul%20Kitchen%20%28Dj%20Inko%20Remix%29.mp3",
"https://jetsetradiofuture.live/radio/stations/ggs/The%20Doors%20vs%20C2C%20-%20Captain%20%28Raymon%20Lazer%20Remix%29.mp3",
"https://jetsetradiofuture.live/radio/stations/ggs/The%20Floozies%20-%20Stuntin%27.mp3",
"https://jetsetradiofuture.live/radio/stations/ggs/The%20Hives%20-%20Tick%20Tick%20Boom.mp3",
"https://jetsetradiofuture.live/radio/stations/ggs/The%20Mighty%20Mocambos%20-%20It%27s%20The%20Music%20%28A%20Skillz%20%26%20Stickybuds%20Remix%29.mp3",
"https://jetsetradiofuture.live/radio/stations/ggs/The%20Pharcyde%20-%20Oh%20Shit.mp3",
"https://jetsetradiofuture.live/radio/stations/ggs/The%20Pharcyde%20-%20Passin%27%20Me%20By%20%28Instrumental%29.mp3",
"https://jetsetradiofuture.live/radio/stations/ggs/The%20Pharcyde%20-%20Ya%20Mama.mp3",
"https://jetsetradiofuture.live/radio/stations/ggs/The%20Prodigy%20-%20Stand%20Up.mp3",
"https://jetsetradiofuture.live/radio/stations/ggs/The%20Roots%20-%20Boom.mp3",
"https://jetsetradiofuture.live/radio/stations/ggs/The%20Wiseguys%20-%20Ooh%20La%20La.mp3",
"https://jetsetradiofuture.live/radio/stations/ggs/The%20Wiseguys%20-%20Re-Introduction.mp3",
"https://jetsetradiofuture.live/radio/stations/ggs/The%20Wiseguys%20-%20Start%20The%20Commotion.mp3",
"https://jetsetradiofuture.live/radio/stations/ggs/Thomas%20Bangalter%20-%20Spinal%20Scratch.mp3",
"https://jetsetradiofuture.live/radio/stations/ggs/TJR%20-%20Funky%20Vodka%20%28Original%20Mix%29.mp3",
"https://jetsetradiofuture.live/radio/stations/ggs/TM%20Juke%20-%20Bees%20On%20Mars.mp3",
"https://jetsetradiofuture.live/radio/stations/ggs/Tom%20Jones%20%26%20The%20Cardigans%20-%20Burning%20Down%20The%20House%20%28Scissorkicks%20Remix%29.mp3",
"https://jetsetradiofuture.live/radio/stations/ggs/Towa%20Tei%20-%20Technova%20%28La%20Em%20Copacabana%29.mp3",
"https://jetsetradiofuture.live/radio/stations/ggs/Treva%20Whateva%20-%20Bouncing%20Bomb.mp3",
"https://jetsetradiofuture.live/radio/stations/ggs/Truby%20Trio%20-%20A%20Go%20Go.mp3",
"https://jetsetradiofuture.live/radio/stations/ggs/Ugly%20Duckling%20-%20Einstein%20Do%20It.mp3",
"https://jetsetradiofuture.live/radio/stations/ggs/Ugly%20Duckling%20-%20Slow%20The%20Flow%20%28Instrumental%29.mp3",
"https://jetsetradiofuture.live/radio/stations/ggs/Vadell%20Gabriel%20-%20Flava%20In%20Ya%20Bassline.mp3",
"https://jetsetradiofuture.live/radio/stations/ggs/Visioneers%20-%20Ike%27s%20Mood%20I.mp3",
"https://jetsetradiofuture.live/radio/stations/ggs/Wagon%20Christ%20-%20Harmoney.mp3",
"https://jetsetradiofuture.live/radio/stations/ggs/Wax%20Tailor%20-%20B-Boy%20On%20Wax%20%28Instrumental%29.mp3",
"https://jetsetradiofuture.live/radio/stations/ggs/Wax%20Tailor%20-%20Past%20Present%20And%20Future%20%28Rock%20And%20Roll%29.mp3",
"https://jetsetradiofuture.live/radio/stations/ggs/Wet%20Paint%20-%20Gold%20Lights.mp3",
"https://jetsetradiofuture.live/radio/stations/ggs/WISE%20the%20AllE%20-%20That%20Bus%20Catcher%20Bounce%20%28FINE%20Mix%29.mp3",
"https://jetsetradiofuture.live/radio/stations/ggs/Wreckx%20N%20Effect%20-%20Rump%20Shaker.mp3",
"https://jetsetradiofuture.live/radio/stations/ggs/Wu%20Tang%20Clan%20-%20Slow%20Blues%20%28Instrumental%29.mp3",
"https://jetsetradiofuture.live/radio/stations/ggs/X%20I%20X%20X%20-%20Mai%20tai.mp3",
"https://jetsetradiofuture.live/radio/stations/ggs/Zamali%20-%20Oye%20Makossa.mp3",
