bumps,
"https://jetsetradio.live/radio/stations/bumps/Baldi%20Bumper.mp3",
"https://jetsetradio.live/radio/stations/bumps/Big%20Chungus%20Bumper%20%28ft.%20Metal%20Shade%20and%20RHMan%29.mp3",
"https://jetsetradio.live/radio/stations/bumps/Boss%20Bumper.mp3",
"https://jetsetradio.live/radio/stations/bumps/Broadway%20Bumper.mp3",
"https://jetsetradio.live/radio/stations/bumps/bump1.mp3",
"https://jetsetradio.live/radio/stations/bumps/bump2.mp3",
"https://jetsetradio.live/radio/stations/bumps/bump3.mp3",
"https://jetsetradio.live/radio/stations/bumps/bump4.mp3",
"https://jetsetradio.live/radio/stations/bumps/bump5.mp3",
"https://jetsetradio.live/radio/stations/bumps/bump6.mp3",
"https://jetsetradio.live/radio/stations/bumps/bump7.mp3",
"https://jetsetradio.live/radio/stations/bumps/bump8.mp3",
"https://jetsetradio.live/radio/stations/bumps/bump9.mp3",
"https://jetsetradio.live/radio/stations/bumps/bump10.mp3",
"https://jetsetradio.live/radio/stations/bumps/bump11.mp3",
"https://jetsetradio.live/radio/stations/bumps/bump12.mp3",
"https://jetsetradio.live/radio/stations/bumps/bump13.mp3",
"https://jetsetradio.live/radio/stations/bumps/bump14.mp3",
"https://jetsetradio.live/radio/stations/bumps/bump15.mp3",
"https://jetsetradio.live/radio/stations/bumps/bump16.mp3",
"https://jetsetradio.live/radio/stations/bumps/Cant%20Live%20Without%20Bumper.mp3",
"https://jetsetradio.live/radio/stations/bumps/CD%20ALERT.mp3",
"https://jetsetradio.live/radio/stations/bumps/Celebrity%20Bumper.mp3",
"https://jetsetradio.live/radio/stations/bumps/Childish%20Gambino%20Bumper.mp3",
"https://jetsetradio.live/radio/stations/bumps/Class%20of%203000%20Bumper.mp3",
"https://jetsetradio.live/radio/stations/bumps/Coach%20Z%20Bumper.mp3",
"https://jetsetradio.live/radio/stations/bumps/Cortex%20Bumper.mp3",
"https://jetsetradio.live/radio/stations/bumps/COSPLAYERZ.mp3",
"https://jetsetradio.live/radio/stations/bumps/Country%20Bumper.mp3",
"https://jetsetradio.live/radio/stations/bumps/Crazy%20Taxi%20Bumper.mp3",
"https://jetsetradio.live/radio/stations/bumps/Daytona%20Bumper.mp3",
"https://jetsetradio.live/radio/stations/bumps/DJK%20-%20Brainless%20Zombies.mp3",
"https://jetsetradio.live/radio/stations/bumps/DJK%20-%20Conformists.mp3",
"https://jetsetradio.live/radio/stations/bumps/DJK%20-%20Conspiracy%20Theorist.mp3",
"https://jetsetradio.live/radio/stations/bumps/DJK%20-%20Digital%20ID.mp3",
"https://jetsetradio.live/radio/stations/bumps/DJK%20-%20Enslave.mp3",
"https://jetsetradio.live/radio/stations/bumps/DJK%20-%20Fact%20Checker%20Truth.mp3",
"https://jetsetradio.live/radio/stations/bumps/DJK%20-%20Global%20System.mp3",
"https://jetsetradio.live/radio/stations/bumps/DJK%20-%20Mind%20Control.mp3",
"https://jetsetradio.live/radio/stations/bumps/DJK%20-%20Rokkaku%20Group%20Future.mp3",
"https://jetsetradio.live/radio/stations/bumps/DJK%20-%20The%20Future%20Is%20Close.mp3",
"https://jetsetradio.live/radio/stations/bumps/DJK%20-%20Tracking.mp3",
"https://jetsetradio.live/radio/stations/bumps/DJK1.mp3",
"https://jetsetradio.live/radio/stations/bumps/DJK2.mp3",
"https://jetsetradio.live/radio/stations/bumps/DJK3.mp3",
"https://jetsetradio.live/radio/stations/bumps/DJK4.mp3",
"https://jetsetradio.live/radio/stations/bumps/DJK5.mp3",
"https://jetsetradio.live/radio/stations/bumps/DJK6.mp3",
"https://jetsetradio.live/radio/stations/bumps/DJK7.mp3",
"https://jetsetradio.live/radio/stations/bumps/DJK8.mp3",
"https://jetsetradio.live/radio/stations/bumps/DJK9.mp3",
"https://jetsetradio.live/radio/stations/bumps/DJK11.mp3",
"https://jetsetradio.live/radio/stations/bumps/DJK14.mp3",
"https://jetsetradio.live/radio/stations/bumps/DJK15.mp3",
"https://jetsetradio.live/radio/stations/bumps/DJK16.mp3",
"https://jetsetradio.live/radio/stations/bumps/DJK17.mp3",
"https://jetsetradio.live/radio/stations/bumps/DJK19.mp3",
"https://jetsetradio.live/radio/stations/bumps/DJK20.mp3",
"https://jetsetradio.live/radio/stations/bumps/DJK21.mp3",
"https://jetsetradio.live/radio/stations/bumps/DJK22.mp3",
"https://jetsetradio.live/radio/stations/bumps/DJK23.mp3",
"https://jetsetradio.live/radio/stations/bumps/DJK24.mp3",
"https://jetsetradio.live/radio/stations/bumps/DJK25.mp3",
"https://jetsetradio.live/radio/stations/bumps/DJK26.mp3",
"https://jetsetradio.live/radio/stations/bumps/DJK27.mp3",
"https://jetsetradio.live/radio/stations/bumps/DJK28.mp3",
"https://jetsetradio.live/radio/stations/bumps/Donkey%20Kong%20Bumper.mp3",
"https://jetsetradio.live/radio/stations/bumps/Donkey%20Kong%20Rap%20Bumper.mp3",
"https://jetsetradio.live/radio/stations/bumps/Hobart%20Bumper.mp3",
"https://jetsetradio.live/radio/stations/bumps/Inspector%20Gadget%20Bumper.mp3",
"https://jetsetradio.live/radio/stations/bumps/Jet%20Set%20Radio%20Bumper%201.mp3",
"https://jetsetradio.live/radio/stations/bumps/Jet%20Set%20Radio%20Bumper%202.mp3",
"https://jetsetradio.live/radio/stations/bumps/JetSetGroove%20-%20RockItOn.mp3",
"https://jetsetradio.live/radio/stations/bumps/JetSetStation%20-%20EverybodyJumpAround.mp3",
"https://jetsetradio.live/radio/stations/bumps/JetSetStation%20-%20GraceAndGlory.mp3",
"https://jetsetradio.live/radio/stations/bumps/JetSetStation%20-%20LetMomSleep.mp3",
"https://jetsetradio.live/radio/stations/bumps/Joe%20Swanson%20Bumper.mp3",
"https://jetsetradio.live/radio/stations/bumps/Johnny%20Bravo%20Bumper.mp3",
"https://jetsetradio.live/radio/stations/bumps/King%20DeDeDe%20Bumper.mp3",
"https://jetsetradio.live/radio/stations/bumps/Lord%20Farquaad%20Bumper%20%28ft.%20Chase%20B%29.mp3",
"https://jetsetradio.live/radio/stations/bumps/Meatwad%20Bumper.mp3",
"https://jetsetradio.live/radio/stations/bumps/Mike%20and%20the%20King%20Bumper%20%28ft.%20duuzu%29.mp3",
"https://jetsetradio.live/radio/stations/bumps/Mr%20Rental%20Bumper.mp3",
"https://jetsetradio.live/radio/stations/bumps/Neo%20Bumper.mp3",
"https://jetsetradio.live/radio/stations/bumps/Nick%20Crompton%20Bumper%20%28ft.%20Chase%20B%20and%20ChickenSuitGuy%29.mp3",
"https://jetsetradio.live/radio/stations/bumps/Nickelodeon%20Bumper.mp3",
"https://jetsetradio.live/radio/stations/bumps/PacMan%20Bumper.mp3",
"https://jetsetradio.live/radio/stations/bumps/Peter%20Griffin%20Bumper.mp3",
"https://jetsetradio.live/radio/stations/bumps/Plankton%20Bumper.mp3",
"https://jetsetradio.live/radio/stations/bumps/RJD2%20-%20Interlude.mp3",
"https://jetsetradio.live/radio/stations/bumps/ROAD%20TO%20LOVE%20ISLAND.mp3",
"https://jetsetradio.live/radio/stations/bumps/Robotic%20Bumper.mp3",
"https://jetsetradio.live/radio/stations/bumps/Sega%20Tape%20Bumper.mp3",
"https://jetsetradio.live/radio/stations/bumps/SFX1.mp3",
"https://jetsetradio.live/radio/stations/bumps/SFX2.mp3",
"https://jetsetradio.live/radio/stations/bumps/SFX3.mp3",
"https://jetsetradio.live/radio/stations/bumps/SFX4%20Hideki%20Naganuma%20-%20Jet%20Set%20Groove.mp3",
"https://jetsetradio.live/radio/stations/bumps/SFX5%20Chase%20-%20Victory%20DJ%20Professor%20K.mp3",
"https://jetsetradio.live/radio/stations/bumps/Siiva%20Bumper.mp3",
"https://jetsetradio.live/radio/stations/bumps/Slopster%20Bumper.mp3",
"https://jetsetradio.live/radio/stations/bumps/Soul%20of%20Tokyo%20To%20Bump.mp3",
"https://jetsetradio.live/radio/stations/bumps/Spike%20Bumper%20%28ft.%20Pyromide%20and%20Beardfear%29.mp3",
"https://jetsetradio.live/radio/stations/bumps/Stewie%20Bumper.mp3",
"https://jetsetradio.live/radio/stations/bumps/Talk%20-%2024%20Hours%20JSRL%20Bump.mp3",
"https://jetsetradio.live/radio/stations/bumps/Talk%20-%20Humming%20the%20Bassline%20Bump.mp3",
"https://jetsetradio.live/radio/stations/bumps/Tune%20In%20Turn%20On%20JSRL%20Bumper.mp3",
"https://jetsetradio.live/radio/stations/bumps/Uganda%20Knuckles%20Bumper.mp3",
"https://jetsetradio.live/radio/stations/bumps/Wario%20Bump%201.mp3",
"https://jetsetradio.live/radio/stations/bumps/Wario%20Bump%202.mp3",
"https://jetsetradio.live/radio/stations/bumps/WDPK%20Bumper.mp3",
"https://jetsetradio.live/radio/stations/bumps/Yummy%20Bumper.mp3",
