turntablism,
"https://jetsetradio.live/radio/stations/turntablism/Alien%20Army%20-%20Scratchoetry.mp3",
"https://jetsetradio.live/radio/stations/turntablism/Daniel%20Pemberton%20-%20Catch%20the%20S%20Train.mp3",
"https://jetsetradio.live/radio/stations/turntablism/DJ%20Jeff%20-%20Change%20the%20Scratch.mp3",
"https://jetsetradio.live/radio/stations/turntablism/DJ%20Logic%20-%20Sheas%20Groove.mp3",
"https://jetsetradio.live/radio/stations/turntablism/DJ%20Q-Bert%20-%205%20Minute%20Scratch%20Session.mp3",
"https://jetsetradio.live/radio/stations/turntablism/DJ%20Q-Bert%20-%20Cosmic%20Assassins.mp3",
"https://jetsetradio.live/radio/stations/turntablism/DJ%20Q-Bert%20-%20Destination%20Quasar%2016%2033%2045%2078.mp3",
"https://jetsetradio.live/radio/stations/turntablism/DJ%20Q-Bert%20-%20Invasion%20Of%20The%20Octopus%20People.mp3",
"https://jetsetradio.live/radio/stations/turntablism/DJ%20Q-Bert%20-%20Jiu%20Jitsu%20%28feat%20DJ%20Iq%29.mp3",
"https://jetsetradio.live/radio/stations/turntablism/DJ%20Q-Bert%20-%20Showcase.mp3",
"https://jetsetradio.live/radio/stations/turntablism/DJ%20Q-Bert%20-%20Sneak%20Attack.mp3",
"https://jetsetradio.live/radio/stations/turntablism/DJ%20SARA%20-%20Freestyle%20Scratch.mp3",
"https://jetsetradio.live/radio/stations/turntablism/DJ%20Shota%20-%20Tenbox%20Mix%2090%27s%20Vibes.mp3",
"https://jetsetradio.live/radio/stations/turntablism/DJ%20Spinbad%20-%20Itchy%20Vinyl%20Session.mp3",
"https://jetsetradio.live/radio/stations/turntablism/Eturnul%20-%20The%20Messenger%20%28Feat.%20Angelique%20Jonelle%20%26%20Dj%20Mac%20Cummings%29.mp3",
"https://jetsetradio.live/radio/stations/turntablism/Jurassic%205%20-%20React.mp3",
"https://jetsetradio.live/radio/stations/turntablism/Kid%20Koala%20-%20Lunch%20With%20Pavlov.mp3",
"https://jetsetradio.live/radio/stations/turntablism/Kid%20Koala%20-%20More%20Dance%20Music.mp3",
"https://jetsetradio.live/radio/stations/turntablism/Kid%20Koala%20-%20Scurvy.mp3",
"https://jetsetradio.live/radio/stations/turntablism/Kid%20Koala%20-%20Was%20He%20Slow.mp3",
"https://jetsetradio.live/radio/stations/turntablism/LF%20Pee%20-%20Who%27s%20On%20The%20Turntables.mp3",
"https://jetsetradio.live/radio/stations/turntablism/Mista%20Ed%20-%20The%20Boys%20Dope.mp3",
"https://jetsetradio.live/radio/stations/turntablism/Mix%20Master%20Mike%20-%20Anti%20Theft%20Device.mp3",
"https://jetsetradio.live/radio/stations/turntablism/Mix%20Master%20Mike%20-%20Patrol%20Knob.mp3",
"https://jetsetradio.live/radio/stations/turntablism/Module%20VS%20Sidhe%20Interactive%20-%20Turntable%20TV%20%28Re-Vizion%29.mp3",
"https://jetsetradio.live/radio/stations/turntablism/Mr.%20Mediamanx%20-%20Add%20Tech%20and%20Scratch.mp3",
"https://jetsetradio.live/radio/stations/turntablism/Nirvana%20Vs%20Rick%20James%20-%20All%20Apologies%20Vs%20Give%20It%20To%20Me%20Baby%20%28DJ%20Shadow%20Mix%29.mp3",
"https://jetsetradio.live/radio/stations/turntablism/Pepe%20Deluxe%20-%20Call%20Me%20Goldfinger.mp3",
"https://jetsetradio.live/radio/stations/turntablism/Skratch%20Gangstaz%20-%20Director%27s%20Cut.mp3",
"https://jetsetradio.live/radio/stations/turntablism/Ugly%20Duckling%20-%20Einstein%20Do%20It.mp3",
