ggs,
"https://jetsetradio.live/radio/stations/ggs/A%20Skillz%20-%20Good%20Music.mp3",
"https://jetsetradio.live/radio/stations/ggs/A%20Skillz%2C%20Dr%20Luke%2C%20Kraftykuts%20-%20Bring%20Back%20The%20Funk.mp3",
"https://jetsetradio.live/radio/stations/ggs/Aceyalone%20-%20All%20For%20U%20%28RJD2%20Mix%29.mp3",
"https://jetsetradio.live/radio/stations/ggs/Apollo%20440%20-%20Can%27t%20Stop%20The%20Rock.mp3",
"https://jetsetradio.live/radio/stations/ggs/Arrested%20Development%20-%20Man%27s%20Final%20Frontier.mp3",
"https://jetsetradio.live/radio/stations/ggs/BadboE%20-%20Funk%20In%20The%20Air%20%28Fort%20Knox%20Five%20Remix%29.mp3",
"https://jetsetradio.live/radio/stations/ggs/BadboE%20-%20Green%20Power%20Funk.mp3",
"https://jetsetradio.live/radio/stations/ggs/BadboE%20-%20Hercules%20%28Original%20Mix%29.mp3",
"https://jetsetradio.live/radio/stations/ggs/BadboE%20-%20Make%20It%20Happen%20%28Father%20Funk%20Remix%29.mp3",
"https://jetsetradio.live/radio/stations/ggs/BadboE%20-%20Masterpiece.mp3",
"https://jetsetradio.live/radio/stations/ggs/BadboE%20-%20My%20Bad%20%28Jayl%20Funk%20Remix%29.mp3",
"https://jetsetradio.live/radio/stations/ggs/BadboE%20-%20One%20Of%20Those%20Days%20%28Pimpsoul%20Remix%29.mp3",
"https://jetsetradio.live/radio/stations/ggs/BadboE%20-%20What%20You%20Wanna%20Do%20%28Funkanomics%20Remix%29.mp3",
"https://jetsetradio.live/radio/stations/ggs/BadboE%20vs%20Prosper%20-%20Too%20Hot%20To%20Handle.mp3",
"https://jetsetradio.live/radio/stations/ggs/Bart%20Baker%20%26%20Slim%20Gaillard%20-%20Communication.mp3",
"https://jetsetradio.live/radio/stations/ggs/Beastie%20Boys%20-%20Flute%20Loop.mp3",
"https://jetsetradio.live/radio/stations/ggs/Beastie%20Boys%20-%20Hey%20Ladies%20%28Fare%20Soldi%20Remix%29.mp3",
"https://jetsetradio.live/radio/stations/ggs/Beastie%20Boys%20-%20Sabotage.mp3",
"https://jetsetradio.live/radio/stations/ggs/Beastie%20Boys%20-%20So%20What%20Cha%20Want.mp3",
"https://jetsetradio.live/radio/stations/ggs/Beastie%20Boys%20-%20Sure%20Shot.mp3",
"https://jetsetradio.live/radio/stations/ggs/BotanicSage%20-%20Super%20Ink%20Shooter.mp3",
"https://jetsetradio.live/radio/stations/ggs/Brother%20Ali%20-%20Blah%20Blah%20Blah.mp3",
"https://jetsetradio.live/radio/stations/ggs/C2C%20-%20Happy%20%28feat.%20Derek%20Martin%29.mp3",
"https://jetsetradio.live/radio/stations/ggs/Cage%20The%20Elephant%20-%20Ain%27t%20No%20Rest%20For%20The%20Wicked%20%28Schematic%20Remix%29.mp3",
"https://jetsetradio.live/radio/stations/ggs/Cee%20Roo%20-%20Give%20It%20Up.mp3",
"https://jetsetradio.live/radio/stations/ggs/Cypress%20Hill%20-%20Insane%20In%20The%20Brain.mp3",
"https://jetsetradio.live/radio/stations/ggs/De%20La%20Funke%20-%20Shall%20We%20Go.mp3",
"https://jetsetradio.live/radio/stations/ggs/Del%20the%20Funky%20Homosapien%20-%20Burnt.mp3",
"https://jetsetradio.live/radio/stations/ggs/Del%20the%20Funky%20Homosapien%20-%20Mistadobalina.mp3",
"https://jetsetradio.live/radio/stations/ggs/Deluxe%20Feat%20A%20State%20Of%20Mind%20-%20Breaking%20News.mp3",
"https://jetsetradio.live/radio/stations/ggs/DJ%20Hiphoppapotamus%20-%20Bigger%20Than%20A%20Hiphoppapotamus.mp3",
"https://jetsetradio.live/radio/stations/ggs/Fatboy%20Slim%20-%20Always%20Read%20The%20Label.mp3",
"https://jetsetradio.live/radio/stations/ggs/Fatboy%20Slim%20-%20Rockafeller%20Skank.mp3",
"https://jetsetradio.live/radio/stations/ggs/Fatboy%20Slim%20-%20Weapon%20of%20Choice%20%28Tom%20Drummond%20Remix%29.mp3",
"https://jetsetradio.live/radio/stations/ggs/FDEL%20-%20Ladies%20and%20Gentlemen.mp3",
"https://jetsetradio.live/radio/stations/ggs/FDEL%20-%20Rocksteady.mp3",
"https://jetsetradio.live/radio/stations/ggs/Feature%20Cast%20-%20Channel%20Surfing.mp3",
"https://jetsetradio.live/radio/stations/ggs/Fu%20Schnickens%20-%20Express%20Yourself%20%28feat%20Roger%20Troutman%29.mp3",
"https://jetsetradio.live/radio/stations/ggs/Funkstar%20De%20Luxe%20-%20Ignition.mp3",
"https://jetsetradio.live/radio/stations/ggs/Galactic%20-%20Do%20It%20Again%20%28Featuring%20Cheeky%20Blakk%29.mp3",
"https://jetsetradio.live/radio/stations/ggs/Ghetto%20Funk%20-%20Cant%20Stomp.mp3",
"https://jetsetradio.live/radio/stations/ggs/Gorillaz%20-%2019%202000%20%28Soulchild%20Remix%29.mp3",
"https://jetsetradio.live/radio/stations/ggs/Gorillaz%20-%20Dare.mp3",
"https://jetsetradio.live/radio/stations/ggs/Gorillaz%20-%20Re-Hash.mp3",
"https://jetsetradio.live/radio/stations/ggs/Gorillaz%20-%20Sleeping%20Powder.mp3",
"https://jetsetradio.live/radio/stations/ggs/Gramatik%20-%20Boom%20Bap%20Reinstated.mp3",
"https://jetsetradio.live/radio/stations/ggs/Gramatik%20-%20Break%20Loose.mp3",
"https://jetsetradio.live/radio/stations/ggs/Gramatik%20-%20Im%20Doin%20My%20Thang.mp3",
"https://jetsetradio.live/radio/stations/ggs/GRiZ%20-%20A%20Fine%20Way%20To%20Die%20%28feat%20Orlando%20Napier%29.mp3",
"https://jetsetradio.live/radio/stations/ggs/GRiZ%20-%20Feel%20The%20Love.mp3",
"https://jetsetradio.live/radio/stations/ggs/GRiZ%20-%20Funk%20Party.mp3",
"https://jetsetradio.live/radio/stations/ggs/GRiZ%20-%20Gettin%27%20Live.mp3",
"https://jetsetradio.live/radio/stations/ggs/GRiZ%20-%20Good%20Times%20Roll%20%28feat%20Big%20Gigantic%29.mp3",
"https://jetsetradio.live/radio/stations/ggs/GRiZ%20-%20Hard%20Times.mp3",
"https://jetsetradio.live/radio/stations/ggs/GRiZ%20-%20It%27s%20All%20Good%20%28feat%20Jessie%20Arlen%29.mp3",
"https://jetsetradio.live/radio/stations/ggs/GRiZ%20-%20Stop%20Trippin%27%20%28feat%20iDA%20Hawk%29.mp3",
"https://jetsetradio.live/radio/stations/ggs/GRiZ%20-%20The%20Anthem%20%28feat%20Mike%20Avery%29.mp3",
"https://jetsetradio.live/radio/stations/ggs/GRiZ%20-%20The%20Future%20Is%20Now.mp3",
"https://jetsetradio.live/radio/stations/ggs/Grizmatik%20-%20Digital%20Liberation%20Is%20Mad%20Freedom.mp3",
"https://jetsetradio.live/radio/stations/ggs/Grizmatik%20-%20My%20People.mp3",
"https://jetsetradio.live/radio/stations/ggs/Howla%20-%20Can%27t%20Get%20Next%20To%20You.mp3",
"https://jetsetradio.live/radio/stations/ggs/Imi%20Kamoze%20-%20Here%20Comes%20the%20Hotstepper.mp3",
"https://jetsetradio.live/radio/stations/ggs/Janelle%20Monae%20ft%20Big%20Boi%20-%20Tightrope.mp3",
"https://jetsetradio.live/radio/stations/ggs/Junkie%20XL%20-%20Catch%20Up%20To%20My%20Step%20%28Bossatnova%20Remix%29.mp3",
"https://jetsetradio.live/radio/stations/ggs/Jurassic%205%20-%20Break.mp3",
"https://jetsetradio.live/radio/stations/ggs/Jurassic%205%20-%20Improvise.mp3",
"https://jetsetradio.live/radio/stations/ggs/Jurassic%205%20-%20Red%20Hot.mp3",
"https://jetsetradio.live/radio/stations/ggs/Jurassic%205%20-%20Sum%20of%20Us.mp3",
"https://jetsetradio.live/radio/stations/ggs/Jurassic%205%20-%20What%27s%20Golden.mp3",
"https://jetsetradio.live/radio/stations/ggs/Lenny%20Kravitz%20-%20Fly%20Away%20%28PINEO%20%26%20LOEB%20Remix%29.mp3",
"https://jetsetradio.live/radio/stations/ggs/Lt%20Frank%20Drebin%20-%20Beat%20Fatigue%20%28WBBL%20Remix%29.mp3",
"https://jetsetradio.live/radio/stations/ggs/Main%20Source%20-%20Atom.mp3",
"https://jetsetradio.live/radio/stations/ggs/Mark%20Ronson%20-%20Feel%20Right.mp3",
"https://jetsetradio.live/radio/stations/ggs/Martin%20Solveig%20-%20Big%20In%20Japan%20%28Feat%20Dragonette%20%26%20Idoling%29.mp3",
"https://jetsetradio.live/radio/stations/ggs/Midicronica%20-%20Star%20Diva.mp3",
"https://jetsetradio.live/radio/stations/ggs/MIM%20-%20Gods%20%28Instrumental%29.mp3",
"https://jetsetradio.live/radio/stations/ggs/Mint%20Royale%20-%20Blue%20Song.mp3",
"https://jetsetradio.live/radio/stations/ggs/Mystikal%20-%20Smashing%20the%20Gas%20%28Get%20Faster%29.mp3",
"https://jetsetradio.live/radio/stations/ggs/Nanarthur%20-%20Space%20Raiders%20Song%20For%20Dot%20Wlm.mp3",
"https://jetsetradio.live/radio/stations/ggs/NWA%20-%20Express%20Yourself.mp3",
"https://jetsetradio.live/radio/stations/ggs/Ozomatli%20-%20Cut%20Chemist%20Suite.mp3",
"https://jetsetradio.live/radio/stations/ggs/Red%20Hot%20Chili%20Peppers%20-%20Roller%20Coaster%20of%20Love.mp3",
"https://jetsetradio.live/radio/stations/ggs/RIP%20Slyme%20-%20Super%20Shooter.mp3",
"https://jetsetradio.live/radio/stations/ggs/Rory%20Hoy%20-%20Big%20Beat%20Stevie.mp3",
"https://jetsetradio.live/radio/stations/ggs/Scapegoat%20Wax%20-%20Around%20Midnight%20%28feat.%20Reese%20Weil%29.mp3",
"https://jetsetradio.live/radio/stations/ggs/Scapegoat%20Wax%20-%20Bloodsweet.mp3",
"https://jetsetradio.live/radio/stations/ggs/Scapegoat%20Wax%20-%20Freeway.mp3",
"https://jetsetradio.live/radio/stations/ggs/Shakkazombie%20-%20Shiroi%20Yami%20no%20Naka.mp3",
"https://jetsetradio.live/radio/stations/ggs/Sir%20Sly%20-%20High.mp3",
"https://jetsetradio.live/radio/stations/ggs/Skankfunk%20-%20Strutters%20Cruise.mp3",
"https://jetsetradio.live/radio/stations/ggs/Skeewiff%20%26%20Vanessa%20Contenay%20-%20Heatwave%20%28Don%27t%20Stop%29.mp3",
"https://jetsetradio.live/radio/stations/ggs/Smash%20Mouth%20-%20Hot.mp3",
"https://jetsetradio.live/radio/stations/ggs/Stylust%20Beats%20-%20Sleeveless%20Jumpoff.mp3",
"https://jetsetradio.live/radio/stations/ggs/Super%20Holla%20Tricka%20Krafty%20Kuts%20-%20Gwen%20Stefani%20vs%20Beastie%20Boys%20vs%20Wild%20Cherry.mp3",
"https://jetsetradio.live/radio/stations/ggs/Teddybears%20-%20Rocket%20Scientist%20%28Feat%20Eve%29.mp3",
"https://jetsetradio.live/radio/stations/ggs/The%20Coup%20-%20I%20Ain%27t%20the%20Nigga.mp3",
"https://jetsetradio.live/radio/stations/ggs/The%20Floozies%20-%20Stuntin%27.mp3",
"https://jetsetradio.live/radio/stations/ggs/The%20Hives%20-%20Tick%20Tick%20Boom.mp3",
"https://jetsetradio.live/radio/stations/ggs/The%20Mighty%20Mocambos%20-%20It%27s%20The%20Music%20%28A%20Skillz%20%26%20Stickybuds%20Remix%29.mp3",
"https://jetsetradio.live/radio/stations/ggs/The%20Pharcyde%20-%20Oh%20Shit.mp3",
"https://jetsetradio.live/radio/stations/ggs/The%20Pharcyde%20-%20Ya%20Mama.mp3",
"https://jetsetradio.live/radio/stations/ggs/The%20Prodigy%20-%20Stand%20Up.mp3",
"https://jetsetradio.live/radio/stations/ggs/The%20Wiseguys%20-%20Ooh%20La%20La.mp3",
"https://jetsetradio.live/radio/stations/ggs/The%20Wiseguys%20-%20Re-Introduction.mp3",
"https://jetsetradio.live/radio/stations/ggs/Thomas%20Bangalter%20-%20Spinal%20Scratch.mp3",
"https://jetsetradio.live/radio/stations/ggs/TJR%20-%20Funky%20Vodka%20%28Original%20Mix%29.mp3",
