bonafidebloom,
"https://jetsetradio.live/radio/stations/bonafidebloom/BonafideBloom%20-%209%20lives.mp3",
"https://jetsetradio.live/radio/stations/bonafidebloom/BonafideBloom%20-%20alpin%20resa.mp3",
"https://jetsetradio.live/radio/stations/bonafidebloom/BonafideBloom%20-%20apricus.mp3",
"https://jetsetradio.live/radio/stations/bonafidebloom/BonafideBloom%20-%20believer%27s%20flip%20side.mp3",
"https://jetsetradio.live/radio/stations/bonafidebloom/BonafideBloom%20-%20C.rown%20M.y%20E.nergy.mp3",
"https://jetsetradio.live/radio/stations/bonafidebloom/BonafideBloom%20-%20cannacoast%20lounge.mp3",
"https://jetsetradio.live/radio/stations/bonafidebloom/BonafideBloom%20-%20champion%27s%20survival.mp3",
"https://jetsetradio.live/radio/stations/bonafidebloom/BonafideBloom%20-%20coast%20to%20coast%2C%20space%20ghost.mp3",
"https://jetsetradio.live/radio/stations/bonafidebloom/BonafideBloom%20-%20corvus%20et%20tempus.mp3",
"https://jetsetradio.live/radio/stations/bonafidebloom/BonafideBloom%20-%20dreamwalker.mp3",
"https://jetsetradio.live/radio/stations/bonafidebloom/BonafideBloom%20-%20ether%20possessor.mp3",
"https://jetsetradio.live/radio/stations/bonafidebloom/BonafideBloom%20-%20flashback%20fever.mp3",
"https://jetsetradio.live/radio/stations/bonafidebloom/BonafideBloom%20-%20frost%20yourself.mp3",
"https://jetsetradio.live/radio/stations/bonafidebloom/BonafideBloom%20-%20Inara%20Serra%27s%20journey%20of%20the%20%27Verse.mp3",
"https://jetsetradio.live/radio/stations/bonafidebloom/BonafideBloom%20-%20intend%2C%20oh%2C%20change%20your%20stars.mp3",
"https://jetsetradio.live/radio/stations/bonafidebloom/BonafideBloom%20-%20karma%20dharma.mp3",
"https://jetsetradio.live/radio/stations/bonafidebloom/BonafideBloom%20-%20keep%20on%20keeping%20on.mp3",
"https://jetsetradio.live/radio/stations/bonafidebloom/BonafideBloom%20-%20kulning%20for%20you.mp3",
"https://jetsetradio.live/radio/stations/bonafidebloom/BonafideBloom%20-%20lightning%20showers%20may%20bring%20powers.mp3",
"https://jetsetradio.live/radio/stations/bonafidebloom/BonafideBloom%20-%20melting%20sugarcubes.mp3",
"https://jetsetradio.live/radio/stations/bonafidebloom/BonafideBloom%20-%20memory%20reel.mp3",
"https://jetsetradio.live/radio/stations/bonafidebloom/BonafideBloom%20-%20meteor%20shower.mp3",
"https://jetsetradio.live/radio/stations/bonafidebloom/BonafideBloom%20-%20moldavite%20wulong.mp3",
"https://jetsetradio.live/radio/stations/bonafidebloom/BonafideBloom%20-%20morality%20check.mp3",
"https://jetsetradio.live/radio/stations/bonafidebloom/BonafideBloom%20-%20pioneering%20new%20earth%20golden%20heart.mp3",
"https://jetsetradio.live/radio/stations/bonafidebloom/BonafideBloom%20-%20plumbob.mp3",
"https://jetsetradio.live/radio/stations/bonafidebloom/BonafideBloom%20-%20scope%20%27n%27%20blastris.mp3",
"https://jetsetradio.live/radio/stations/bonafidebloom/BonafideBloom%20-%20seam%20ripper.mp3",
"https://jetsetradio.live/radio/stations/bonafidebloom/BonafideBloom%20-%20serenity%27s%20voyage.mp3",
"https://jetsetradio.live/radio/stations/bonafidebloom/BonafideBloom%20-%20sisuE.mp3",
"https://jetsetradio.live/radio/stations/bonafidebloom/BonafideBloom%20-%20solace%20in%20seattle.mp3",
"https://jetsetradio.live/radio/stations/bonafidebloom/BonafideBloom%20-%20spark%20%26%20glow.mp3",
"https://jetsetradio.live/radio/stations/bonafidebloom/BonafideBloom%20-%20temple%20garden.mp3",
"https://jetsetradio.live/radio/stations/bonafidebloom/BonafideBloom%20-%20terminus%20iter.mp3",
"https://jetsetradio.live/radio/stations/bonafidebloom/BonafideBloom%20-%20the%20sedona%20effect.mp3",
"https://jetsetradio.live/radio/stations/bonafidebloom/BonafideBloom%20-%20win%20key.mp3",
