ultraremixes,
"https://jetsetradio.live/radio/stations/ultraremixes/Ayano%20ULTRA%20-%20Onishima.mp3",
"https://jetsetradio.live/radio/stations/ultraremixes/Ayano%20ULTRA%20-%20Ronin%20on%20the%20Radio.mp3",
"https://jetsetradio.live/radio/stations/ultraremixes/Ayano%20ULTRA%20-%20Sweet%20Future.mp3",
"https://jetsetradio.live/radio/stations/ultraremixes/Blue9Fairy%20-%20Herbing%20the%20Cockline.mp3",
"https://jetsetradio.live/radio/stations/ultraremixes/Chief%20Takinawa%20-%20Get%20Up%20Defend%20Your%20Turf.mp3",
"https://jetsetradio.live/radio/stations/ultraremixes/Cibo%20Matto%20-%20Birthday%20Cake%20%28Lotus%20Cloud%20Flip%29.mp3",
"https://jetsetradio.live/radio/stations/ultraremixes/COCONABE%20-%20BIONICLE%20Bassline.mp3",
"https://jetsetradio.live/radio/stations/ultraremixes/COCONABE%20-%20Golfman.mp3",
"https://jetsetradio.live/radio/stations/ultraremixes/COCONABE%20-%20Korone%20Ball%20Breakers.mp3",
"https://jetsetradio.live/radio/stations/ultraremixes/COCONABE%20-%20SO%20FUNKY%20NOW.mp3",
"https://jetsetradio.live/radio/stations/ultraremixes/CrystalForce%20-%20That%27s%20Enough%2C%20I%20Just%20Came%20Here%20to%20Bounce.mp3",
"https://jetsetradio.live/radio/stations/ultraremixes/CrystalForce%20%26%20NutellaFrenchToast%20-%20The%20Concept%20of%20Plastic%20Love.mp3",
"https://jetsetradio.live/radio/stations/ultraremixes/Cxldr3%20-%20Electric%20Tooth%20Brush%20%28Rearranged%29.mp3",
"https://jetsetradio.live/radio/stations/ultraremixes/digboy%20-%20Sweet%20Soul%20Skank.mp3",
"https://jetsetradio.live/radio/stations/ultraremixes/DJ%20Kychu%20-%20Shape%20Da%20Future%20%28DJ%20Kychu%20Remix%29.mp3",
"https://jetsetradio.live/radio/stations/ultraremixes/duuzu%20-%20Everybody%27s%20Jumping%20Around.mp3",
"https://jetsetradio.live/radio/stations/ultraremixes/duuzu%20-%20FUNKY%20RENTAL.mp3",
"https://jetsetradio.live/radio/stations/ultraremixes/duuzu%20-%20Teknopathetologic.mp3",
"https://jetsetradio.live/radio/stations/ultraremixes/Ethan64Music%20-%20Humming%20the%20Turismo.mp3",
"https://jetsetradio.live/radio/stations/ultraremixes/Ethan64Music%20-%20Shakeman.mp3",
"https://jetsetradio.live/radio/stations/ultraremixes/Ethan64Music%20-%20That%27s%20Enough%20Time%20at%20the%20Spa.mp3",
"https://jetsetradio.live/radio/stations/ultraremixes/Expensive%20Dispenser%20-%20Futsal%20Like%20A%20Butterfly.mp3",
"https://jetsetradio.live/radio/stations/ultraremixes/Expensive%20Dispenser%20-%20Ill%20Pretty%20Flacko%20Beat%202%20%28IPFB2%29.mp3",
"https://jetsetradio.live/radio/stations/ultraremixes/Expensive%20Dispenser%20-%20My%20Name%20Is%20Professor%20Kay.mp3",
"https://jetsetradio.live/radio/stations/ultraremixes/Expensive%20Dispenser%20-%20Object%20It%20On.mp3",
"https://jetsetradio.live/radio/stations/ultraremixes/Expensive%20Dispenser%20-%20Off%20Sneek.mp3",
"https://jetsetradio.live/radio/stations/ultraremixes/Expensive%20Dispenser%20-%20Short%20Answer.mp3",
"https://jetsetradio.live/radio/stations/ultraremixes/Expensive%20Dispenser%20-%20THE%20CONCEPT%20OF%20WHAT%27S%20GOOD.mp3",
"https://jetsetradio.live/radio/stations/ultraremixes/Frostix%20-%20VERY%20COOL%20VICTORY%20BEAT.mp3",
"https://jetsetradio.live/radio/stations/ultraremixes/Galactic%20Hole%20-%20jam%20slam%20radio.mp3",
"https://jetsetradio.live/radio/stations/ultraremixes/GCJ%20-%20Funky%20Rudies%20Wrist%20Gadgets.mp3",
"https://jetsetradio.live/radio/stations/ultraremixes/GCJ%20-%20Sneakman%20%28Remix%29.mp3",
"https://jetsetradio.live/radio/stations/ultraremixes/Grambam36%20-%20Concept%20of%20Your%20Mom.mp3",
"https://jetsetradio.live/radio/stations/ultraremixes/Grambam36%20-%20DJ%20Hustle.mp3",
"https://jetsetradio.live/radio/stations/ultraremixes/Grambam36%20-%20Everybody%20Fuck%20Now.mp3",
"https://jetsetradio.live/radio/stations/ultraremixes/Grambam36%20-%20Everybody%20Funk%20Now.mp3",
"https://jetsetradio.live/radio/stations/ultraremixes/Grambam36%20-%20Funky%20ARMS.mp3",
"https://jetsetradio.live/radio/stations/ultraremixes/Grambam36%20-%20Future%20Da%20Future.mp3",
"https://jetsetradio.live/radio/stations/ultraremixes/Grambam36%20-%20Improvising%20Money.mp3",
"https://jetsetradio.live/radio/stations/ultraremixes/Grambam36%20-%20Parakaround%20Now.mp3",
"https://jetsetradio.live/radio/stations/ultraremixes/Hideki%20Naganuma%20-%20Sneakman%20%28Visualizer%27s%20Teknofunk%20Remix%29.mp3",
"https://jetsetradio.live/radio/stations/ultraremixes/Hideki%20Naganuma%20-%20The%20Concept%20Of%20Love%20%28Coughinz%20Remix%29.mp3",
"https://jetsetradio.live/radio/stations/ultraremixes/Hideki%20Naganuma%20vs%20Guitar%20Vader%20-%20I%20Love%20Love%20The%20Bassline.mp3",
"https://jetsetradio.live/radio/stations/ultraremixes/Hideki%20Naganuma%20vs%20Smash%20Mouth%20-%20That%27s%20Enough.mp3",
"https://jetsetradio.live/radio/stations/ultraremixes/Hideki%20Naganuma%20x%20Khia%20-%20My%20This%20This%20My%20That.mp3",
"https://jetsetradio.live/radio/stations/ultraremixes/J-MUSIC%20Ensemble%20-%20Teknopathetic.mp3",
"https://jetsetradio.live/radio/stations/ultraremixes/James%20Landino%20-%20Teknopathetic%20%28Remix%29.mp3",
"https://jetsetradio.live/radio/stations/ultraremixes/Jelehu%20-%20Grace%2C%20Glory%2C%20and%20Gojis%20Ghost.mp3",
"https://jetsetradio.live/radio/stations/ultraremixes/KryptoDigital%20-%20Up-Set%20Penis.mp3",
"https://jetsetradio.live/radio/stations/ultraremixes/Kyunnie%20-%20Scratchman%20Sam.mp3",
"https://jetsetradio.live/radio/stations/ultraremixes/Logi%20-%20Humming%20the%20Bassline%20%28Scratchin%27%20Remix%29.mp3",
"https://jetsetradio.live/radio/stations/ultraremixes/Machine%20Girl%20-%20Mischievous%20Boy%20%28Poison%20Jam%20Mix%29.mp3",
"https://jetsetradio.live/radio/stations/ultraremixes/MatrixMarioX%20-%20Everybody%20Bang%20Around.mp3",
"https://jetsetradio.live/radio/stations/ultraremixes/MatrixMarioX%20-%20Humming%20the%20Bowsline.mp3",
"https://jetsetradio.live/radio/stations/ultraremixes/MatrixMarioX%20-%20Jet%20Set%20Woolly%20World.mp3",
"https://jetsetradio.live/radio/stations/ultraremixes/MatrixMarioX%20-%20No%20Wait%20Jump%20Around%20To%20This%20Instead%20%28Gorillaz%20Mix%29.mp3",
"https://jetsetradio.live/radio/stations/ultraremixes/MatrixMarioX%20-%20Oldies%20But%20Happiest.mp3",
"https://jetsetradio.live/radio/stations/ultraremixes/MatrixMarioX%20-%20Splatting%20The%20Bassline%20%28DS%20Remix%29.mp3",
"https://jetsetradio.live/radio/stations/ultraremixes/MatrixMarioX%20-%20Splatting%20The%20Bassline%20%28Redux%29.mp3",
"https://jetsetradio.live/radio/stations/ultraremixes/Michael%20Staple%20-%20Electric%20Tooth%20Brush%20%28Remix%29.mp3",
"https://jetsetradio.live/radio/stations/ultraremixes/Mikroscopic%20-%20Playing%20the%20Bassline.mp3",
"https://jetsetradio.live/radio/stations/ultraremixes/Mr%20Mediamanx%20-%20Hello%20Alison%20%28Freek%20Remix%29.mp3",
"https://jetsetradio.live/radio/stations/ultraremixes/Mr%20Mediamanx%20-%20Look%20at%20the%20Funk.mp3",
"https://jetsetradio.live/radio/stations/ultraremixes/Mr%20Mediamanx%20-%20Menu%20Music.mp3",
"https://jetsetradio.live/radio/stations/ultraremixes/MtH%20-%20Everybee%20Fly%20Around.mp3",
"https://jetsetradio.live/radio/stations/ultraremixes/MtH%20-%20GRACE%20N%20GLORY.mp3",
"https://jetsetradio.live/radio/stations/ultraremixes/Nakaido%20Chabo%20Reichi%20-%20Professed%20Intention%20and%20Real%20Intention.mp3",
"https://jetsetradio.live/radio/stations/ultraremixes/Nixhlestakov%20-%20Bumping%20the%20Bassline%20By.mp3",
"https://jetsetradio.live/radio/stations/ultraremixes/NQT%20-%20Electric%20Collision%20%28Soft%20Toothbrush%29.mp3",
"https://jetsetradio.live/radio/stations/ultraremixes/NQT%20-%20Flowing%20Teknopathetic%20Warfare.mp3",
"https://jetsetradio.live/radio/stations/ultraremixes/NQT%20-%20Like%20It%20Like%20Space%20Trip%20Steps.mp3",
"https://jetsetradio.live/radio/stations/ultraremixes/NQT%20-%20The%20Concept%20of%20Color%20Pulse.mp3",
"https://jetsetradio.live/radio/stations/ultraremixes/NutellaFrenchToast%20-%20FUNKY%20STUDENT.mp3",
"https://jetsetradio.live/radio/stations/ultraremixes/NutellaFrenchToast%20-%20Sneaking%20Through%20Gekkoukan.mp3",
"https://jetsetradio.live/radio/stations/ultraremixes/Onyonreng%20-%20Shape%20Da%20Skyway.mp3",
"https://jetsetradio.live/radio/stations/ultraremixes/Poopy%20Joe%20-%20Everybody%20Jump%20Around%20%28Profizor%20Kaymix%29.mp3",
"https://jetsetradio.live/radio/stations/ultraremixes/POST%20ELVIS%20-%20Bringing%20it%20All%20Back.mp3",
"https://jetsetradio.live/radio/stations/ultraremixes/POST%20ELVIS%20-%20One%20Last%20Ride%20Through%20the%20City%20of%20Tokyo-to%20%28POST%20ELVIS%20SUPER%20MIX%29.mp3",
"https://jetsetradio.live/radio/stations/ultraremixes/Pr0fitl0lis%20-%20Up-Set%20Ghost%20Girls.mp3",
"https://jetsetradio.live/radio/stations/ultraremixes/rats%20-%20I%20Love%20Love%20You%20%28Candy%20Candy%20Cute%20Dimension%20Mix%29.mp3",
"https://jetsetradio.live/radio/stations/ultraremixes/Richard%20Jacques%20-%20Everybody%20Jump%20Around%20%28SASHKO%20NAGANUMA%20REMIX%29.mp3",
"https://jetsetradio.live/radio/stations/ultraremixes/Roc%20the%20Dilettante%20-%20Jet%20Set%20Vervine.mp3",
"https://jetsetradio.live/radio/stations/ultraremixes/Ronin%20Op%20F%20-%20Sneakman%20%28Remix%29.mp3",
"https://jetsetradio.live/radio/stations/ultraremixes/SammyG%20-%20Bassy%20Love%20Child.mp3",
"https://jetsetradio.live/radio/stations/ultraremixes/SammyG%20-%20The%20Concept%20of%20Love%20Love.mp3",
"https://jetsetradio.live/radio/stations/ultraremixes/Sashko%20Naganuma%20-%20Allison%20Love.mp3",
"https://jetsetradio.live/radio/stations/ultraremixes/Sashko%20Naganuma%20-%20Moody%27s%20Fat%20Boom%20Boom.mp3",
"https://jetsetradio.live/radio/stations/ultraremixes/Sashko%20Naganuma%20-%20Understand.mp3",
"https://jetsetradio.live/radio/stations/ultraremixes/Sega77%20-%20DJ%20Professor%20Kunta.mp3",
"https://jetsetradio.live/radio/stations/ultraremixes/Sega77%20-%20Jet%20Set%20Shadow.mp3",
"https://jetsetradio.live/radio/stations/ultraremixes/SilvaGunner%20-%20Everybody%20Jump%20Around%20%28Mambo%20Remix%29.mp3",
"https://jetsetradio.live/radio/stations/ultraremixes/SmokyThrill77%20-%20Everybody%20Hit%20The%20Floor.mp3",
"https://jetsetradio.live/radio/stations/ultraremixes/Smooth4Lyfe%20-%20Humming%20the%20Bassline%20%28Vocal%20Mix%29.mp3",
"https://jetsetradio.live/radio/stations/ultraremixes/The%20Akashic%20Chronicler%20-%20Everybody%20Funk%20Around.mp3",
"https://jetsetradio.live/radio/stations/ultraremixes/TheSip%20-%20Smooth%20Star%20Jam.mp3",
"https://jetsetradio.live/radio/stations/ultraremixes/Trifly%20-%20Quan%20Set%20Radio.mp3",
"https://jetsetradio.live/radio/stations/ultraremixes/Unknown%20Meta%20-%20The%20End%20of%20the%20Future.mp3",
"https://jetsetradio.live/radio/stations/ultraremixes/VeraFX%20-%20Devil%27s%20Contract.mp3",
"https://jetsetradio.live/radio/stations/ultraremixes/VLTG%20-%20Real%20Roller%20Radio%20%C3%A2%E2%82%AC%CB%9C99.mp3",
"https://jetsetradio.live/radio/stations/ultraremixes/WholePunch%20-%20Down%20The%20Radio.mp3",
