noisetanks,
"https://jetsetradio.live/radio/stations/noisetanks/Adam%20Freeland%20-%20Fear%20%28Rez%20Mix%29.mp3",
"https://jetsetradio.live/radio/stations/noisetanks/Alesia%20-%20Industriae.mp3",
"https://jetsetradio.live/radio/stations/noisetanks/Andrew%20Huang%20-%20Blaster%20%28Instrumental%29.mp3",
"https://jetsetradio.live/radio/stations/noisetanks/Atmosphere%20-%20Shoulda%20Known%20%28Instrumental%29.mp3",
"https://jetsetradio.live/radio/stations/noisetanks/Bignic%20-%20Daft.mp3",
"https://jetsetradio.live/radio/stations/noisetanks/Bignic%20-%20Romp.mp3",
"https://jetsetradio.live/radio/stations/noisetanks/Bignic%20-%20Scream.mp3",
"https://jetsetradio.live/radio/stations/noisetanks/Boys%20Noize%20-%20Lava%20Lava.mp3",
"https://jetsetradio.live/radio/stations/noisetanks/Boys%20Noize%20-%20Let%27s%20Buy%20Happiness.mp3",
"https://jetsetradio.live/radio/stations/noisetanks/Coins%20-%20Alive%20Intergalactic%20%28Daft%20Science%20Remix%29.mp3",
"https://jetsetradio.live/radio/stations/noisetanks/Coins%20-%20No%20Sleep%20Till%20Brooklyn%20%28Daft%20Science%20Remix%29.mp3",
"https://jetsetradio.live/radio/stations/noisetanks/Coins%20-%20Sure%20Shot%20%28Daft%20Science%20Remix%29.mp3",
"https://jetsetradio.live/radio/stations/noisetanks/Cut%20and%20Paste%20-%20Forget%20it.mp3",
"https://jetsetradio.live/radio/stations/noisetanks/Daft%20Punk%20-%20Aerodynamic%20%28Daft%20Club%20Remix%29.mp3",
"https://jetsetradio.live/radio/stations/noisetanks/Daft%20Punk%20-%20Aerodynamic%20%28Laurent%20Mathieu%20Remix%29.mp3",
"https://jetsetradio.live/radio/stations/noisetanks/Daft%20Punk%20-%20Derezzed%20%28Glitch%20Mob%20Remix%29.mp3",
"https://jetsetradio.live/radio/stations/noisetanks/Daft%20Punk%20-%20Harder%2C%20Better%2C%20Faster%2C%20Stronger%20%28Far%20Out%20Remix%29.mp3",
"https://jetsetradio.live/radio/stations/noisetanks/Daft%20Punk%20-%20Human%20After%20All%20%28Remix%20by%20FSG%29.mp3",
"https://jetsetradio.live/radio/stations/noisetanks/Daft%20Punk%20-%20Technologic%20%28Frenssu%20Remix%29.mp3",
"https://jetsetradio.live/radio/stations/noisetanks/Daft%20Punk%20-%20Technologic.mp3",
"https://jetsetradio.live/radio/stations/noisetanks/Digitalism%20-%20Homezone.mp3",
"https://jetsetradio.live/radio/stations/noisetanks/Digitalism%20-%20Magnets.mp3",
"https://jetsetradio.live/radio/stations/noisetanks/Dirty%20Loud%20-%20School%20Of%20Funk.mp3",
"https://jetsetradio.live/radio/stations/noisetanks/DJ%20Electrohead%20-%20Hit%20the%20Floor.mp3",
"https://jetsetradio.live/radio/stations/noisetanks/Does%20It%20Offend%20You%2C%20Yeah%20-%20Battle%20Royale.mp3",
"https://jetsetradio.live/radio/stations/noisetanks/Does%20It%20Offend%20You%2C%20Yeah%20-%20We%20Are%20Rockstars.mp3",
"https://jetsetradio.live/radio/stations/noisetanks/Does%20It%20Offend%20You%2C%20Yeah%20-%20Weird%20Science.mp3",
"https://jetsetradio.live/radio/stations/noisetanks/edIT%20-%20If%20You%20Crump%20Stand%20Up.mp3",
"https://jetsetradio.live/radio/stations/noisetanks/edIT%20-%20The%20Sirens.mp3",
"https://jetsetradio.live/radio/stations/noisetanks/Electro%20Monstaz%20-%20Popcorn%20Funk.mp3",
"https://jetsetradio.live/radio/stations/noisetanks/Else%20-%20Zephyr.mp3",
"https://jetsetradio.live/radio/stations/noisetanks/Fancy%20-%20What%27s%20Your%20Name%20Again%20%28BUSY%20P%20Remix%29.mp3",
"https://jetsetradio.live/radio/stations/noisetanks/Fatboy%20Slim%20-%20Weapon%20Of%20Choice%20%28Junkie%20XL%20Mix%29.mp3",
"https://jetsetradio.live/radio/stations/noisetanks/Fear%20Factory%20-%20Cyberdyne%20%28Junkie%20XL%20Remix%29.mp3",
"https://jetsetradio.live/radio/stations/noisetanks/FIBRE%20-%20Skylight%20Ballad.mp3",
"https://jetsetradio.live/radio/stations/noisetanks/Foamy10%20-%20Give%20Me%20My%20Phone%20Call.mp3",
"https://jetsetradio.live/radio/stations/noisetanks/Gazburn%20-%20Technology.mp3",
"https://jetsetradio.live/radio/stations/noisetanks/Goose%20-%20Black%20Gloves.mp3",
"https://jetsetradio.live/radio/stations/noisetanks/Gramatik%20-%20Damage%20Intended.mp3",
"https://jetsetradio.live/radio/stations/noisetanks/Gramatik%20-%20Day%20Of%20The%20So%20Called%20Glory.mp3",
"https://jetsetradio.live/radio/stations/noisetanks/Gramatik%20-%20Defying%20Gravity.mp3",
"https://jetsetradio.live/radio/stations/noisetanks/Gramatik%20-%20Got%20To%20Go%20%28Original%20Mix%29.mp3",
"https://jetsetradio.live/radio/stations/noisetanks/Gramatik%20-%20Never%20That%20Easy.mp3",
"https://jetsetradio.live/radio/stations/noisetanks/Gramatik%20-%20Red%20Baron%20Of%20WW3.mp3",
"https://jetsetradio.live/radio/stations/noisetanks/Gramatik%20-%20Step%20007.mp3",
"https://jetsetradio.live/radio/stations/noisetanks/Gramatik%20-%20Take%20It%20Back.mp3",
"https://jetsetradio.live/radio/stations/noisetanks/Gramatik%20-%20Talkbox%20Intended.mp3",
"https://jetsetradio.live/radio/stations/noisetanks/Gramatik%20-%20The%20Night%20Hawk.mp3",
"https://jetsetradio.live/radio/stations/noisetanks/Gramatik%20-%20The%20Uprising.mp3",
"https://jetsetradio.live/radio/stations/noisetanks/Gramatik%20-%20To%20Get%20By.mp3",
"https://jetsetradio.live/radio/stations/noisetanks/Gramatik%20%26%20Break%20Science%20-%20Boogie%20Down.mp3",
"https://jetsetradio.live/radio/stations/noisetanks/Gramatik%20VS%20Gossip%20-%20Dimestore%20Diamond%20%28Remix%29.mp3",
"https://jetsetradio.live/radio/stations/noisetanks/GRiZ%20-%20Live%20on%20Arrival.mp3",
"https://jetsetradio.live/radio/stations/noisetanks/Haywyre%20-%20Back%20and%20Forth%20%28Monstercat%20Release%29.mp3",
"https://jetsetradio.live/radio/stations/noisetanks/Heavy%20Send%20-%20Focus.mp3",
"https://jetsetradio.live/radio/stations/noisetanks/Herzeloyde%20-%20Distracted.mp3",
"https://jetsetradio.live/radio/stations/noisetanks/Hexstatic%20-%20Robopop.mp3",
"https://jetsetradio.live/radio/stations/noisetanks/Huda%20Hudia%20-%20System%20Overload%20%28SSX%20Original%20Tricky%20Mix%29.mp3",
"https://jetsetradio.live/radio/stations/noisetanks/Hyper%20-%20Cascade.mp3",
"https://jetsetradio.live/radio/stations/noisetanks/Insan3Lik3%20-%20We%20Are%20The%20Robots%20%28feat%20Temu%29.mp3",
"https://jetsetradio.live/radio/stations/noisetanks/JEDDI%20-%20Heartbeat.mp3",
"https://jetsetradio.live/radio/stations/noisetanks/Juicy%20Fruit%20-%20Huw%20Williams.mp3",
"https://jetsetradio.live/radio/stations/noisetanks/Junkie%20XL%20-%20Fuusoku%20City.mp3",
"https://jetsetradio.live/radio/stations/noisetanks/Junkie%20XL%20-%20New%20Toy.mp3",
"https://jetsetradio.live/radio/stations/noisetanks/Junkie%20XL%20-%20Nudge.mp3",
"https://jetsetradio.live/radio/stations/noisetanks/Junkie%20XL%20-%20You%20Make%20Me%20Feel%20So%20Good.mp3",
"https://jetsetradio.live/radio/stations/noisetanks/Le%20Castle%20Vania%20-%20LED%20Spirals%20%28Extended%20Edition%29.mp3",
"https://jetsetradio.live/radio/stations/noisetanks/Le%20Castle%20Vania%20-%20Shots%20Fired.mp3",
"https://jetsetradio.live/radio/stations/noisetanks/Leftfield%20-%20Phat%20Planet.mp3",
"https://jetsetradio.live/radio/stations/noisetanks/LFO%20-%20Freak.mp3",
"https://jetsetradio.live/radio/stations/noisetanks/Madeon%20-%20Imperium.mp3",
"https://jetsetradio.live/radio/stations/noisetanks/Marshall%20McGee%20-%20Pixel%20Ninjas.mp3",
"https://jetsetradio.live/radio/stations/noisetanks/MGMT%20-%20Electric%20Feel%20%28Justice%20Remix%29.mp3",
"https://jetsetradio.live/radio/stations/noisetanks/Module%20VS%20Sidhe%20Interactive%20-%20Boss%20Music%20%28All%20Sections%29.mp3",
"https://jetsetradio.live/radio/stations/noisetanks/MOON%20-%20Hydrogen.mp3",
"https://jetsetradio.live/radio/stations/noisetanks/Mr%20Bill%20-%20A%20Simple%20Song.mp3",
"https://jetsetradio.live/radio/stations/noisetanks/Mr%20Bill%20-%20Chlorine.mp3",
"https://jetsetradio.live/radio/stations/noisetanks/Mr%20Bill%20-%20Slate.mp3",
"https://jetsetradio.live/radio/stations/noisetanks/Mr%20Bill%20-%20The%20Enabler%20%26%20The%20Enabled.mp3",
"https://jetsetradio.live/radio/stations/noisetanks/Mr%20Bill%20-%20The%20Oculist.mp3",
"https://jetsetradio.live/radio/stations/noisetanks/Mr%20Bill%20-%20Trickle.mp3",
"https://jetsetradio.live/radio/stations/noisetanks/Mr%20Bill%20-%20URL.mp3",
"https://jetsetradio.live/radio/stations/noisetanks/Mr%20Bill%20%26%20Goosebumpz%20-%20Swivel.mp3",
"https://jetsetradio.live/radio/stations/noisetanks/Mr%20Bill%20%26%20GRUFF%20-%20Pretty%20Sick%2C%20But.mp3",
"https://jetsetradio.live/radio/stations/noisetanks/Mr%20Bill%20%26%20iONik%20-%20Buttersnatch.mp3",
"https://jetsetradio.live/radio/stations/noisetanks/Mr%20Bill%20%26%20Loom%20In%20Essence%20-%20Abba%20Ridge.mp3",
"https://jetsetradio.live/radio/stations/noisetanks/Mr%20Bill%20%26%20Slynk%20-%20Girl%20You%20Got%20Me%20Insane.mp3",
"https://jetsetradio.live/radio/stations/noisetanks/Mr%20Bill%20%26%20The%20Noisy%20Freaks%20-%20Satellite%20Slum.mp3",
"https://jetsetradio.live/radio/stations/noisetanks/Mr%20Bill%20%26%20Videocat%20-%20Rusty%20Wonderland.mp3",
"https://jetsetradio.live/radio/stations/noisetanks/Mr%20Bill%2C%20Sable%20%26%20The%20Mollusk%20-%20Rymth.mp3",
"https://jetsetradio.live/radio/stations/noisetanks/Mr%20Bill%2C%20Tha%20Fruitbat%20%26%20Mr.%20Rogers%20-%20Glurplesque.mp3",
"https://jetsetradio.live/radio/stations/noisetanks/Perturbator%20-%20Future%20Club.mp3",
"https://jetsetradio.live/radio/stations/noisetanks/Perturbator%20-%20Raw%20Power.mp3",
"https://jetsetradio.live/radio/stations/noisetanks/Perturbator%20-%20Satanic%20Rites.mp3",
"https://jetsetradio.live/radio/stations/noisetanks/Pretty%20Lights%20-%20Hot%20Like%20Sauce.mp3",
"https://jetsetradio.live/radio/stations/noisetanks/Pretty%20Lights%20-%20Keep%20Em%20Bouncin.mp3",
"https://jetsetradio.live/radio/stations/noisetanks/Rom%20Di%20Prisco%20-%20Octaal.mp3",
"https://jetsetradio.live/radio/stations/noisetanks/Rom%20Di%20Prisco%20-%20Omicron%20Velorum.mp3",
"https://jetsetradio.live/radio/stations/noisetanks/Sabrepulse%20-%20The%20Rapture.mp3",
"https://jetsetradio.live/radio/stations/noisetanks/Savant%20-%20Spider.mp3",
"https://jetsetradio.live/radio/stations/noisetanks/Savant%20-%20The%20Third%20Eye.mp3",
"https://jetsetradio.live/radio/stations/noisetanks/Savant%20-%20West%20Coast.mp3",
"https://jetsetradio.live/radio/stations/noisetanks/SebastiAn%20-%20Embody.mp3",
"https://jetsetradio.live/radio/stations/noisetanks/Shatter%20Soundtrack%20-%20Boss%20Music.mp3",
"https://jetsetradio.live/radio/stations/noisetanks/Sixfingerz%20-%20Fata%20Morgana%20%28Gramatik%20Remix%29.mp3",
"https://jetsetradio.live/radio/stations/noisetanks/Slowpalace%20-%20Banned.mp3",
"https://jetsetradio.live/radio/stations/noisetanks/Slynk%20-%20Toys.mp3",
"https://jetsetradio.live/radio/stations/noisetanks/Spector%20-%20Just%20Hiss.mp3",
"https://jetsetradio.live/radio/stations/noisetanks/The%20Crystal%20Method%20-%20Vapor%20Trail.mp3",
"https://jetsetradio.live/radio/stations/noisetanks/The%20Noisy%20Freaks%20-%20Funky%20Kids.mp3",
"https://jetsetradio.live/radio/stations/noisetanks/Tokyo%20Machine%20-%20ROCKIT.mp3",
"https://jetsetradio.live/radio/stations/noisetanks/Tut%20Tut%20Child%20-%20Dance%20To%20It.mp3",
