loveshockers,
"https://jetsetradio.live/radio/stations/loveshockers/Amelia%20Arsenic%20-%20On%20the%20Attack.mp3",
"https://jetsetradio.live/radio/stations/loveshockers/Avril%20Lavigne%20-%20Girlfriend%20%28Junkie%20XL%20Extended%20Mix%29.mp3",
"https://jetsetradio.live/radio/stations/loveshockers/Avril%20Lavigne%20-%20Hello%20Kitty.mp3",
"https://jetsetradio.live/radio/stations/loveshockers/AWKWAFINA%20-%20Peggy%20Bundy.mp3",
"https://jetsetradio.live/radio/stations/loveshockers/Band%20Of%20Skulls%20-%20Asleep%20At%20The%20Wheel.mp3",
"https://jetsetradio.live/radio/stations/loveshockers/Bandy%20Leggls%20-%20I%20Know%20U%20Want%20Me.mp3",
"https://jetsetradio.live/radio/stations/loveshockers/Beautiful%20Small%20Machines%20-%20Super%20Conducter.mp3",
"https://jetsetradio.live/radio/stations/loveshockers/Bishop%20-%20Wild%20Horses.mp3",
"https://jetsetradio.live/radio/stations/loveshockers/Bitter%20Sweet%20-%20Bittersweet%20Faith%20%28Thievery%20Corporation%20Remix%29.mp3",
"https://jetsetradio.live/radio/stations/loveshockers/Boyfriend%20-%20Beauty%20is%20Pain.mp3",
"https://jetsetradio.live/radio/stations/loveshockers/Boyfriend%20-%20Hey%20Girl.mp3",
"https://jetsetradio.live/radio/stations/loveshockers/Boyfriend%20-%20Jealousy.mp3",
"https://jetsetradio.live/radio/stations/loveshockers/Boyfriend%20-%20Like%20My%20Hand%20Did.mp3",
"https://jetsetradio.live/radio/stations/loveshockers/Boyfriend%20-%20Love%20Means%20%28DXXXY%20Remix%29.mp3",
"https://jetsetradio.live/radio/stations/loveshockers/Boyfriend%20-%20Love%20Means.mp3",
"https://jetsetradio.live/radio/stations/loveshockers/Charlotte%20Gainsbourg%20-%20Greenwich%20Mean%20Time.mp3",
"https://jetsetradio.live/radio/stations/loveshockers/Churchill%20-%20Change.mp3",
"https://jetsetradio.live/radio/stations/loveshockers/Cibo%20Matto%20-%20Hotel%20Valentine.mp3",
"https://jetsetradio.live/radio/stations/loveshockers/Class%20Actress%20-%20Journal%20of%20Ardency.mp3",
"https://jetsetradio.live/radio/stations/loveshockers/Coins%20-%20On%20Your%20Lips%20feat%20Dolls.mp3",
"https://jetsetradio.live/radio/stations/loveshockers/CSS%20-%20Music%20Is%20My%20Hot%20Hot%20Sex.mp3",
"https://jetsetradio.live/radio/stations/loveshockers/Dan%20The%20Automater%20-%20Stroker%20Ace.mp3",
"https://jetsetradio.live/radio/stations/loveshockers/Die%20Antwoord%20-%20Cookie%20Thumper.mp3",
"https://jetsetradio.live/radio/stations/loveshockers/Die%20Antwoord%20-%20I%20Fink%20U%20Freeky.mp3",
"https://jetsetradio.live/radio/stations/loveshockers/Dinky%20-%20Falling%20Angel.mp3",
"https://jetsetradio.live/radio/stations/loveshockers/District%2078%20-%20Toxic.mp3",
"https://jetsetradio.live/radio/stations/loveshockers/Dragonette%20-%20I%20Get%20Around.mp3",
"https://jetsetradio.live/radio/stations/loveshockers/Dragonette%20-%20Stupid%20Grin.mp3",
"https://jetsetradio.live/radio/stations/loveshockers/Elastica%20-%20Connection.mp3",
"https://jetsetradio.live/radio/stations/loveshockers/Elle%20King%20-%20Ex%27s%20%26%20Oh%27s.mp3",
"https://jetsetradio.live/radio/stations/loveshockers/Felix%20Da%20Housecat%20-%20Rocket%20Ride.mp3",
"https://jetsetradio.live/radio/stations/loveshockers/Findlay%20-%20Off%20%26%20On.mp3",
"https://jetsetradio.live/radio/stations/loveshockers/Fiona%20Apple%20-%20Criminal.mp3",
"https://jetsetradio.live/radio/stations/loveshockers/Florence%20And%20The%20Machine%20-%20Girl%20With%20One%20Eye.mp3",
"https://jetsetradio.live/radio/stations/loveshockers/Gabriela%20Robin%20-%20PAPA%20Plastic.mp3",
"https://jetsetradio.live/radio/stations/loveshockers/Garbage%20-%20Cherry%20Lips.mp3",
"https://jetsetradio.live/radio/stations/loveshockers/Garbage%20-%20Push%20It.mp3",
"https://jetsetradio.live/radio/stations/loveshockers/Garbage%20-%20Queer.mp3",
"https://jetsetradio.live/radio/stations/loveshockers/Goldfish%20-%20Heart%20Shaped%20Box.mp3",
"https://jetsetradio.live/radio/stations/loveshockers/Goldfrapp%20-%20Strict%20Machine.mp3",
"https://jetsetradio.live/radio/stations/loveshockers/Gwen%20Stefani%20-%20Hollaback%20Girl.mp3",
"https://jetsetradio.live/radio/stations/loveshockers/Infinity%20Guitars%20-%20Sleigh%20Bells.mp3",
"https://jetsetradio.live/radio/stations/loveshockers/Junkie%20XL%20-%20Mad%20Pursuit.mp3",
"https://jetsetradio.live/radio/stations/loveshockers/Junkie%20XL%20-%20More%20%28Radio%20Edit%29.mp3",
"https://jetsetradio.live/radio/stations/loveshockers/Junkie%20XL%20-%20More%20More%20%28Tocadisco%20Remix%29.mp3",
"https://jetsetradio.live/radio/stations/loveshockers/Kid%20Loco%20-%20Gypsie%20Good%20Time.mp3",
"https://jetsetradio.live/radio/stations/loveshockers/Kid%20Loco%20-%20Lucy%27s%20Talking.mp3",
"https://jetsetradio.live/radio/stations/loveshockers/Kim%20Tillman%20%26%20Silent%20Films%20-%20Evelyn.mp3",
"https://jetsetradio.live/radio/stations/loveshockers/La%20Roux%20-%20Tigerlily.mp3",
"https://jetsetradio.live/radio/stations/loveshockers/Lovage%20-%20Archie%20%26%20Veronica.mp3",
"https://jetsetradio.live/radio/stations/loveshockers/Lovage%20-%20Pit%20Stop%20%28Take%20Me%20Home%29.mp3",
"https://jetsetradio.live/radio/stations/loveshockers/Lovage%20-%20Strangers%20on%20a%20Train.mp3",
"https://jetsetradio.live/radio/stations/loveshockers/Lovage%20-%20To%20Catch%20A%20Thief.mp3",
"https://jetsetradio.live/radio/stations/loveshockers/Make%20The%20Girl%20Dance%20-%20Baby%20Baby%20Baby.mp3",
"https://jetsetradio.live/radio/stations/loveshockers/Man%20Like%20That%20-%20Gin%20Wigmore.mp3",
"https://jetsetradio.live/radio/stations/loveshockers/Mars%20Argo%20-%20Beauty%20Is%20Empty.mp3",
"https://jetsetradio.live/radio/stations/loveshockers/Melanie%20Martinez%20-%20Cry%20Baby.mp3",
"https://jetsetradio.live/radio/stations/loveshockers/Melanie%20Martinez%20-%20Mad%20Hatter.mp3",
"https://jetsetradio.live/radio/stations/loveshockers/Metric%20-%20Torture%20Me.mp3",
"https://jetsetradio.live/radio/stations/loveshockers/Morningwood%20-%20Nu%20Rock.mp3",
"https://jetsetradio.live/radio/stations/loveshockers/New%20Young%20Pony%20Club%20-%20Ice%20Cream.mp3",
"https://jetsetradio.live/radio/stations/loveshockers/No%20Doubt%20-%20Hella%20Good.mp3",
"https://jetsetradio.live/radio/stations/loveshockers/No%20Doubt%20-%20Love%20To%20Love%20You%20Baby.mp3",
"https://jetsetradio.live/radio/stations/loveshockers/Peaches%20-%20Boys%20Wanna%20Be%20Her.mp3",
"https://jetsetradio.live/radio/stations/loveshockers/Peaches%20-%20Fuck%20the%20Pain%20Away.mp3",
"https://jetsetradio.live/radio/stations/loveshockers/Phantogram%20-%20KYSA.mp3",
"https://jetsetradio.live/radio/stations/loveshockers/Portishead%20-%20Glory%20Box.mp3",
"https://jetsetradio.live/radio/stations/loveshockers/Portishead%20-%20Strangers.mp3",
"https://jetsetradio.live/radio/stations/loveshockers/Santigold%20-%20Disparate%20Youth.mp3",
"https://jetsetradio.live/radio/stations/loveshockers/SEVDALIZA%20-%20That%20Other%20Girl%20%28Malanoche%20Perception%20Remix%29.mp3",
"https://jetsetradio.live/radio/stations/loveshockers/Shiny%20Toy%20Guns%20-%20Le%20Disko.mp3",
"https://jetsetradio.live/radio/stations/loveshockers/Sleigh%20Bells%20-%20Kids.mp3",
"https://jetsetradio.live/radio/stations/loveshockers/Sleigh%20Bells%20-%20Riot%20Rhythm.mp3",
"https://jetsetradio.live/radio/stations/loveshockers/Still%20Corners%20-%20Don%27t%20Fall%20In%20Love.mp3",
"https://jetsetradio.live/radio/stations/loveshockers/Sugar%20Rocket%20-%20Make%20Me%20Blush.mp3",
"https://jetsetradio.live/radio/stations/loveshockers/Sugar%20Rocket%20-%20Only%20For%20Your%20Eyes.mp3",
"https://jetsetradio.live/radio/stations/loveshockers/Supreme%20Beings%20Of%20Leisure%20-%20Under%20The%20Gun.mp3",
"https://jetsetradio.live/radio/stations/loveshockers/The%20Bird%20And%20The%20Bee%20-%20Fucking%20Boyfriend%20%28Peaches%20Remix%29.mp3",
"https://jetsetradio.live/radio/stations/loveshockers/The%20Bird%20And%20The%20Bee%20-%20Polite%20Dance%20Song.mp3",
"https://jetsetradio.live/radio/stations/loveshockers/The%20Cardigans%20-%20My%20Favourite%20Game.mp3",
"https://jetsetradio.live/radio/stations/loveshockers/The%20Pretty%20Reckless%20-%20Heaven%20Knows.mp3",
"https://jetsetradio.live/radio/stations/loveshockers/The%20Soho%20Dolls%20-%20Stripper.mp3",
"https://jetsetradio.live/radio/stations/loveshockers/The%20Submarines%20-%201940%20%28AmpLive%20Remix%29.mp3",
"https://jetsetradio.live/radio/stations/loveshockers/X-Ecutioners%20-%20Like%20This.mp3",
"https://jetsetradio.live/radio/stations/loveshockers/Yummy%20Tasty%20Orchid%20-%20Britney%20Spears%20vs%20Fergie%20vs%20Gwen%20Stefani.mp3",
