halloween,
"https://jetsetradio.live/radio/stations/halloween/A%20Nightmare%20on%20Elm%20Street.mp3",
"https://jetsetradio.live/radio/stations/halloween/AC%20DC%20-%20Highway%20to%20Hell%20%28Deni%20Knight%20Remix%29.mp3",
"https://jetsetradio.live/radio/stations/halloween/AC%20DC%20-%20Highway%20To%20Hell.mp3",
"https://jetsetradio.live/radio/stations/halloween/Aero%20Chord%20-%20Saiko%20%28Monstercat%20Release%29.mp3",
"https://jetsetradio.live/radio/stations/halloween/Aero%20Chord%20-%20Saiko%20VIP.mp3",
"https://jetsetradio.live/radio/stations/halloween/Alice%20Cooper%20-%20Feed%20My%20Frankenstein.mp3",
"https://jetsetradio.live/radio/stations/halloween/Amy%20Winehouse%20-%20Back%20To%20Black%20%28The%20Rumble%20Strips%20Remix%29.mp3",
"https://jetsetradio.live/radio/stations/halloween/Andy%20Williams%20-%20Spooky.mp3",
"https://jetsetradio.live/radio/stations/halloween/Archie%20King%20-%20The%20Vampires.mp3",
"https://jetsetradio.live/radio/stations/halloween/Arctic%20Monkeys%20-%20The%20Jeweller%27s%20Hands.mp3",
"https://jetsetradio.live/radio/stations/halloween/Atmosphere%20-%20The%20Woman%20With%20The%20Tattooed%20Hands.mp3",
"https://jetsetradio.live/radio/stations/halloween/AWOLNATION%20-%20Hollow%20Moon%20%28Bad%20Wolf%29.mp3",
"https://jetsetradio.live/radio/stations/halloween/Bauhaus%20-%20Bela%20Lugosi%27s%20Dead.mp3",
"https://jetsetradio.live/radio/stations/halloween/Beatfreakz%20-%20Somebody%27s%20Watching%20Me%20%28Version%201%29.mp3",
"https://jetsetradio.live/radio/stations/halloween/Beatfreakz%20-%20Somebody%27s%20Watching%20Me%20%28Version%202%29.mp3",
"https://jetsetradio.live/radio/stations/halloween/Beatfreakz%20-%20Somebody%27s%20Watching%20Me%20%28Version%203%29.mp3",
"https://jetsetradio.live/radio/stations/halloween/Bee%20Gees%20-%20Stayin%20Alive%20%28N%20Trance%29.mp3",
"https://jetsetradio.live/radio/stations/halloween/Billie%20Eilish%20-%20ilomilo%20%28Henry%20Saiz%20Remix%29.mp3",
"https://jetsetradio.live/radio/stations/halloween/Billie%20Eilish%20-%20ilomilo.mp3",
"https://jetsetradio.live/radio/stations/halloween/Blockhead%20-%20You%27ve%20Got%20Maelstrom.mp3",
"https://jetsetradio.live/radio/stations/halloween/Blonde%20Redhead%20-%20For%20The%20Damaged.mp3",
"https://jetsetradio.live/radio/stations/halloween/Blue%20Oyster%20Cult%20-%20Don%27t%20Fear%20The%20Reaper.mp3",
"https://jetsetradio.live/radio/stations/halloween/Blues%20Saraceno%20-%20Bad%20Man.mp3",
"https://jetsetradio.live/radio/stations/halloween/Blues%20Saraceno%20-%20Killin%27%20Floor.mp3",
"https://jetsetradio.live/radio/stations/halloween/Bobby%20Borris%20Pickett%20and%20the%20Crypt%20Kickers%20-%20Monster%20Mash.mp3",
"https://jetsetradio.live/radio/stations/halloween/Bow%20Wow%20Wow%20-%20I%20Want%20Candy.mp3",
"https://jetsetradio.live/radio/stations/halloween/Boyfriend%20-%20Jealousy.mp3",
"https://jetsetradio.live/radio/stations/halloween/Bump%20-%20EVIL.mp3",
"https://jetsetradio.live/radio/stations/halloween/Bush%20-%20Mouth.mp3",
"https://jetsetradio.live/radio/stations/halloween/Cab%20Calloway%20-%20St%20James%20Infirmary%20%28Remix%20feat%20Harald%20Kindseth%29.mp3",
"https://jetsetradio.live/radio/stations/halloween/Caravan%20Palace%20-%20Ghosts.mp3",
"https://jetsetradio.live/radio/stations/halloween/Carlos%20Santana%20-%20Black%20Magic%20Woman%20%28E%20Android%20Remix%29.mp3",
"https://jetsetradio.live/radio/stations/halloween/Carlos%20Santana%20-%20Black%20Magic%20Woman.mp3",
"https://jetsetradio.live/radio/stations/halloween/Carlos%20Santana%20-%20Evil%20Ways.mp3",
"https://jetsetradio.live/radio/stations/halloween/Cartoons%20-%20Witch%20Doctor.mp3",
"https://jetsetradio.live/radio/stations/halloween/Childish%20Gambino%20-%20Terrified.mp3",
"https://jetsetradio.live/radio/stations/halloween/Chubby%20Checker%20-%20Doin%27%20the%20Zombie.mp3",
"https://jetsetradio.live/radio/stations/halloween/Classics%20IV%20-%20Spooky.mp3",
"https://jetsetradio.live/radio/stations/halloween/Cranberries%20-%20Zombie.mp3",
"https://jetsetradio.live/radio/stations/halloween/Creedence%20Clearwater%20Revival%20-%20Bad%20Moon%20Rising.mp3",
"https://jetsetradio.live/radio/stations/halloween/Dave%20Matthews%20Band%20-%20Halloween.mp3",
"https://jetsetradio.live/radio/stations/halloween/David%20Bowie%20-%20Blackstar.mp3",
"https://jetsetradio.live/radio/stations/halloween/David%20Seville%20-%20The%20Witch%20Doctor.mp3",
"https://jetsetradio.live/radio/stations/halloween/Dinah%20Washington%20-%20Mean%20And%20Evil%20Blues.mp3",
"https://jetsetradio.live/radio/stations/halloween/Dinky%20-%20Falling%20Angel.mp3",
"https://jetsetradio.live/radio/stations/halloween/Disco%20Heat%20-%20Watching%20You.mp3",
"https://jetsetradio.live/radio/stations/halloween/District%2078%20-%20Toxic.mp3",
"https://jetsetradio.live/radio/stations/halloween/DJ%20Jazzy%20Jeff%20and%20The%20Fresh%20Prince%20-%20A%20Nightmare%20On%20My%20Street.mp3",
"https://jetsetradio.live/radio/stations/halloween/Donovan%20-%20Season%20of%20the%20Witch.mp3",
"https://jetsetradio.live/radio/stations/halloween/Doujah%20Raze%20-%20Crazy.mp3",
"https://jetsetradio.live/radio/stations/halloween/Duponts%20-%20Screamin%20Ball%20At%20Dracula%20Hall.mp3",
"https://jetsetradio.live/radio/stations/halloween/Electric%20Light%20Orchestra%20-%20Evil%20Woman%20%28Professor%20LaCroix%20Instant%20Disco%20Mix%29.mp3",
"https://jetsetradio.live/radio/stations/halloween/Electric%20Light%20Orchestra%20-%20Evil%20Woman.mp3",
"https://jetsetradio.live/radio/stations/halloween/Evanescence%20-%20Haunted.mp3",
"https://jetsetradio.live/radio/stations/halloween/Fight%20Club%20OST%20-%20Medula%20Oblongata.mp3",
"https://jetsetradio.live/radio/stations/halloween/Fiona%20Apple%20-%20Criminal.mp3",
"https://jetsetradio.live/radio/stations/halloween/Florence%20And%20The%20Machine%20-%20Girl%20With%20One%20Eye.mp3",
"https://jetsetradio.live/radio/stations/halloween/Flower%20Power%20-%20Riders%20On%20The%20Storm%20%28Purple%20Rain%20Edit%29.mp3",
"https://jetsetradio.live/radio/stations/halloween/Franz%20Ferdinand%20-%20Evil%20Eye.mp3",
"https://jetsetradio.live/radio/stations/halloween/Gene%20Vincent%20-%20Race%20With%20The%20Devil.mp3",
"https://jetsetradio.live/radio/stations/halloween/George%20Thorogood%20and%20The%20Destroyers%20-%20Bad%20To%20The%20Bone.mp3",
"https://jetsetradio.live/radio/stations/halloween/Ghostbusters%20%28Kill%20Paris%20Remix%29.mp3",
"https://jetsetradio.live/radio/stations/halloween/Ghostbusters%20%28UndreamedPanic%20Remix%29.mp3",
"https://jetsetradio.live/radio/stations/halloween/GhostBusters%20%28Version%201%29.mp3",
"https://jetsetradio.live/radio/stations/halloween/GhostBusters%20%28Version%202%29.mp3",
"https://jetsetradio.live/radio/stations/halloween/Ghostbusters.mp3",
"https://jetsetradio.live/radio/stations/halloween/Gnarls%20Barkley%20-%20Crazy%20%28Slow%20Version%29.mp3",
"https://jetsetradio.live/radio/stations/halloween/Gnarls%20Barkley%20-%20The%20Boogie%20Monster.mp3",
"https://jetsetradio.live/radio/stations/halloween/Gorillaz%20-%20Dracula.mp3",
"https://jetsetradio.live/radio/stations/halloween/Gorillaz%20-%20Ghost%20Train.mp3",
"https://jetsetradio.live/radio/stations/halloween/Gorillaz%20-%20Spitting%20out%20the%20Demons.mp3",
"https://jetsetradio.live/radio/stations/halloween/Gotye%20-%20Don%27t%20Worry%2C%20We%27ll%20Be%20Watching%20You.mp3",
"https://jetsetradio.live/radio/stations/halloween/Gun%20-%20Race%20With%20The%20Devil.mp3",
"https://jetsetradio.live/radio/stations/halloween/Halloween%20%28Ronald%20Jenkees%20Remix%29.mp3",
"https://jetsetradio.live/radio/stations/halloween/Halloween.mp3",
"https://jetsetradio.live/radio/stations/halloween/Hollywood%20Flames%20-%20Frankensteins%20Den.mp3",
"https://jetsetradio.live/radio/stations/halloween/Hot%20Sugar%20-%20The%20Kid%20Who%20Drowned%20At%20Summer%20Camp.mp3",
"https://jetsetradio.live/radio/stations/halloween/Howlin%20Wolf%20-%20Evil%20%28Is%20Going%20On%29.mp3",
"https://jetsetradio.live/radio/stations/halloween/I%20Monster%20-%20These%20Are%20Our%20Children.mp3",
"https://jetsetradio.live/radio/stations/halloween/Insane%20Clown%20Posse%20-%20Pumpkin%20Carver.mp3",
"https://jetsetradio.live/radio/stations/halloween/Irving%20Force%20-%20Back%20Alley%20Creepers.mp3",
"https://jetsetradio.live/radio/stations/halloween/Jace%20Everett%20-%20Bad%20Things.mp3",
"https://jetsetradio.live/radio/stations/halloween/Japan%20-%20Halloween.mp3",
"https://jetsetradio.live/radio/stations/halloween/Jessica%20Lange%20Feat%20The%20Freak%20Show%20-%20Gods%20And%20Monsters.mp3",
"https://jetsetradio.live/radio/stations/halloween/Jimi%20Hendrix%20-%20All%20Along%20The%20Watchtower%20%28Pretty%20Lights%20Remix%29.mp3",
"https://jetsetradio.live/radio/stations/halloween/John%20Murphy%20-%20In%20The%20House%20In%20A%20Heartbeat.mp3",
"https://jetsetradio.live/radio/stations/halloween/Johnathan%20Coulton%20-%20I%20Feel%20Fantastic.mp3",
"https://jetsetradio.live/radio/stations/halloween/Johnny%20Cash%20-%20Ghost%20Riders%20In%20The%20Sky.mp3",
"https://jetsetradio.live/radio/stations/halloween/Joywave%20-%20Destruction.mp3",
"https://jetsetradio.live/radio/stations/halloween/Jumpin%20Gene%20Simmons%20-%20Haunted%20House.mp3",
"https://jetsetradio.live/radio/stations/halloween/Jumpin%27%20Gene%20Simmons%20-%20Haunted%20House.mp3",
"https://jetsetradio.live/radio/stations/halloween/Karen%20O%20and%20Trent%20Reznor%20-%20Immigrant%20Song.mp3",
"https://jetsetradio.live/radio/stations/halloween/KC%20and%20The%20Sunshine%20Band%20-%20I%27m%20Your%20Boogie%20Man.mp3",
"https://jetsetradio.live/radio/stations/halloween/Kevin%20Sherwood%20-%20Beauty%20Of%20Annihilation.mp3",
"https://jetsetradio.live/radio/stations/halloween/Kid%20Loco%20-%20Gypsie%20Good%20Time.mp3",
"https://jetsetradio.live/radio/stations/halloween/Kid%20Loco%20-%20Horsetown%20In%20Vain.mp3",
"https://jetsetradio.live/radio/stations/halloween/Kid%20Loco%20-%20Lucy%27s%20Talking.mp3",
"https://jetsetradio.live/radio/stations/halloween/Kip%20Tyler%20-%20Shes%20My%20Witch.mp3",
"https://jetsetradio.live/radio/stations/halloween/Kris%20Kristofferson%20-%20To%20Beat%20The%20Devil.mp3",
"https://jetsetradio.live/radio/stations/halloween/Kula%20Shaker%20-%20Grateful%20When%20You%27re%20Dead.mp3",
"https://jetsetradio.live/radio/stations/halloween/Left%204%20Dead%202%20Soundtrack%20%28Hip%20Hop%20Remix%29.mp3",
"https://jetsetradio.live/radio/stations/halloween/Leroy%20Bowman%20and%20The%20Arrows%20-%20Graveyard.mp3",
"https://jetsetradio.live/radio/stations/halloween/Lofi%20Hip%20Hop%20-%20Spooky%20Skeleton%20Mini%20Mix.mp3",
"https://jetsetradio.live/radio/stations/halloween/Lorn%20-%20Set%20Me%20Free.mp3",
"https://jetsetradio.live/radio/stations/halloween/Lovage%20-%20Archie%20And%20Veronica.mp3",
"https://jetsetradio.live/radio/stations/halloween/Lovebugstarski%20-%20Amityville%20%28The%20House%20On%20The%20Hill%29.mp3",
"https://jetsetradio.live/radio/stations/halloween/Marilyn%20Manson%20-%20Man%20That%20You%20Fear.mp3",
"https://jetsetradio.live/radio/stations/halloween/Marilyn%20Manson%20-%20Personal%20Jesus.mp3",
"https://jetsetradio.live/radio/stations/halloween/Marilyn%20Manson%20-%20Rock%20Is%20Dead.mp3",
"https://jetsetradio.live/radio/stations/halloween/Marilyn%20Manson%20-%20The%20Beautiful%20People.mp3",
"https://jetsetradio.live/radio/stations/halloween/Marty%20Robbins%20-%20Devil%20Woman.mp3",
"https://jetsetradio.live/radio/stations/halloween/Massive%20Attack%20-%20Teardrop.mp3",
"https://jetsetradio.live/radio/stations/halloween/Melanie%20Martinez%20-%20Mad%20Hatter.mp3",
"https://jetsetradio.live/radio/stations/halloween/Metric%20-%20Torture%20Me.mp3",
"https://jetsetradio.live/radio/stations/halloween/Michael%20April%20-%20Dead%20By%20Daylight.mp3",
"https://jetsetradio.live/radio/stations/halloween/Michael%20Jackson%20-%20Ghosts%20%28Early%20Version%29.mp3",
"https://jetsetradio.live/radio/stations/halloween/Michael%20Jackson%20-%20Thriller%20%28Halloween%20Xmix%20vs%20DMC%29.mp3",
"https://jetsetradio.live/radio/stations/halloween/Michael%20Jackson%20-%20Thriller%20%28The%20Reflex%20Halloween%20Disco%20Edit%29.mp3",
"https://jetsetradio.live/radio/stations/halloween/Michael%20Jackson%20-%20Thriller.mp3",
"https://jetsetradio.live/radio/stations/halloween/Mort%20Garson%20-%20Black%20Mass.mp3",
"https://jetsetradio.live/radio/stations/halloween/Mort%20Garson%20-%20Blue%20Poppy.mp3",
"https://jetsetradio.live/radio/stations/halloween/Muse%20-%20Dead%20Inside.mp3",
"https://jetsetradio.live/radio/stations/halloween/Nick%20Nolan%20-%20Hell%20on%20Wheels.mp3",
"https://jetsetradio.live/radio/stations/halloween/Nightmare%20On%20REZZ%20Street%20-%20Track%2001.mp3",
"https://jetsetradio.live/radio/stations/halloween/Nina%20Simone%20-%20I%20Put%20a%20Spell%20On%20You.mp3",
"https://jetsetradio.live/radio/stations/halloween/Nine%20Inch%20Nails%20-%20Closer%20%28AHZ%20Remix%29.mp3",
"https://jetsetradio.live/radio/stations/halloween/Nosferatu%20Overture%20-%20Omens%20Of%20Nosferatu.mp3",
"https://jetsetradio.live/radio/stations/halloween/Oingo%20Boingo%20-%20Dead%20Man%27s%20Party.mp3",
"https://jetsetradio.live/radio/stations/halloween/Otep%20-%20Apex%20Predator.mp3",
"https://jetsetradio.live/radio/stations/halloween/Ours%20Samplus%20-%20Spell%20On%20You.mp3",
"https://jetsetradio.live/radio/stations/halloween/Ox%20-%20So%20Cold.mp3",
"https://jetsetradio.live/radio/stations/halloween/Ozzy%20Osbourne%20-%20Bark%20at%20the%20Moon.mp3",
"https://jetsetradio.live/radio/stations/halloween/Portishead%20-%20Biscuit.mp3",
"https://jetsetradio.live/radio/stations/halloween/Portishead%20-%20Glory%20Box.mp3",
"https://jetsetradio.live/radio/stations/halloween/Portishead%20-%20Strangers.mp3",
"https://jetsetradio.live/radio/stations/halloween/Pretty%20Lights%20-%20I%20Put%20A%20Spell%20On%20You%20%28Remix%29.mp3",
"https://jetsetradio.live/radio/stations/halloween/Psycho.mp3",
"https://jetsetradio.live/radio/stations/halloween/Queens%20Of%20The%20Stone%20Age%20-%20Burn%20The%20Witch.mp3",
"https://jetsetradio.live/radio/stations/halloween/Queens%20Of%20The%20Stone%20Age%20-%20You%20Got%20A%20Killer%20Scene%20There%2C%20Man.mp3",
"https://jetsetradio.live/radio/stations/halloween/Radiohead%20-%20Climbing%20Up%20the%20Walls.mp3",
"https://jetsetradio.live/radio/stations/halloween/Radiohead%20-%20We%20Suck%20Young%20Blood.mp3",
"https://jetsetradio.live/radio/stations/halloween/Razihel%20-%20Children%20Of%20The%20Night%20%28Monstercat%20Release%29.mp3",
"https://jetsetradio.live/radio/stations/halloween/Redbone%20-%20The%20Witch%20Queen%20Of%20New%20Orleans.mp3",
"https://jetsetradio.live/radio/stations/halloween/RJD2%20-%20Ghostwriter%20Remix%20The%20Horror%20Ep.mp3",
"https://jetsetradio.live/radio/stations/halloween/Rob%20Zombie%20-%20Dragula.mp3",
"https://jetsetradio.live/radio/stations/halloween/Rob%20Zombie%20-%20I%27m%20Your%20Boogieman.mp3",
"https://jetsetradio.live/radio/stations/halloween/Rob%20Zombie%20-%20Living%20Dead%20Girl%20%28Subliminal%20Seduction%20Mix%29.mp3",
"https://jetsetradio.live/radio/stations/halloween/Rob%20Zombie%20-%20Living%20Dead%20Girl.mp3",
"https://jetsetradio.live/radio/stations/halloween/Rob%20Zombie%20-%20Mars%20Needs%20Women%20%28Griffin%20Boice%20Remix%29.mp3",
"https://jetsetradio.live/radio/stations/halloween/Rob%20Zombie%20-%20Meet%20The%20Creeper%20%28Pink%20Pussy%20Mix%29.mp3",
"https://jetsetradio.live/radio/stations/halloween/Rob%20Zombie%20-%20Pussy%20Liquor%20%28Ki%20Theory%20Remix%29.mp3",
"https://jetsetradio.live/radio/stations/halloween/Robert%20Johnson%20-%20Me%20And%20The%20Devil%20Blues.mp3",
"https://jetsetradio.live/radio/stations/halloween/Robert%20Plant%20and%20Alison%20Krauss%20-%20Nothin%27.mp3",
"https://jetsetradio.live/radio/stations/halloween/Rockwell%20-%20Somebody%27s%20Watching%20Me.mp3",
"https://jetsetradio.live/radio/stations/halloween/Run%20DMC%20-%20Ghostbusters.mp3",
"https://jetsetradio.live/radio/stations/halloween/Sacrifice%20-%20The%20Encounter%20Remix.mp3",
"https://jetsetradio.live/radio/stations/halloween/Screamin%20Jay%20Hawkins%20-%20I%20Put%20A%20Spell%20On%20You%20%28Al%27Tarba%20Remix%29.mp3",
"https://jetsetradio.live/radio/stations/halloween/Screamin%20Jay%20Hawkins%20-%20I%20Put%20A%20Spell%20On%20You.mp3",
"https://jetsetradio.live/radio/stations/halloween/Simon%20Viklund%20-%20Something%20Wicked%20This%20Way%20Comes.mp3",
"https://jetsetradio.live/radio/stations/halloween/Sleepy%20Hollow.mp3",
"https://jetsetradio.live/radio/stations/halloween/Steve%20Miller%20Band%20-%20Abracadabra.mp3",
"https://jetsetradio.live/radio/stations/halloween/Stevie%20Wonder%20-%20Superstition%20%28Funkanomics%20Remix%29.mp3",
"https://jetsetradio.live/radio/stations/halloween/Stevie%20Wonder%20-%20Superstition.mp3",
"https://jetsetradio.live/radio/stations/halloween/Stranger%20Things%20Theme%20Song%20%28C418%20REMIX%29.mp3",
"https://jetsetradio.live/radio/stations/halloween/Sweet%20-%20Hellraiser.mp3",
"https://jetsetradio.live/radio/stations/halloween/Talking%20Heads%20-%20Psycho%20Killer.mp3",
"https://jetsetradio.live/radio/stations/halloween/The%20Avalanches%20-%20Frontier%20Psychiatrist%20%28Ultimate%20Single%20Version%29.mp3",
"https://jetsetradio.live/radio/stations/halloween/The%20Backstreet%20Boys%20-%20Everybody%20%28Remix%29.mp3",
"https://jetsetradio.live/radio/stations/halloween/The%20Bird%20And%20The%20Bee%20-%20Witch.mp3",
"https://jetsetradio.live/radio/stations/halloween/The%20Black%20Keys%20-%20Dead%20And%20Gone.mp3",
"https://jetsetradio.live/radio/stations/halloween/The%20Black%20Keys%20-%20Howlin%27%20For%20You.mp3",
"https://jetsetradio.live/radio/stations/halloween/The%20Black%20Keys%20-%20Sinister%20Kid.mp3",
"https://jetsetradio.live/radio/stations/halloween/The%20Charlie%20Daniels%20Band%20-%20The%20Devil%20Went%20Down%20To%20Georgia.mp3",
"https://jetsetradio.live/radio/stations/halloween/The%20Doors%20-%20People%20Are%20Strange.mp3",
"https://jetsetradio.live/radio/stations/halloween/The%20Guess%20Who%20-%20Clap%20For%20The%20Wolfman.mp3",
"https://jetsetradio.live/radio/stations/halloween/The%20Heavy%20-%20Short%20Change%20Hero.mp3",
"https://jetsetradio.live/radio/stations/halloween/The%20Munsters%20%28Version%201%29.mp3",
"https://jetsetradio.live/radio/stations/halloween/The%20Munsters%20%28Version%202%29.mp3",
"https://jetsetradio.live/radio/stations/halloween/The%20Murder%20City%20Devils%20-%20Press%20Gang%20%28Latch%20Bros%20Remix%29.mp3",
"https://jetsetradio.live/radio/stations/halloween/The%20Prodigy%20-%20The%20Way%20It%20Is.mp3",
"https://jetsetradio.live/radio/stations/halloween/The%20Rolling%20Stones%20-%20Paint%20It%2C%20Black.mp3",
"https://jetsetradio.live/radio/stations/halloween/The%20Rolling%20Stones%20-%20Sympathy%20For%20The%20Devil.mp3",
"https://jetsetradio.live/radio/stations/halloween/The%20Shining.mp3",
"https://jetsetradio.live/radio/stations/halloween/The%20Specials%20-%20Ghost%20Town.mp3",
"https://jetsetradio.live/radio/stations/halloween/The%20Swingin%20Phillies%20-%20Frankensteins%20Party.mp3",
"https://jetsetradio.live/radio/stations/halloween/The%20Thing.mp3",
"https://jetsetradio.live/radio/stations/halloween/The%20White%20Stripes%20-%20Saint%20James%20Infirmary%20Blues.mp3",
"https://jetsetradio.live/radio/stations/halloween/Thresh%20-%20Cling%20Clang%20%28Go%20The%20Chains%29.mp3",
"https://jetsetradio.live/radio/stations/halloween/Tim%20Tailor%20-%20Hell%20Them%20%28Rene%20Rodrigezz%20Edit%29.mp3",
"https://jetsetradio.live/radio/stations/halloween/Van%20Halen%20-%20Runnin%20with%20the%20Devil.mp3",
"https://jetsetradio.live/radio/stations/halloween/Warren%20Zevon%20-%20Werewolves%20of%20London.mp3",
"https://jetsetradio.live/radio/stations/halloween/White%20Zombie%20-%20More%20Human%20Than%20Human.mp3",
