crazytaxi,
"https://jetsetradio.live/radio/stations/crazytaxi/Bad%20Religion%20-%20Empty%20Causes.mp3",
"https://jetsetradio.live/radio/stations/crazytaxi/Bad%20Religion%20-%20Hear%20It.mp3",
"https://jetsetradio.live/radio/stations/crazytaxi/Bad%20Religion%20-%20Inner%20Logic.mp3",
"https://jetsetradio.live/radio/stations/crazytaxi/Bad%20Religion%20-%20Punk%20Rock%20Song.mp3",
"https://jetsetradio.live/radio/stations/crazytaxi/Bad%20Religion%20-%20Ten%20in%202010.mp3",
"https://jetsetradio.live/radio/stations/crazytaxi/Bad%20Religion%20-%20Them%20And%20Us.mp3",
"https://jetsetradio.live/radio/stations/crazytaxi/Brian%20Setzer%20-%20Hot%20Rod%20Girl.mp3",
"https://jetsetradio.live/radio/stations/crazytaxi/Brian%20Setzer%20-%20Ignition.mp3",
"https://jetsetradio.live/radio/stations/crazytaxi/Burn%20the%20Fields%20-%20Escape%20Artist.mp3",
"https://jetsetradio.live/radio/stations/crazytaxi/Jonny%20Rumble%20-%20Black%20Radio.mp3",
"https://jetsetradio.live/radio/stations/crazytaxi/Lions%20Lions%20-%20Radiator.mp3",
"https://jetsetradio.live/radio/stations/crazytaxi/Methods%20Of%20Mayhem%20-%20Crash.mp3",
"https://jetsetradio.live/radio/stations/crazytaxi/Methods%20Of%20Mayhem%20-%20Who%20The%20Hell%20Cares.mp3",
"https://jetsetradio.live/radio/stations/crazytaxi/One%20Light%20Out%20-%20Orange%20Wednesday.mp3",
"https://jetsetradio.live/radio/stations/crazytaxi/Pivit%20-%20Fingercuffs.mp3",
"https://jetsetradio.live/radio/stations/crazytaxi/Pivit%20-%20Middle%20Children.mp3",
"https://jetsetradio.live/radio/stations/crazytaxi/SilverBullit%20-%20Boom%20Boom%20Boogie.mp3",
"https://jetsetradio.live/radio/stations/crazytaxi/SilverBullit%20-%20King%20of%20the%20Line.mp3",
"https://jetsetradio.live/radio/stations/crazytaxi/SilverBullit%20-%20Raw%20Power%20Angel.mp3",
"https://jetsetradio.live/radio/stations/crazytaxi/The%20Days%20The%20Nights%20-%20Radical%20Sabbatical.mp3",
"https://jetsetradio.live/radio/stations/crazytaxi/The%20Hooks%20-%20Get%20Out.mp3",
"https://jetsetradio.live/radio/stations/crazytaxi/The%20Juliet%20Dagger%20-%20Flinch.mp3",
"https://jetsetradio.live/radio/stations/crazytaxi/The%20Juliet%20Dagger%20-%20Ragdoll.mp3",
"https://jetsetradio.live/radio/stations/crazytaxi/The%20Juliet%20Dagger%20-%20Taking%20It%20Back.mp3",
"https://jetsetradio.live/radio/stations/crazytaxi/The%20Offspring%20-%20All%20I%20Want.mp3",
"https://jetsetradio.live/radio/stations/crazytaxi/The%20Offspring%20-%20Americana.mp3",
"https://jetsetradio.live/radio/stations/crazytaxi/The%20Offspring%20-%20Change%20The%20World.mp3",
"https://jetsetradio.live/radio/stations/crazytaxi/The%20Offspring%20-%20Come%20Out%20Swinging.mp3",
"https://jetsetradio.live/radio/stations/crazytaxi/The%20Offspring%20-%20No%20Brakes.mp3",
"https://jetsetradio.live/radio/stations/crazytaxi/The%20Offspring%20-%20One%20Fine%20Day.mp3",
"https://jetsetradio.live/radio/stations/crazytaxi/The%20Offspring%20-%20Special%20Delivery.mp3",
"https://jetsetradio.live/radio/stations/crazytaxi/The%20Offspring%20-%20Walla%20Walla.mp3",
"https://jetsetradio.live/radio/stations/crazytaxi/The%20Offspring%20-%20Want%20You%20Bad.mp3",
"https://jetsetradio.live/radio/stations/crazytaxi/The%20Offspring%20-%20Way%20Down%20The%20Line.mp3",
"https://jetsetradio.live/radio/stations/crazytaxi/The%20Vicious%20Five%20-%20Your%20Mouth%20Is%20A%20Guillotine.mp3",
"https://jetsetradio.live/radio/stations/crazytaxi/Theron%20Day%20-%20The%20Chase.mp3",
"https://jetsetradio.live/radio/stations/crazytaxi/Three%20Against%20Four%20-%20Jump%20Bink.mp3",
"https://jetsetradio.live/radio/stations/crazytaxi/Too%20Rude%20-%20The%20Distance.mp3",
"https://jetsetradio.live/radio/stations/crazytaxi/Total%20Chaos%20-%20Let%20It%20Roll.mp3",
"https://jetsetradio.live/radio/stations/crazytaxi/Total%20Chaos%20-%20What%20You%20Gonna%20Do.mp3",
"https://jetsetradio.live/radio/stations/crazytaxi/Various%20-%20Name%20Loop.mp3",
"https://jetsetradio.live/radio/stations/crazytaxi/We%20Are%20Invisible%20-%20Spy%20Chaser.mp3",
