toejamandearl,
"https://jetsetradio.live/radio/stations/toejamandearl/Greg%20Johnson%20-%2031%20Back%20In%20The%20Groove%20%28With%20Vocals%29.mp3",
"https://jetsetradio.live/radio/stations/toejamandearl/Greg%20Johnson%20-%20Alien%20Breakdown.mp3",
"https://jetsetradio.live/radio/stations/toejamandearl/Greg%20Johnson%20-%20Aqua%20Jam%20Unchained.mp3",
"https://jetsetradio.live/radio/stations/toejamandearl/Greg%20Johnson%20-%20Aqua%20Jam.mp3",
"https://jetsetradio.live/radio/stations/toejamandearl/Greg%20Johnson%20-%20Back%20in%20the%20Groove.mp3",
"https://jetsetradio.live/radio/stations/toejamandearl/Greg%20Johnson%20-%20Big%20E%20On%20Da%20Bass.mp3",
"https://jetsetradio.live/radio/stations/toejamandearl/Greg%20Johnson%20-%20Big%20Earl%20Bump.mp3",
"https://jetsetradio.live/radio/stations/toejamandearl/Greg%20Johnson%20-%20Bloona%27s%20Dance.mp3",
"https://jetsetradio.live/radio/stations/toejamandearl/Greg%20Johnson%20-%20Boomin%20Bump.mp3",
"https://jetsetradio.live/radio/stations/toejamandearl/Greg%20Johnson%20-%20Dark%20Level%20Funk.mp3",
"https://jetsetradio.live/radio/stations/toejamandearl/Greg%20Johnson%20-%20Flarney%27s%20Funkomatic.mp3",
"https://jetsetradio.live/radio/stations/toejamandearl/Greg%20Johnson%20-%20Funk%20Down%20Under.mp3",
"https://jetsetradio.live/radio/stations/toejamandearl/Greg%20Johnson%20-%20Funk%20Funk%20Funk%20E.mp3",
"https://jetsetradio.live/radio/stations/toejamandearl/Greg%20Johnson%20-%20Funkopotamus%20FreeJam.mp3",
"https://jetsetradio.live/radio/stations/toejamandearl/Greg%20Johnson%20-%20Funktastic%20Planet.mp3",
"https://jetsetradio.live/radio/stations/toejamandearl/Greg%20Johnson%20-%20Groove%20Ship.mp3",
"https://jetsetradio.live/radio/stations/toejamandearl/Greg%20Johnson%20-%20Groovin%20Like%20A%20Pulsar.mp3",
"https://jetsetradio.live/radio/stations/toejamandearl/Greg%20Johnson%20-%20Hyperfunk%20Zone.mp3",
"https://jetsetradio.live/radio/stations/toejamandearl/Greg%20Johnson%20-%20Lamont%27s%20Funky%20Brain.mp3",
"https://jetsetradio.live/radio/stations/toejamandearl/Greg%20Johnson%20-%20Lewanda%27s%20Love.mp3",
"https://jetsetradio.live/radio/stations/toejamandearl/Greg%20Johnson%20-%20Mellow%20Groove.mp3",
"https://jetsetradio.live/radio/stations/toejamandearl/Greg%20Johnson%20-%20Ode%20To%20Sharla.mp3",
"https://jetsetradio.live/radio/stations/toejamandearl/Greg%20Johnson%20-%20Old%20School%20Otis.mp3",
"https://jetsetradio.live/radio/stations/toejamandearl/Greg%20Johnson%20-%20Peabo%27s%20Party%20Jam.mp3",
"https://jetsetradio.live/radio/stations/toejamandearl/Greg%20Johnson%20-%20Rapmaster%20Rocket.mp3",
"https://jetsetradio.live/radio/stations/toejamandearl/Greg%20Johnson%20-%20Rapmaster%20Rythm.mp3",
"https://jetsetradio.live/radio/stations/toejamandearl/Greg%20Johnson%20-%20Rocket%20Rap.mp3",
"https://jetsetradio.live/radio/stations/toejamandearl/Greg%20Johnson%20-%20Slow%20Groovin.mp3",
"https://jetsetradio.live/radio/stations/toejamandearl/Greg%20Johnson%20-%20The%20Bass%20Master.mp3",
"https://jetsetradio.live/radio/stations/toejamandearl/Greg%20Johnson%20-%20Theme%20Refunkified.mp3",
"https://jetsetradio.live/radio/stations/toejamandearl/Greg%20Johnson%20-%20This%20Crazy%20Planet.mp3",
