hover,
"https://jetsetradio.live/radio/stations/hover/Cedric%20Menendez%20-%20Defy%20The%20Great%20Admin.mp3",
"https://jetsetradio.live/radio/stations/hover/Cedric%20Menendez%20-%20Drumbie.mp3",
"https://jetsetradio.live/radio/stations/hover/Cedric%20Menendez%20-%20Enter%20The%20City.mp3",
"https://jetsetradio.live/radio/stations/hover/Cedric%20Menendez%20-%20Furtive%20Ascencion.mp3",
"https://jetsetradio.live/radio/stations/hover/Cedric%20Menendez%20-%20Get%20Ready.mp3",
"https://jetsetradio.live/radio/stations/hover/Cedric%20Menendez%20-%20Greendy%27s%20Trance.mp3",
"https://jetsetradio.live/radio/stations/hover/Cedric%20Menendez%20-%20Grind-E%27s%20Secret%20Goal.mp3",
"https://jetsetradio.live/radio/stations/hover/Cedric%20Menendez%20-%20High%20Jump.mp3",
"https://jetsetradio.live/radio/stations/hover/Cedric%20Menendez%20-%20Inner%20Reflexion.mp3",
"https://jetsetradio.live/radio/stations/hover/Cedric%20Menendez%20-%20Never%20Give%20Up.mp3",
"https://jetsetradio.live/radio/stations/hover/Cedric%20Menendez%20-%20Surpassing%20Oneself.mp3",
"https://jetsetradio.live/radio/stations/hover/Cedric%20Menendez%20-%20Try%20Hard.mp3",
"https://jetsetradio.live/radio/stations/hover/Cedric%20Menendez%20-%20Underground.mp3",
"https://jetsetradio.live/radio/stations/hover/Cedric%20Menendez%20-%20Wata%27s%20Lounge.mp3",
"https://jetsetradio.live/radio/stations/hover/Hideki%20Naganuma%20-%20Heaven%20Up.mp3",
"https://jetsetradio.live/radio/stations/hover/Hideki%20Naganuma%20-%20Never%204Ever.mp3",
