butterflies,
"https://jetsetradio.live/radio/stations/butterflies/Highraiser%20-%20Dawsheeraque.mp3",
"https://jetsetradio.live/radio/stations/butterflies/Highraiser%20-%20De%20Lovehazard.mp3",
"https://jetsetradio.live/radio/stations/butterflies/Highraiser%20-%20Hip%20X%20Cool.mp3",
"https://jetsetradio.live/radio/stations/butterflies/Highraiser%20-%20Humping%20Your%20Bassline%20%28Ill%20Legal%20Menendezless%20Mix%29.mp3",
"https://jetsetradio.live/radio/stations/butterflies/Highraiser%20-%20Just%20Warming%20Up.mp3",
"https://jetsetradio.live/radio/stations/butterflies/Highraiser%20-%20Meaveenna.mp3",
"https://jetsetradio.live/radio/stations/butterflies/Highraiser%20feat%20Inkoutlines%2C%20MC%20Cruel%20Addict%20-%20Ode%20To%20Music%20God.mp3",
"https://jetsetradio.live/radio/stations/butterflies/Highraiser%20feat%20Texx%2C%20Chuchuback%20-%20Power%20O%27%20Funk.mp3",
"https://jetsetradio.live/radio/stations/butterflies/Le%20Capitaine%20-%20Bass%20Knowledge.mp3",
"https://jetsetradio.live/radio/stations/butterflies/Le%20Capitaine%20-%20Sneekboi%20%28Kapit-N%20Edit%29.mp3",
"https://jetsetradio.live/radio/stations/butterflies/Le%20Capitaine%20-%20Strictly%20Electronic.mp3",
"https://jetsetradio.live/radio/stations/butterflies/Unknown%20Meta%20-%20On%20A%20Mission.mp3",
"https://jetsetradio.live/radio/stations/butterflies/Unknown%20Meta%20-%20The%20Drums%20Are%20Offkey%20%28Add%20Some%20Funk%20to%20it%29.mp3",
