future,
"https://jetsetradio.live/radio/stations/future/bis%20-%20Statement%20of%20Intent%20%28Remix%29.mp3",
"https://jetsetradio.live/radio/stations/future/Bran%20Van%203000%20-%20The%20Answer%20%28The%20Latch%20Brothers%20Remix%29.mp3",
"https://jetsetradio.live/radio/stations/future/BS%202000%20-%20The%20Scrappy%20%28The%20Latch%20Brothers%20Remix%29.mp3",
"https://jetsetradio.live/radio/stations/future/Cibo%20Matto%20-%20Birthday%20Cake.mp3",
"https://jetsetradio.live/radio/stations/future/Guitar%20Vader%20-%20Baby-T.mp3",
"https://jetsetradio.live/radio/stations/future/Guitar%20Vader%20-%20I%20Love%20Love%20You%20%28Love%20Love%20Super%20Dimension%20Mix%29.mp3",
"https://jetsetradio.live/radio/stations/future/Hideki%20Naganuma%20-%20Fly%20Like%20a%20Butterfly.mp3",
"https://jetsetradio.live/radio/stations/future/Hideki%20Naganuma%20-%20Funky%20Dealer.mp3",
"https://jetsetradio.live/radio/stations/future/Hideki%20Naganuma%20-%20Grace%20%26%20Glory%20%28B.B.%20M.H.%20Mix%29.mp3",
"https://jetsetradio.live/radio/stations/future/Hideki%20Naganuma%20-%20Humming%20the%20Bassline%20%28D.S.%20Remix%29.mp3",
"https://jetsetradio.live/radio/stations/future/Hideki%20Naganuma%20-%20Jet%20Set%20Medley%20Future.mp3",
"https://jetsetradio.live/radio/stations/future/Hideki%20Naganuma%20-%20Let%20Mom%20Sleep%20%28No%20Sleep%20Remix%29.mp3",
"https://jetsetradio.live/radio/stations/future/Hideki%20Naganuma%20-%20Like%20It%20Like%20This%20Like%20That.mp3",
"https://jetsetradio.live/radio/stations/future/Hideki%20Naganuma%20-%20Oldies%20But%20Happies.mp3",
"https://jetsetradio.live/radio/stations/future/Hideki%20Naganuma%20-%20Rock%20It%20On%20%28D.S.%20Remix%29.mp3",
"https://jetsetradio.live/radio/stations/future/Hideki%20Naganuma%20-%20Shape%20Da%20Future.mp3",
"https://jetsetradio.live/radio/stations/future/Hideki%20Naganuma%20-%20Sneakman%20%28Toronto%20Mix%29.mp3",
"https://jetsetradio.live/radio/stations/future/Hideki%20Naganuma%20-%20Sweet%20Soul%20Brother%20%28B.B.%20Rights%20Mix%29.mp3",
"https://jetsetradio.live/radio/stations/future/Hideki%20Naganuma%20-%20Teknopathetic.mp3",
"https://jetsetradio.live/radio/stations/future/Hideki%20Naganuma%20-%20That%27s%20Enough%20%28B.B.%20Rights%20Mix%29.mp3",
"https://jetsetradio.live/radio/stations/future/Hideki%20Naganuma%20-%20The%20Concept%20of%20Love.mp3",
"https://jetsetradio.live/radio/stations/future/Richard%20Jacques%20-%20Bokfresh.mp3",
"https://jetsetradio.live/radio/stations/future/Richard%20Jacques%20-%20What%20About%20the%20Future.mp3",
"https://jetsetradio.live/radio/stations/future/Russell%20Simins%20-%20I%27m%20Not%20a%20Model.mp3",
"https://jetsetradio.live/radio/stations/future/Scapegoat%20Wax%20-%20Aisle%2010%20%28Hello%20Allison%29.mp3",
"https://jetsetradio.live/radio/stations/future/The%20Latch%20Brothers%20-%20Count%20Latchula.mp3",
"https://jetsetradio.live/radio/stations/future/The%20Latch%20Brothers%20-%20Ill%20Victory%20Beat.mp3",
"https://jetsetradio.live/radio/stations/future/The%20Latch%20Brothers%20-%20Koto%20Stomp.mp3",
"https://jetsetradio.live/radio/stations/future/The%20Latch%20Brothers%20-%20Latch%20Brother%20Bounce.mp3",
"https://jetsetradio.live/radio/stations/future/The%20Latch%20Brothers%20-%20Me%20Likey%20the%20Poom%20Poom.mp3",
"https://jetsetradio.live/radio/stations/future/The%20Prunes%20-%20Rockin%27%20the%20Mic%20%28The%20Latch%20Brothers%20Remix%29.mp3",
