garage,
"https://jetsetradio.live/radio/stations/garage/A%20Tribe%20Called%20Quest%20-%20Electric%20Relaxation%20%28Relax%20Yourself%20Girl%29.mp3",
"https://jetsetradio.live/radio/stations/garage/Aerobatic%20Funk%20-%20One%20Outs.mp3",
"https://jetsetradio.live/radio/stations/garage/Aim%20-%20Just%20Passin%27%20Through.mp3",
"https://jetsetradio.live/radio/stations/garage/Aim%20-%20Let%20The%20Funk%20Ride.mp3",
"https://jetsetradio.live/radio/stations/garage/Aim%20-%20Underground%20Crown%20Holders.mp3",
"https://jetsetradio.live/radio/stations/garage/BadboE%20-%20Ease%20The%20Funk.mp3",
"https://jetsetradio.live/radio/stations/garage/BadboE%20-%20My%20Bad%20%28Danny%20Massure%20Remix%29.mp3",
"https://jetsetradio.live/radio/stations/garage/BadboE%20-%20My%20Bad%20%28Omegaman%20Remix%29.mp3",
"https://jetsetradio.live/radio/stations/garage/BadboE%20-%20My%20Bad%20%28Original%20Mix%29.mp3",
"https://jetsetradio.live/radio/stations/garage/Beat%20Fatigue%20-%20Bearded%20Dragon.mp3",
"https://jetsetradio.live/radio/stations/garage/Blue%20Stahli%20-%20The%20Perfect%20Heist.mp3",
"https://jetsetradio.live/radio/stations/garage/Cel%20Damage%20Music%20-%20Wild%20Wooly%20West.mp3",
"https://jetsetradio.live/radio/stations/garage/Craig%20Mack%20-%20Flava%20In%20Ya%20Ear%20%28Instrumental%29.mp3",
"https://jetsetradio.live/radio/stations/garage/David%20TV%20Band%20-%20Horny%20Old%20Man.mp3",
"https://jetsetradio.live/radio/stations/garage/Diode%20-%20Good%20Morning%20Emotion.mp3",
"https://jetsetradio.live/radio/stations/garage/DJ%20Food%20-%20Mr%20Quickie%20Cuts%20The%20Cheese.mp3",
"https://jetsetradio.live/radio/stations/garage/DJ%20Format%20-%20The%20Turning%20Point.mp3",
"https://jetsetradio.live/radio/stations/garage/DJ%20Frane%20-%20Hydroponic%20Jungle%20Throwdown.mp3",
"https://jetsetradio.live/radio/stations/garage/El%20P%20-%20Lazerface%20Warning%20%28RJD2%20Remix%29.mp3",
"https://jetsetradio.live/radio/stations/garage/EZ%20Roller%20-%20It%27s%20Murder.mp3",
"https://jetsetradio.live/radio/stations/garage/Fat%20Jon%20-%20Sins.mp3",
"https://jetsetradio.live/radio/stations/garage/Fat%20Jon%20-%20Then.mp3",
"https://jetsetradio.live/radio/stations/garage/Fdel%20-%20Get%20Live.mp3",
"https://jetsetradio.live/radio/stations/garage/Fdel%20-%20Get%20Up%20On%20Ya%20Feet.mp3",
"https://jetsetradio.live/radio/stations/garage/Featurecast%20-%20Recipe%20For%20The%20Perfect%20Afro.mp3",
"https://jetsetradio.live/radio/stations/garage/Featurecast%20-%20Turn%20It%20Out.mp3",
"https://jetsetradio.live/radio/stations/garage/Featurecast%20-%20Yum%20Yum.mp3",
"https://jetsetradio.live/radio/stations/garage/Flamingosis%20-%20Auowww%21%21.mp3",
"https://jetsetradio.live/radio/stations/garage/Flamingosis%20-%20Bad%20Jackson.mp3",
"https://jetsetradio.live/radio/stations/garage/Flamingosis%20-%20Bob%20Saget%20Gets%20New%20Real%20Estate%20ft%20The%20Kount.mp3",
"https://jetsetradio.live/radio/stations/garage/Flamingosis%20-%20Can%27t%20Seem%20To%20Shake%20It.mp3",
"https://jetsetradio.live/radio/stations/garage/Flamingosis%20-%20Dreamer.mp3",
"https://jetsetradio.live/radio/stations/garage/Flamingosis%20-%20Flight%20of%20the%20Flamingo.mp3",
"https://jetsetradio.live/radio/stations/garage/Flamingosis%20-%20high%20tide%20%28feat%20Stereocool%29.mp3",
"https://jetsetradio.live/radio/stations/garage/Flamingosis%20-%20It%27s%20Gonna%20Be%20OK.mp3",
"https://jetsetradio.live/radio/stations/garage/Flamingosis%20-%20Jet%20Skis%20%26%20Hennessy.mp3",
"https://jetsetradio.live/radio/stations/garage/Flamingosis%20-%20L.A.%20Carnival.mp3",
"https://jetsetradio.live/radio/stations/garage/Flamingosis%20-%20Last%20Stop.mp3",
"https://jetsetradio.live/radio/stations/garage/Flamingosis%20-%20Long%20Time%20Comin%27.mp3",
"https://jetsetradio.live/radio/stations/garage/Flamingosis%20-%20not%20like%20the%20others.mp3",
"https://jetsetradio.live/radio/stations/garage/Flamingosis%20-%20Raising%20Arizona.mp3",
"https://jetsetradio.live/radio/stations/garage/Flamingosis%20-%20Real%20Deal%20ft%20Funkmammoth.mp3",
"https://jetsetradio.live/radio/stations/garage/Flamingosis%20-%20Return%20of%20The%20Love%20Jones.mp3",
"https://jetsetradio.live/radio/stations/garage/Flamingosis%20-%20Round%20N%27%20Round.mp3",
"https://jetsetradio.live/radio/stations/garage/Flamingosis%20-%20Seaside%20Heights%20ft%20Birocratic.mp3",
"https://jetsetradio.live/radio/stations/garage/Flamingosis%20-%20Soul%20Crusade%20ft%20Engelwood.mp3",
"https://jetsetradio.live/radio/stations/garage/Flamingosis%20-%20Today%27s%20Forcast%20Hot%21.mp3",
"https://jetsetradio.live/radio/stations/garage/Flamingosis%20-%20Toward%20The%20Mend.mp3",
"https://jetsetradio.live/radio/stations/garage/Flamingosis%20-%20Tribute.mp3",
"https://jetsetradio.live/radio/stations/garage/Flamingosis%20-%20Tumbao.mp3",
"https://jetsetradio.live/radio/stations/garage/Flamingosis%20-%20Was%20It%20Something%20I%20Said.mp3",
"https://jetsetradio.live/radio/stations/garage/Flamingosis%20-%20Worthwhile.mp3",
"https://jetsetradio.live/radio/stations/garage/Flamingosis%20x%20Tokyo%20Megaplex%20-%20Bruncha%20Nova.mp3",
"https://jetsetradio.live/radio/stations/garage/Force%20of%20Nature%20-%20Death%20Wish.mp3",
"https://jetsetradio.live/radio/stations/garage/Fort%20Knox%20Five%20-%20The%20Brazilian%20Hipster.mp3",
"https://jetsetradio.live/radio/stations/garage/G%20Bonson%20-%20Rokdadiskotek.mp3",
"https://jetsetradio.live/radio/stations/garage/Galactic%20-%20Church.mp3",
"https://jetsetradio.live/radio/stations/garage/Galactic%20-%20Ya%20Ka%20May.mp3",
"https://jetsetradio.live/radio/stations/garage/Gramatik%20-%20Break%20Loose.mp3",
"https://jetsetradio.live/radio/stations/garage/Gramatik%20-%20Cirkus.mp3",
"https://jetsetradio.live/radio/stations/garage/Gramatik%20-%20Cool%20Thieves.mp3",
"https://jetsetradio.live/radio/stations/garage/Gramatik%20-%20Eternal%20Love%20Yet%20So%20Evasive.mp3",
"https://jetsetradio.live/radio/stations/garage/Gramatik%20-%20Friday.mp3",
"https://jetsetradio.live/radio/stations/garage/Gramatik%20-%20Just%20Jammin.mp3",
"https://jetsetradio.live/radio/stations/garage/Gramatik%20-%20On%20The%20Run.mp3",
"https://jetsetradio.live/radio/stations/garage/Gramatik%20-%20Portorose%20In%20July.mp3",
"https://jetsetradio.live/radio/stations/garage/Gramatik%20-%20Spoiler%20Alert.mp3",
"https://jetsetradio.live/radio/stations/garage/Gramatik%20-%20Walkin%27%20Down%20The%20Street.mp3",
"https://jetsetradio.live/radio/stations/garage/Gramatik%20-%20You%20Don%27t%20Understand.mp3",
"https://jetsetradio.live/radio/stations/garage/GRiZ%20-%20Vision%20Of%20Happiness.mp3",
"https://jetsetradio.live/radio/stations/garage/Hentzup%20-%20Backyard%20Chill.mp3",
"https://jetsetradio.live/radio/stations/garage/Hentzup%20-%20Curse.mp3",
"https://jetsetradio.live/radio/stations/garage/Jeff%20Kaale%20-%20Mai%20Tai.mp3",
"https://jetsetradio.live/radio/stations/garage/John%20Guscott%20-%20Boogaloo%20In%20Blue.mp3",
"https://jetsetradio.live/radio/stations/garage/John%20Guscott%20-%20Dub%20Blob%20%28Smooth%29.mp3",
"https://jetsetradio.live/radio/stations/garage/Kero%20One%20-%20Groovin.mp3",
"https://jetsetradio.live/radio/stations/garage/Kid%20Koala%20-%20Stompin%20At%20Le%20Savoi.mp3",
"https://jetsetradio.live/radio/stations/garage/Kid%20Loco%20-%20Going%20Round%20In%20Circles.mp3",
"https://jetsetradio.live/radio/stations/garage/Little%20People%20-%20Gravitas.mp3",
"https://jetsetradio.live/radio/stations/garage/Marco%20Polo%20-%205%20Times%20A%20Lady.mp3",
"https://jetsetradio.live/radio/stations/garage/Marco%20Polo%20-%20Awe%20Guitar.mp3",
"https://jetsetradio.live/radio/stations/garage/Marco%20Polo%20-%20Charity%20Case.mp3",
"https://jetsetradio.live/radio/stations/garage/Marco%20Polo%20-%20Cousin%20It.mp3",
"https://jetsetradio.live/radio/stations/garage/Marco%20Polo%20-%20Grits%20and%20Tits.mp3",
"https://jetsetradio.live/radio/stations/garage/Marco%20Polo%20-%20Sax%20O%20Ma%20Fone.mp3",
"https://jetsetradio.live/radio/stations/garage/Marco%20Polo%20-%20The%20Abyss.mp3",
"https://jetsetradio.live/radio/stations/garage/Marco%20Polo%20-%20Yazzzzzzz%20Flute.mp3",
"https://jetsetradio.live/radio/stations/garage/Michael%20Lener%20-%20Boombox.mp3",
"https://jetsetradio.live/radio/stations/garage/Michna%20-%20Swiss%20Glide.mp3",
"https://jetsetradio.live/radio/stations/garage/Mittens%20-%20Commercial%20Break.mp3",
"https://jetsetradio.live/radio/stations/garage/Nick%20Wiz%20-%20Advance%20to%20Boardwalk%20%28Instrumental%29.mp3",
"https://jetsetradio.live/radio/stations/garage/Nick%20Wiz%20-%20Curb%20High%20%28Instrumental%29.mp3",
"https://jetsetradio.live/radio/stations/garage/Nick%20Wiz%20-%20La%20La%20La%20%28Instrumental%29.mp3",
"https://jetsetradio.live/radio/stations/garage/Nick%20Wiz%20-%20Real%20Company%20People%20Are%20Shady%20%28Instrumental%29.mp3",
"https://jetsetradio.live/radio/stations/garage/Nick%20Wiz%20-%20Recognize%20and%20Realize%20%28Instrumental%29.mp3",
"https://jetsetradio.live/radio/stations/garage/Nick%20Wiz%20-%20The%20Melody%20%28Instrumental%29.mp3",
"https://jetsetradio.live/radio/stations/garage/Nick%20Wiz%20-%20Xylophone.mp3",
"https://jetsetradio.live/radio/stations/garage/Nightmares%20On%20Wax%20-%20What%20Im%20Feelin%20%28Rae%20Christian%20Mix%29.mp3",
"https://jetsetradio.live/radio/stations/garage/Nujabes%20-%20Fellows.mp3",
"https://jetsetradio.live/radio/stations/garage/Nujabes%20-%20Lyrical%20Terrorists%20%28Instrumental%29.mp3",
"https://jetsetradio.live/radio/stations/garage/Obscure%20Disorder%20-%20Maintain%20The%20Focus%20%28Instrumental%29.mp3",
"https://jetsetradio.live/radio/stations/garage/Ours%20Samplus%20-%20Smile.mp3",
"https://jetsetradio.live/radio/stations/garage/Ours%20Samplus%20-%20Sweet%20Cans.mp3",
"https://jetsetradio.live/radio/stations/garage/PNFA%20-%20Cotton%20Candy.mp3",
"https://jetsetradio.live/radio/stations/garage/ProleteR%20-%20Muhammad%20Ali.mp3",
"https://jetsetradio.live/radio/stations/garage/ProleteR%20-%20Sometimes%20%28Instrumental%29.mp3",
"https://jetsetradio.live/radio/stations/garage/Radio%20Citizen%20-%20The%20Hop.mp3",
"https://jetsetradio.live/radio/stations/garage/Reed%20-%20Ghettos%20of%20Wroclaw.mp3",
"https://jetsetradio.live/radio/stations/garage/Restless%20Leg%20Syndrome%20-%20Fiddle%20Dee%20Dee.mp3",
"https://jetsetradio.live/radio/stations/garage/Richard%20Jacques%20-%20Graffiti%20City%20Intro.mp3",
"https://jetsetradio.live/radio/stations/garage/RJD2%20-%20Cornbread%2C%20Eddie%20%26%20Me.mp3",
"https://jetsetradio.live/radio/stations/garage/RJD2%20-%20Counseling%20Inst.mp3",
"https://jetsetradio.live/radio/stations/garage/RJD2%20-%20Disconnected.mp3",
"https://jetsetradio.live/radio/stations/garage/RJD2%20-%20Diverse%20Certified%20%28Instrumental%29.mp3",
"https://jetsetradio.live/radio/stations/garage/RJD2%20-%20Fuck%20Soundcheck.mp3",
"https://jetsetradio.live/radio/stations/garage/RJD2%20-%20Fuckajob.mp3",
"https://jetsetradio.live/radio/stations/garage/RJD2%20-%20Ghostwriter.mp3",
"https://jetsetradio.live/radio/stations/garage/RJD2%20-%20Heaven.mp3",
"https://jetsetradio.live/radio/stations/garage/RJD2%20-%20High%20Lights.mp3",
"https://jetsetradio.live/radio/stations/garage/RJD2%20-%20I%27m%20Free.mp3",
"https://jetsetradio.live/radio/stations/garage/RJD2%20-%20Just%20Think.mp3",
"https://jetsetradio.live/radio/stations/garage/RJD2%20-%20Keys.mp3",
"https://jetsetradio.live/radio/stations/garage/RJD2%20-%20Poorboy%20Lover%20Megamix.mp3",
"https://jetsetradio.live/radio/stations/garage/RJD2%20-%20The%20Cool%20Thing%20To%20Do.mp3",
"https://jetsetradio.live/radio/stations/garage/RJD2%20-%20The%20Jerry%20Springer%20Episode.mp3",
"https://jetsetradio.live/radio/stations/garage/RJD2%20-%20Under%20The%20Hammer.mp3",
"https://jetsetradio.live/radio/stations/garage/RJD2%20-%20Uprock.mp3",
"https://jetsetradio.live/radio/stations/garage/Sabyu%20-%20Space%20Cowboy.mp3",
"https://jetsetradio.live/radio/stations/garage/Same%20Beat%20-%20Ravi%20Harris%20%26%20The%20Prophets.mp3",
"https://jetsetradio.live/radio/stations/garage/Scienz%20of%20Life%20-%20Hot%20Bananas%20%28Instrumental%29.mp3",
"https://jetsetradio.live/radio/stations/garage/SHAG%20-%20Know%20The%20Feelin%27.mp3",
"https://jetsetradio.live/radio/stations/garage/Shag%20-%20My%20Mind.mp3",
"https://jetsetradio.live/radio/stations/garage/Skeewiff%20-%20Silently%20Losing%20the%20Plot.mp3",
"https://jetsetradio.live/radio/stations/garage/SpookyDaGhost%20-%20Groovy%20Baby.mp3",
"https://jetsetradio.live/radio/stations/garage/The%20Dave%20Pike%20Set%20-%20Mathar%20%28Frank%20Popp%20Ensemble%20Mix%29.mp3",
"https://jetsetradio.live/radio/stations/garage/The%20Derevolutions%20-%20Bad%20King%20Kong.mp3",
"https://jetsetradio.live/radio/stations/garage/The%20Foreign%20Exchange%20-%20The%20Answer%20%28Instrumental%29.mp3",
"https://jetsetradio.live/radio/stations/garage/The%20Pharcyde%20-%20Passin%27%20Me%20By%20%28Instrumental%29.mp3",
"https://jetsetradio.live/radio/stations/garage/The%20Sleepers%20RecordZ%20-%20Nasty%20Lovers%20%28ft.%20Nasty%20Den%29.mp3",
"https://jetsetradio.live/radio/stations/garage/Treva%20Whateva%20-%20Bouncing%20Bomb.mp3",
"https://jetsetradio.live/radio/stations/garage/Unknown%20-%20Mic%20Control.mp3",
"https://jetsetradio.live/radio/stations/garage/Unknown%20-%20Smile%20On%20Big%20St.mp3",
"https://jetsetradio.live/radio/stations/garage/Visioneers%20-%20Ike%27s%20Mood%20I.mp3",
"https://jetsetradio.live/radio/stations/garage/Wax%20Tailor%20-%20B-Boy%20On%20Wax%20%28Instrumental%29.mp3",
"https://jetsetradio.live/radio/stations/garage/Wu%20Tang%20Clan%20-%20Slow%20Blues%20%28Instrumental%29.mp3",
"https://jetsetradio.live/radio/stations/garage/Zamali%20-%20Oye%20Makossa.mp3",
"https://jetsetradio.live/radio/stations/garage/Zudo%20-%20Cravings.mp3",
"https://jetsetradio.live/radio/stations/garage/Zudo%20-%20Daylight.mp3",
"https://jetsetradio.live/radio/stations/garage/Zudo%20-%20Good%20Night.mp3",
"https://jetsetradio.live/radio/stations/garage/Zudo%20-%20Move%20Along.mp3",
"https://jetsetradio.live/radio/stations/garage/Zudo%20-%20Show%20Me.mp3",
"https://jetsetradio.live/radio/stations/garage/Zudo%20-%20Snake%20Walk.mp3",
"https://jetsetradio.live/radio/stations/garage/Zudo%20-%20Stop%20The%20Rain.mp3",
"https://jetsetradio.live/radio/stations/garage/Zudo%20-%20Take%20It%20Back.mp3",
"https://jetsetradio.live/radio/stations/garage/Zudo%20-%20The%20Lost%20Intro.mp3",
"https://jetsetradio.live/radio/stations/garage/Zudo%20-%20We%27ve%20Only%20Just%20Begun.mp3",
