artist,title,
"20Syl",Ongoing Thing",
"2Pac",Haily Mary (Instrumental)",
"50 Cent",Irregular Heartbeat",
"Aaron Wheeler",Honeys in the Place",
"Aceyalone",Moonlight Skies Ft Goapele",
"Aceyalone",The Guidelines",
"Aceyalone and RJD2",Moore",
"Action Bronson",Actin Crazy",
"Aesop Rock",Defender",
"Aesop Rock",Dorks",
"Aesop Rock",Labor",
"Aesop Rock",Molecules",
"Aesop Rock",Mystery Fish",
"Aesop Rock",Rabies",
"Aesop Rock",Shrunk",
"Aesop Rock",Supercell",
"Aesop Rock",Syrup feat Homeboy Sandman Open Mike Eagle",
"Aesop Rock",Tuff",
"Aesop Rock",Water Tower",
"Akrobatik",Exterminator",
"Akrobatik, Breez Evahflowin, Chan 3 & C Rayz Walz",Explosion",
"Apathy & Celph Titled",88 Mindstate",
"Apathy & Celph Titled",Naturally Nasty",
"Atmosphere",Pour Me Another",
"Atmosphere",The Keys To Life Vs. 15 Minutes Of Fame",
"Big Punisher",Twinz (Deep Cover 98 feat Fat Joe)",
"Binary Star",Conquistadors",
"Binary Star",Slang Blade",
"Black Star",Astronomy (8th Light)",
"Blackalicious",Paragraph President",
"Blackalicious",Passion",
"Brockhampton",Bump",
"Brockhampton",Fake",
"Brockhampton",Heat",
"Brockhampton",Star",
"Busta Rhymes",Everybody Rise",
"Busta Rhymes",Everything Remains Raw",
"Busta Rhymes",Survival Hungry",
"Busta Rhymes",Woo Hah Got You All In Check",
"Childish Gambino",Bonfire",
"Childish Gambino",Worldstar",
"Cipher",One",
"Cipher",Peeps",
"Cipher",Punchline",
"Cipher",Relay Feat XL",
"Clam Casino",All Nite",
"Concise",Get The Money (ft Checkmate)",
"Coolio",Gangstas Paradise (feat LV)",
"COOLR",Freefall (ft January PROD BY HOOCH)",
"Copywrite",Wont Stop",
"CunninLynguists",616 Rewind",
"CyHi The Prynce",Mandela",
"Cyne",400 Years",
"Cyne",Paradise",
"Cypress Hill",16 Men Till There's No Men Left",
"Cypress Hill",Audio X",
"Cypress Hill",Break Em Off Some",
"Cypress Hill",Checkmate",
"Cypress Hill",From The Window Of My Room",
"Danger Doom",Sofa King",
"Dangermouse",Chase Me (Ft Run The Jewles x Big Boi)",
"Das EFX",Real Hip Hop (Ben Hedibi Remix)",
"Del The Funky Homosapian",Eye Examination",
"Del The Funky Homosapien",Mastermind",
"Del The Funky Homosapien",Offspring (ft El P)",
"Del The Funky Homosapien",Press Rewind",
"Denzel Curry",This Life",
"DGX",EOTD",
"DGX",Fresh Clean",
"DGX",Know Me",
"DGX",Young Schmacks",
"Diabolic",Diabolic Sound",
"Dilated Peoples",Annihilation",
"Dilated Peoples",Big Business (prod by DJ Babu)",
"Dilated Peoples",DJ Babu In Deep Concentration",
"Dilated Peoples",Marathon (prod by Alchemist)",
"Dilated Peoples",No Retreat (feat B-Real)",
"Dilated Peoples",Panic (prod by The Alchemist)",
"Dilated Peoples",Who's Who",
"Dilated Peoples",Work The Angles",
"Dilated Peoples",Worst Comes to Worst",
"DJ Shadow",Horror Show",
"Doseone",2 Ton Can of Wupass",
"Dynamite MC",Bounce",
"Earl Sweatshirt",Hive",
"Earl Sweatshirt",Orange Juice",
"Earl Sweatshirt",Wool",
"EL-P",Constellation Funk",
"EL-P",Deep Space 9mm",
"EL-P",Delorean (Feat Aesop Rock & Ill Bill)",
"El-P",EMG",
"El-P",Run the Numbers (feat. Aesop Rock)",
"El-P",Squeegee Man Shooting",
"EL-P",Stepfather Factory",
"Evil Nine",Crooked (ft. Aesop Rock)",
"Eyedea & Abilities",Big Shots",
"Eyedea & Abilities",Burn Fetish",
"First Light",Greetings",
"Freestyle Fellowship",Freestyle Dedication (Ft Supernatural)",
"Freestyle Fellowship",Ghetto Youth",
"Freestyle Fellowship",Slappy The Happy Killer Clown",
"Freestyle Fellowship",Temptations",
"Fun Lovin Criminals",Crime and Punishment",
"Gang Starr",Above The Clouds",
"Gang Starr",Full Clip",
"Gang Starr",Mass Appeal",
"Genuine Rat",Holla Plum Funk",
"Ghetto Concept",EZ On Tha Motion",
"Goodie Mob, Khujo Goodie & Outkast",Gasoline Dreams",
"Gorillaz",Let Me Out (Banx & Ranx Remix)",
"GZA",Duel Of The Iron Mic",
"Hail Mary Mallon",Jonathan",
"Hail Mary Mallon",Krill",
"Hail Mary Mallon",Whales",
"Heiroglyphics",At the Helm",
"Heiroglyphics",The Who",
"High and Mighty",B Boy Document 99 (Feat Mos Def and Mad Skillz)",
"Holier Than Thou",Copywrite",
"Ice Cube",Good Cop Bad Cop",
"Infinite",Let's Get It On",
"Infinite",Moving On",
"Infinite",One Day (Radio Mix)",
"Infinite",Take A Look",
"Infinite",Wise Guys",
"J Cole",GOMD",
"J.I.D",EdEddnEddy",
"Jake One",Trap Door (Instrumental)",
"Jalen Santoy",Foreplay",
"Jay Rock",Kings Dead",
"Jay Rock",Vice City",
"Jedi Mind Tricks",151",
"Joey Badass",FromdaTomb",
"Joey Badass",Paper Trails",
"Jonwayne",Trilla G",
"Jurassic 5",Ghetto Diplomat",
"K-os",Freeze",
"KAHN & PeriKardium",Need A Goth Girl",
"Kendrick Lamar",Backseat Freestyle",
"Kendrick Lamar",Kurrupted",
"Kendrick Lamar",MAAD City",
"Kendrick Lamar",Trap Lookin",
"Killer Mike",Ready Set Go (Remix)",
"Koi Child",Black Panda",
"KRS One",MCs Act Like They Dont Know",
"LA Symphony",Call It What You Want",
"Lil Sko",Miss White Cocaine",
"Logic",Under Pressure",
"Lords Of The Underground",Chief Rocka",
"Lost Sound Division",Starburst (2nd Master)",
"Lupe Fiasco",Little Weapon",
"Madvillain",All Caps",
"Mathematik",Better By The Letter",
"Method Man & Redman",Ckeka",
"Method Man & Redman",How High (Remix)",
"Method Man & Redman",Mi Casa",
"Method Man & Redman",Well All Rite Cha",
"Method Man & Redman",YOU",
"Method Man",Is It Me",
"Mick Jenkins",Jazz",
"Ming FS",Kings County",
"Ming FS feat Nafis & Karsh Kale",The L",
"MixMasterG",Golden System",
"Mobb Deep",Shook Ones Pt II",
"Mobb Deep",Survival Of The Fittest",
"Mos Def",Auditorium",
"Mos Def And Diverse",Wylin Out (RJD2 Remix)",
"Mos Def feat Pharoahe Monch & Nate Dogg",Oh No",
"Mr Lif",Ol Crew",
"Mystikal",Danger (Been So Long feat Nivea)",
"Nas",NY State Of Mind",
"Nas",Systematic",
"Nas",The World Is Yours",
"Nujabes",Lyrical Terrorists (Street)",
"Ol Dirty Bastard",Shimmy Shimmy Ya",
"Onyx & Dope D.O.D.",PIRO feat. Dopey Rotten",
"Outkast",Elevators (ONP 86 Mix)",
"Outkast",Ova Da Wudz",
"Outkast",Reset",
"Outkast",Wheelz Of Steel",
"Party Favor",Whole Lotta Money (feat Rich The Kid)",
"Pharoahe Monch",Simon Says",
"Pigeon John",Boomerang",
"Pusha T",Trouble On My Mind",
"Raekwon",Still Strugglin",
"Rahzel",All I Know",
"Rakaa",Mezcal",
"Rakaa Iriscience",Human Nature (Now Breathe feat KRS One)",
"Rav",Abandoned ft Kill Bill",
"Redman",Cisco Kid",
"RJD2",5 Left In The Clip Remix Dirty Weathermen",
"RJD2",FHH (Instrumental)",
"RJD2",Final Frontier (Remix)",
"RJD2",Look Of Pain (Instrumental)",
"RJD2",Lucifer (Soul Position Survivor)",
"RJD2",Mic Control Soul Position",
"RJD2",Run (Feat Soul Position)",
"RJD2",Survival (feat Greenhouse Effect)",
"RJD2",Survival (Instrumental)",
"RJD2",Threat (Soul Position Run)",
"RJD2",Weather People",
"Roots Manuva",Join The Dots (feat Chali 2na)",
"Roots Manuva",Witness (1 Hope)",
"Run The Jewels",Legend Has It",
"Run The Jewels",Oh Mama",
"Run The Jewels",Panther Like a Panther (Miracle Mix feat Trina)",
"Saba",Westide Bound 3",
"Sabac",Organize",
"Schoolboy Q",Collard Greens",
"Schoolboy Q",Man Of The Year",
"Schoolboy Q",THat part (Black HIppy Remix)",
"Sergio Mendes ft Will I Am and Chali 2na",Yes Yes Y'all",
"Shelly Knicks",Bugatti Jet",
"Shelly Knicks",Fresh Squeezed",
"Shelly Knicks",Internet Rapper",
"Shelly Knicks",Rabbit Holes",
"Shelly Knicks",Windows 95",
"Slaughterhouse",Sound Off",
"Snoop Dogg",Serial Killa",
"Sore Losers",Murs",
"Soul Position",Inhale",
"Soul Position",Look of Pain",
"SpookyDaGhost",Woke Up In A Grave",
"Supernatural",Victory (feat Wildchild)",
"Supernatural",Work It Out",
"Swollen Members",Swamp Members",
"Talib Kweli",Subway Surfing",
"Techno Animal",Megaton (Deadverse remix)",
"Tha Alkaholics",Last Call",
"Tha Alkaholiks",DAAAM",
"Tha Alkaholiks",Let It Out",
"Tha Alkaholiks",The Next Level",
"The Beatnuts",Off The Books (Feat Big Pun & Cuban Link)",
"The Beatnuts",Se Acabo remix (ft Method Man)",
"The Beatnuts",Watch Out Now",
"The Cool Kids",What It Is",
"The Grouch & Eligh",Sign Of The Times",
"The High & Mighty",Top Prospects (feat Evidence & Defari)",
"The Perceptionists",Party Hard (feat Guru & Camutao)",
"The Perceptionists",People 4 Prez",
"Tony Touch",G'z Up (feat Doo Wop)",
"U God",Magnum Force",
"Unknown",Call It What You Want",
"Viktor Vaughn",Pop Quiz (Extra Credit Remix)",
"Vince Staples",745",
"Vince Staples",BagBak",
"Vince Staples",Hands Up",
"Vince Staples",Opps",
"Vince Staples",Pimp Hand",
"Vince Staples",Street Punks",
"Vince Staples",Yeah Right",
"Warped Wax",Eyedea",
"Water Damage Mix",Spark RJD2 Souls Of Mischief",
"Weathermen",Where I Wanna Be",
"Westside Connection",The Gangsta The Killa And The Dope Dealer",
"Will I Am",Money",
"Xavier Wulf",The Hollow Squad",
"Xzibit",LAX",
"Zion 1",Trippin",
