artist,title,
"Aim",Just Passin' Through",
"Diode",Good Morning Emotion",
"DJ Format",The Turning Point",
"Fat Jon",Sins",
"Fat Jon",Then",
"Force of Nature",Death Wish",
"Fort Knox Five",The Brazilian Hipster",
"G Bonson",Rokdadiskotek",
"Galactic",Church",
"Gramatik",Friday",
"Gramatik",Just Jammin",
"Gramatik",Portorose In July",
"Jeff Kaale",Mai Tai",
"Kero One",Groovin",
"Kid Koala",Stompin At Le Savoi",
"Little People",Gravitas",
"Marco Polo",5 Times A Lady",
"Marco Polo",Awe Guitar",
"Marco Polo",Grits and Tits",
"Marco Polo",Sax O Ma Fone",
"Mittens",Commercial Break",
"Nick Wiz",La La La (Instrumental)",
"Nick Wiz",Xylophone",
"Nujabes",Fellows",
"Obscure Disorder",Maintain The Focus (Instrumental)",
"Ours Samplus",Smile",
"Ours Samplus",Sweet Cans",
"RJD2",Cornbread, Eddie & Me",
"RJD2",Counseling Inst",
"RJD2",Disconnected",
"RJD2",Diverse Certified (Instrumental)",
"RJD2",Fuck Soundcheck",
"RJD2",Fuckajob",
"RJD2",Heaven",
"RJD2",High Lights",
"RJD2",I'm Free",
"RJD2",Just Think",
"RJD2",Poorboy Lover Megamix",
"RJD2",The Cool Thing To Do",
"RJD2",The Jerry Springer Episode",
"RJD2",Under The Hammer",
"RJD2",Uprock",
"Same Beat",Ravi Harris & The Prophets",
"Scienz of Life",Hot Bananas (Instrumental)",
"Shag",My Mind",
"The Derevolutions",Bad King Kong",
"DJ Jazzy Jeff & The Fresh Prince",Brand New Funk",
