artist,title,
"R",
"NinHenry",Sneakman (Kapi10 Mix)",
"Ahmaykmewsik",Executioner (K MIX)",
"Ayano ULTRA",Onishima",
"Ayano ULTRA",Ronin on the Radio",
"Ayano ULTRA",Sweet Future",
"Beat ft. DJ Professor K",i said it before and i'll say it again",
"Blue9Fairy",Herbing the Cockline",
"Brotha Earl x B.B. Rights",Funky Streetz Gospel (Mashup by SFgamer)",
"Chief Takinawa",Get Up Defend Your Turf",
"Cibo Matto",Birthday Cake (Lotus Cloud Flip)",
"COCONABE",BIONICLE Bassline",
"COCONABE",Golfman",
"COCONABE",Korone Ball Breakers",
"COCONABE",SO FUNKY NOW",
"cookiefonster",Graffiti Canyon",
"Cryptrik",Dirty Data Dealers (Done Dirt Cheap)",
"CrystalForce & NutellaFrenchToast",The Concept of Plastic Love",
"CrystalForce",That's Enough, I Just Came Here to Bounce",
"Cxldr3",Electric Tooth Brush (Rearranged)",
"Deavid Soul x Robin Beanland (Ft. Faye Newborough)",K.I. Feeling x On the Bowl (A. Fagus Mix) (Mashup by SFgamer) (Ver. 2-Ext. Mix)",
"Deavid Soul x Robin Beanland (Ft. Faye Newborough)",K.I. Feeling x On the Bowl (A. Fagus Mix) (Mashup by SFgamer)",
"digboy",Graceful Bombs Over Bathrooms",
"digboy",Sweet Soul Skank",
"DJ Kychu",Shape Da Future (DJ Kychu Remix)",
"DJ Professor K",What redbone would sound like if it was my longest jet set radio ever",
"duuzu",Electric Loss Brush",
"duuzu",Everybody's Jumping Around",
"duuzu",FUNKY RENTAL",
"duuzu",Teknopathetologic",
"EBroxas72",Brawling Shuffle",
"EBroxas72",Humming to the Oblivius",
"EBroxas72",The GG's Dream Graffiti",
"Ethan64Music",Humming the Turismo",
"Ethan64Music",Jet Set Black",
"Ethan64Music",Shakeman",
"Ethan64Music",That's Enough Time at the Spa",
"Expensive Dispenser",Futsal Like A Butterfly",
"Expensive Dispenser",Ill Pretty Flacko Beat 2 (IPFB2)",
"Expensive Dispenser",Jet Set Penis Music",
"Expensive Dispenser",My Name Is Professor Kay",
"Expensive Dispenser",Object It On",
"Expensive Dispenser",Off Sneek",
"Expensive Dispenser",Short Answer",
"Expensive Dispenser",THE CONCEPT OF WHAT'S GOOD",
"Evelyn King x Hideki Naganuma",Love Da Funk (Mashup by SFgamer)",
"Frostix",VERY COOL VICTORY BEAT",
"Galactic Hole",jam slam radio",
"GCJ",Funky Rudies Wrist Gadgets",
"GCJ",Sneakman (Remix)",
"Grambam36",Concept of Your Mom",
"Grambam36",DJ Hustle",
"Grambam36",Everybody Fuck Now",
"Grambam36",Everybody Funk Now",
"Grambam36",Funky ARMS",
"Grambam36",Future Da Future",
"Grambam36",Improvising Money",
"Grambam36",Parakaround Now",
"Hideki Naganuma",Grace & Glory (BB MH Mix)",
"Hideki Naganuma",Sneakman (Visualizer's Teknofunk Remix)",
"Hideki Naganuma",The Concept Of Love (Coughinz Remix)",
"Hideki Naganuma",The Concept of Love (Passion Mix)",
"Hideki Naganuma vs Guitar Vader",I Love Love The Bassline",
"Hideki Naganuma vs Smash Mouth",That's Enough",
"Hideki Naganuma x Khia",My This This My That",
"Hideki Naganuma x Robin Beanland",Jack Da Funk x Chicago Ally (Jack'd in Da Ally) (Mashup by SFgamer)",
"Hideki Naganuma x Robin Beanland",No Sleep in the Chicago Alley (Mashup By SFgamer)",
"Hideki Naganuma x Will Smith",Gettin' Funky (Wit It) (Mashup by SFgamer)",
"Hideyuki Fukasawa",The Half Pipe (Top & Bottom Floor) (Street Fighter X Tekken Soundtrack) (Mix/Mashup by SFgamer)",
"Hideyuki Fukasawa x Slum Village",The Half Pipe (Mix) x Selfish (Instrumental) (Mashup by SFgamer)",
"Hillsong x Snail's House",So Will I (100 Billion X) x Pixal Galaxy (Mashup by SFgamer)",
"J-MUSIC Ensemble",Teknopathetic",
"Jamangar",Sounds of the Underground",
"James Landino",Teknopathetic (Remix)",
"Jelehu",Grace, Glory, and Gojis Ghost",
"Jet Set Radio 3 Fan OST",Downtown Beat Em' Up",
"Jet Set Radio 3 Fan OST",Downtown Subway",
"Jet Set Radio 3 Fan OST",Piano Ride",
"Jet Set Radio x Kendrick Lamar",DJ Professor Kunta",
"JSR SS OST",Hello Alison (Freek Remix)",
"Krizis",Let's Get Rappin'",
"KryptoDigital",Up-Set Penis",
"Kyunnie",Scratchman Sam",
"Lavalamp",Ridge Radio",
"Logi",Humming the Bassline (Scratchin' Remix)",
"Machine Girl",Mischievous Boy (Poison Jam Mix)",
"Mary Mary x Hideki Naganuma",God in Me x Humming the Bassline (Mashup by SFgamer)",
"MatrixMarioX",Everybody Bang Around",
"MatrixMarioX",Humming the Bowsline",
"MatrixMarioX",Jet Set Woolly World",
"MatrixMarioX",No Wait Jump Around To This Instead (Gorillaz Mix)",
"MatrixMarioX",Oldies But Happiest",
"MatrixMarioX",Splatting The Bassline (DS Remix)",
"MatrixMarioX",Splatting The Bassline (Redux)",
"Michael Staple",Electric Tooth Brush (Remix)",
"Micheal Staple",Electric Tooth Brush (Remix)",
"Mikroscopic",Playing the Bassline",
"Mr Mediamanx",Hello Alison (Freek Remix)",
"Mr Mediamanx",Higher Plain of Funk",
"Mr Mediamanx",Look at the Funk",
"Mr Mediamanx",Menu Music",
"MtH",Everybee Fly Around",
"MtH",GRACE N GLORY",
"Nakaido Chabo Reichi",Professed Intention and Real Intention",
"Nixhlestakov",Bumping the Bassline By",
"NQT",Electric Collision (Soft Toothbrush)",
"NQT",Flowing Teknopathetic Warfare",
"NQT",Like It Like Space Trip Steps",
"NQT",The Concept of Color Pulse",
"NQT",Tricky Sister Girl's Statement of Intent",
"NutellaFrenchToast",FUNKY STUDENT",
"NutellaFrenchToast",Sneaking Through Gekkoukan",
"Onyonreng",Shape Da Skyway",
"Poopy Joe",Everybody Jump Around (Profizor Kaymix)",
"POST ELVIS",Bringing it All Back",
"POST ELVIS",One Last Ride Through the City of Tokyo-to (POST ELVIS SUPER MIX)",
"Pr0fitl0lis",Up-Set Ghost Girls",
"rats",I Love Love You (Candy Candy Cute Dimension Mix)",
"Richard Jacques",Everybody Jump Around (SASHKO NAGANUMA REMIX)",
"Robin Beanland x Hideki Naganuma",Yo Check out Da Funk (Mashup by SFgamer)",
"Robin Beanland x Hideki Naganuma",Yo Check Out This Bassline (Mash up by SFgamer) (Ver. 2",Elekroma Remix)",
"Robin Beanland x Hideki Naganuma",Yo Check Out This Bassline (Mash up by SFgamer)",
"Robin Beanland x LF Pee",Yo Check Out who's on the Turntables (Mashup by SFgamer)",
"Robin Beanland x LF Pee",The Turntablist in the Chicago Ally (Mashup by SFgamer)",
"Roc the Dilettante",Jet Set Vervine",
"Ronin Op F",Sneakman (Remix)",
"Ronin Op F",Sweet Soul Brother (Remix)",
"SammyG",Bassy Love Child",
"SammyG",The Concept of Love Love",
"Sashko Naganuma",Allison Love",
"Sashko Naganuma",Moody's Fat Boom Boom",
"Sashko Naganuma",Understand",
"Sega77",DJ Professor Kunta",
"Sega77",Jet Set Shadow",
"SilvaGunner",Everybody Jump Around (Mambo Remix)",
"SmokyThrill77",Everybody Hit The Floor",
"Smooth4Lyfe",Humming the Bassline (Vocal Mix)",
"The Akashic Chronicler",Everybody Funk Around",
"TheSip",Smooth Star Jam",
"Trifly",Quan Set Radio",
"Unknown",Brawling shuffle",
"Unknown",Humming The Wide Suitcase",
"Unknown",Humming to the Oblivius",
"Unknown",The GG's Dream graffiti",
"Unknown Meta",The End of the Future",
"VeraFX",Devil's Contract",
"VLTG",Real Roller Radio ‘99",
"WholePunch",Down The Radio",
"World Rejects x DJ Octavio",Reject Platoon x Tidal Rush (Mashup by SFgamer)",
"NeonTwister",Raisin' Me Up x Funky Radio",
