artist,title,
"2-mello",break-down-break-up-ft-anton-corazza",
"2-mello",chainsaw-funk",
"2-mello",dance-with-u-long",
"2-mello",dont-stop-now-interlude",
"2-mello",future-unwritten",
"2-mello",i-shoulda-known",
"2-mello",i-wanna-kno",
"2-mello",life-on-the-line",
"2-mello",luv-2-luv",
"2-mello",molotov-music-interlude",
"2-mello",noize-the-invasion",
"2-mello",poison-jam-part-ii",
"2-mello",pull-up",
"2-mello",rapid-crew-cant-move-me-ft-tv-ma",
"2-mello",rave-shit",
"2-mello",sound-effects-record-no-27",
