artist,title,
"BonafideBloom",9 lives",
"BonafideBloom",alpin resa",
"BonafideBloom",apricus",
"BonafideBloom",believer's flip side",
"BonafideBloom",C.rown M.y E.nergy",
"BonafideBloom",cannacoast lounge",
"BonafideBloom",champion's survival",
"BonafideBloom",coast to coast, space ghost",
"BonafideBloom",corvus et tempus",
"BonafideBloom",dreamwalker",
"BonafideBloom",ether possessor",
"BonafideBloom",flashback fever",
"BonafideBloom",frost yourself",
"BonafideBloom",Inara Serra's journey of the 'Verse",
"BonafideBloom",intend, oh, change your stars",
"BonafideBloom",karma dharma",
"BonafideBloom",keep on keeping on",
"BonafideBloom",kulning for you",
"BonafideBloom",lightning showers may bring powers",
"BonafideBloom",melting sugarcubes",
"BonafideBloom",memory reel",
"BonafideBloom",meteor shower",
"BonafideBloom",moldavite wulong",
"BonafideBloom",morality check",
"BonafideBloom",pioneering new earth golden heart",
"BonafideBloom",plumbob",
"BonafideBloom",scope 'n' blastris",
"BonafideBloom",seam ripper",
"BonafideBloom",serenity's voyage",
"BonafideBloom",solace in seattle",
"BonafideBloom",spark & glow",
"BonafideBloom",temple garden",
"BonafideBloom",terminus iter",
"BonafideBloom",the sedona effect",
"BonafideBloom",win key",
