artist,title,
"AAron EVO",Beverly Chills",
"B. Bravo & Lean Rock",Shred",
"Bignic",Ruiner",
"Bignic",Scream",
"D Fast",Jungaaaa",
"D Fast",Whipz",
"Doctor Lazer",Headbangeren",
"Doctor Lazer",Thuggin",
"Frank Klepacki",Decible",
"Grillo",Urabon",
"Hideki Naganuma",AIN'T NOTHIN' LIKE A FUNKY BEAT",
"Klaus Veen",Dial Hop",
"Klaus Veen",Ordinary Days V2",
"Klaus Veen",Ordinary Days",
"Klaus Veen",Snibbit",
"Olli",Champthem",
"Pixelord",Dominator",
"Pixelord",Killa Swing",
"The Sleepers RecordZ ft. Nasty Den",Nasty Lovers",
"zeroSCAR",X",
