artist,title,
"Anomalie",Velours",
"BNJ",Toi&Moi (Boki Remix) ",
"Cotton Claw",Leaps and Bounds",
"Cotton Claw",Sunset Glow",
"Fardust & Azureskye",Avalanche",
"Fardust",Amber",
"Fardust",Furo",
"Fardust",Komorebi",
"Fardust",Shimmer",
"Jim Alxndr",Fruit Salad",
"Lenny De luca",LHIKS (Fardust Remix)",
"Max Fry",roaming",
"Nikitch & Kuna Maze",Another One",
"Nikitch",Until Next Time",
"Nikitch- Not so Much",
"Opal Block",Bonnie Bobble",
"Pomrad",This Day",
"Potatohead People",Returning the Flavour",
"Sebastian Kame & King Khamen",Bless You",
"walk",seagull.",
"Zerolex",Ethereal (Nikitch remix)",
