﻿
Artist,Title,Length,

"Anamanaguchi","Akira",211

"Anamanaguchi","Bosozoku GF",288

"Anamanaguchi","Cheap Shop",96

"Anamanaguchi","Echobo",193

"Anamanaguchi","Giant Contraband Robot",102

"Anamanaguchi","Gideon Wrath Part I",110

"Anamanaguchi","Just Like in the Movies",131

"Anamanaguchi","Party Stronger",135

"Anamanaguchi","Rock Club",154

"Anamanaguchi","Scott Pilgrim Anthem",98

"Anamanaguchi","Shrine Bros",101

"Anamanaguchi","Sunset By Plane",282

"Anamanaguchi","TechnoMan",109

"Anamanaguchi","The Dark One",118

"Big Giant Circles","The Glory Days Chip Zeal",216

"Big Giant Circles","The Glory Days Houston",324

"Big Giant Circles","The Glory Days Sevcon",280

"Blipsqueek","Clown Makeup",163

"Blipsqueek","King of the Sky",142

"Blipsqueek","Midday by Midboss",200

"Blipsqueek","Saria's jam",241

"Blipsqueek","Sticks and faygo and old school nintendo games",255

"Blipsqueek","the Happy Chiptune NERD",146

"Blipsqueek","Wiley's last battle",214

"Bossfight","Be Gone Mr. Gawne",258

"Bossfight","Commando Steve",207

"Bossfight","Elevatia (meganeko Remix)",235

"Bossfight","Farbror Melker Fixar Fiskdamm (Fastbom Cover)",203

"Bossfight","Flirt Flirt Oh It hurts",212

"Bossfight","Milky Ways",188

"Bossfight","Steampunk Warlord",214

"Bossfight","The Maze Of Mayonnaise",191

"Carf Darko","Exploit",194

"Carf Darko","Carf Darko - Gravitation",193

"Carf Darko","Interdimensional",161

"Carf Darko","Carf Darko - Interference",212

"Carf Darko","Carf Darko - Supernova",133

"Chipzel","14 Fortune Favours The Bold",381

"Chipzel","Aurora Borealis",217

"Chipzel","Beyond the Cosmos",214

"Chipzel","Can't Stop Us",142

"Chipzel","Courtesy",190

"Chipzel","Disconnected",187

"Chipzel","Discothéque Rouge, After Hours (Monaco OST Remix)",245

"Chipzel","Evolution",340

"Chipzel","Focus",163

"Chipzel","Forged in Stars",200

"Chipzel","Hello Earth",188

"Chipzel","Knuckle Joe",180

"Chipzel","Only Human (Trey Frey Remix)",295

"Chipzel","Ordinary",199

"Chipzel","Otis",155

"Chipzel","Something Beautiful Part II",165

"Chipzel","Something Beautiful",232

"Chipzel","Spectra",240

"Chipzel","To The Sky",229

"Chipzel","Veteran",241

"Chipzel","Waiting",205

"Chipzel","When They Come For Us",205

"Chipzel","When You Realise",184

"CORNBEAST","MEGABLAST",266

"Cream in all moustache","Hear My Voice (JDDJ3J Remix)",192

"Cyber Shadow","Mekacity Ruins",140

"Cyber Shadow","The Theme of Shadow",143

"Danimal","Chronos",270

"Danimal","Corrupted",377

"Danimal","Logic Gatekeeper",299

"Danimal","Long Live The New Fresh",266

"DELTANOYZ","Beepmap",328

"DELTANOYZ","Enforcer",285

"DELTANOYZ","Manhattancore",154

"DELTANOYZ","Reset",174

"DELTANOYZ","Satankart",299

"Diad","Dimension-Reversing Dualities",320

"Diad","The Beckoning Enslaved",199

"Dubmood","Fuckup at Dreamhack2001 (feat. Stalker)",51

"Dubmood","Insert No Coins",146

"Dubmood","Just Another Paper Intro",165

"Dubmood","Keygen 3 (feat. Kootie)",106

"Dubmood","Keygen 5",87

"Dubmood","Keygen 8",95

"Dubmood","Keygen 11",120

"Dubmood","Kootie var e du?",210

"Dubmood","Ninjaflood Starts School",109

"Dubmood","Pampradion (feat. Zabutom)",109

"Dubmood","Rez Cracktro 4",177

"Dubmood","Så här kan man också göra (feat. Zabutom)",186

"Dubmood","Settlers 7 Cracktro",140

"Dubmood","You can do it but not like we do it (feat. Zabutom)",133

"Dunderpatrullen","1up Muncher",270

"Dunderpatrullen","How To Adventure",207

"Dunderpatrullen","Pixie Crust",201

"Dunderpatrullen","Singularity",328

"Dunderpatrullen","To The Moon (ft. FantomenK)",229

"Fade Runner","Less Cops, More Titties!",158

"Fade Runner","Loop For Your Pleasure",127

"Fade Runner","Traffic Jam",137

"Gigandect","2e1dda",227

"Gigandect","Nyanshit",300

"HarleyLikesMusic","Infinity Tricks",241

"HarleyLikesMusic","Steel City",286

"IDecade","Catastrophe",250

"IDecade","Denatured",170

"IDecade","Kraken",219

"IDecade","Mad",261

"IDecade","Mahalo",269

"IDecade","Traumas",206

"Jake Kaufman","A Thousand Leagues Below (Iron Whale) [Manami Matsumae]",217

"Jake Kaufman","Aqua Vitae (Explodatorium)",311

"Jake Kaufman","Hidden by Night (Lich Yard)",314

"Jake Kaufman","Rhythmortis (Lobby Remix)",67

"Jake Kaufman","Spin Ye Bottle (Minigame)",115

"Jake Kaufman","Stone Cold (3-1 Cold Remix)",169

"Jake Kaufman","Strike the Earth! (Plains of Passage)",225

"Jake Kaufman","The Claws of Fate (Mole Knight Battle)",170

"Jake Kaufman","The Schemer (Tinker Knight Battle)",77

"Jake Kaufman","Watch Me Dance!",79

"Je deviens dj en 3 jours","Kaizoku 海賊 (Henry Homesweet Remix)",332

"Je deviens dj en 3 jours","Pas de patates le mardi (Ctrix Remix)",283

"Kawai Sprite","Roses",91

"Kawai Sprite","Thorns",104

"Kubbi","Cascade",265

"Kubbi","Up In My Jam (All Of A Sudden)",225

"like luke","goodbye! goodbye! goodbye!",268

"like luke","precious jewel (Sabrepulse remix)",232

"like luke","slam dunk lifestyle (Boaconstructor remix)",315

"MASTER BOOT RECORD","CASTLEVANIA",237

"MASTER BOOT RECORD","CASTLEVANIA II",253

"MASTER BOOT RECORD","DOOM II",319

"MASTER BOOT RECORD","DOOM",260

"MASTER BOOT RECORD","F-ZERO",366

"MASTER BOOT RECORD","MEGA MAN 2",226

"MDK & meganeko","Supercharge",273

"meganeko","Slime Boy Color",288

"meganeko","Space Magic",266

"Men of Mega","Bitches leave",224

"Men of Mega","Getsuedophobia",235

"Men of Mega","John Stamos On Meth",232

"Men of Mega","The Wiliest Of All Doctors",200

"Men of Mega","Twisking It Up",176

"Mr. Spastic","Sloppy",193

"PANDAstar","Celestine",230

"PANDAstar","POPrawkZ",176

"PANDAstar","Relish",195

"PANDAstar","Thana",265

"Popsicle Theory","Cheepy",204

"Popsicle Theory","No, I'm not a DJ",152

"Popsicle Theory","Same chip, different day",155

"Rainbowdragoneyes","Chipwrecked",193

"Rainbowdragoneyes","Creatures Ov Deception",183

"Rainbowdragoneyes","Eur Hawt 200X",186

"Rainbowdragoneyes","Hej Sokoły (This Is The Rainbowdragoneyes Remix)",158

"Rainbowdragoneyes","JjasonSalazZ",154

"Rainbowdragoneyes","OVERTHROW (instrumental)",230

"Rainbowdragoneyes","Plunder Or Perish – Main Theme",101

"Rainbowdragoneyes","Punch You",77

"Rainbowdragoneyes","Thrashbaath",179

"Rainbowdragoneyes","16-Bit Universe",228

"RoboRob","Is This Chiptune?",199

"Sabrepulse","Close To Me",260

"SabrePulse","DARK LIGHTNING",233

"Sabrepulse","Famicom Connection",199

"Sabrepulse","Massive Damage",157

"Sabrepulse","Party Bomb!",194

"Sabrepulse","Phalanx",259

"Sabrepulse","PHANTOM",347

"Sabrepulse","The Fourth Sequence",134

"Shirobon","J-E-N-O-V-A (FF7 Cover) [Bonus Track]",99

"Shirobon","Army Of The Abyss",201

"Shirobon","Crystals",356

"Shirobon","Cyberstrike ft. Sabrepulse",193

"Shirobon","FOX",317

"Shirobon","Lightspeed Lucy",179

"Snesei","4 Ever & Ever",220

"Snesei","A Geisha's Dream (Naoki Cover)",107

"Snesei","Button Mash",154

"Snesei","Finster",208

"Snesei","Virtual Epilepsy",179

"Snesei","Carpig X",137

"Snesei","Booster Packs",148

"The One Electronic X Snesei","Presidents Day",135

"Trash80","Cascadia",303

"Trash80","Icarus",256

"Trash80","Missing You",258

"Trey Frey","Airglow",276

"Trey Frey","Daisy",192

"Trey Frey","Phantasmagoria",220

"XINON","AMBER JAM",214

"xyce","biscuit",169

"xyce","cloture de jardin",177

"xyce","dreidel",126

"xyce","feuilles",157

"xyce","je suis baguette",167

"xyce","mosaik ft radix",200

"xyce","ngen racer",107

"xyce","not it",145

"xyce","ombres",195

"xyce","papillions ft malmen",219

"Zekk","Zealous Hearts",242
