﻿
Artist,Title,Length,

"Cody Vondell","Age Of Arcade",155

"Cody Vondell","Bring The Rock",223

"Cody Vondell","Cult 99",226

"Cody Vondell","Eat It Up",194

"Cody Vondell","Error 404 (ft 3meo)",71

"Cody Vondell","Ghettoblasta (ft Tragic)",227

"Cody Vondell","Hot Hot Hollywood",198

"Cody Vondell","I Am The System (Leftover Technology)",243

"Cody Vondell","Joyschtick",233

"Cody Vondell","Leftover Technology (Age Of Arcade)",182

"Cody Vondell","Leftover Technology",92

"Cody Vondell","Lightyears Away",170

"Cody Vondell","Nerves (ft Bigsugz)",139

"Cody Vondell","So Close We Pixelate",217

"Cody Vondell","6 In The Street",210

"Cody Vondell","Alien Islander",185

"Cody Vondell","Archenemies",163

"Cody Vondell","Bittersweet Vestige",103

"Cody Vondell","Church of Glitch",141

"Cody Vondell","Comeback Boy",105

"Cody Vondell","Danger Bomb",168

"Cody Vondell","Daytona",101

"Cody Vondell","Deep Metropolis",80

"Cody Vondell","Digital",150

"Cody Vondell","Dive",192

"Cody Vondell","Do It Together",214

"Cody Vondell","Elevation SuperNova",168

"Cody Vondell","Fleeting Moments",143

"Cody Vondell","Fragmented Remains",96

"Cody Vondell","Futureproof (Single)",141

"Cody Vondell","Graveyard Shift",168

"Cody Vondell","Hello World",217

"Cody Vondell","Hologram Girls",215

"Cody Vondell","Hometown Hero",219

"Cody Vondell","Hurricane Mastermind",136

"Cody Vondell","Hydropower",188

"Cody Vondell","Hyper Reality Lover",120

"Cody Vondell","Illuminate",110

"Cody Vondell","Inertia",167

"Cody Vondell","Jet Set Radio",159

"Cody Vondell","Jupiter Brain",147

"Cody Vondell","Laboratory Breach",65

"Cody Vondell","Like I Knew You Would",298

"Cody Vondell","Little Trouble",103

"Cody Vondell","Lost Always",228

"Cody Vondell","Lounge In the Left Lane",151

"Cody Vondell","Lush",120

"Cody Vondell","Midnight Street",106

"Cody Vondell","New World Chaos",100

"Cody Vondell","Parallel",160

"Cody Vondell","Pink Fur [Redux]",189

"Cody Vondell","Pink Fur",84

"Cody Vondell","Pixel Bath",208

"Cody Vondell","Poser (Single)",157

"Cody Vondell","Push",192

"Cody Vondell","Radio Oddity",149

"Cody Vondell","Reality Check",190

"Cody Vondell","Return To Guiyu",89

"Cody Vondell","Side Effects Included (Single)",124

"Cody Vondell","Something Illusory",170

"Cody Vondell","Sour Punch",160

"Cody Vondell","Spoken Like A True Has Been",181

"Cody Vondell","Star City",281

"Cody Vondell","Stay Gold",270

"Cody Vondell","Steadfast",136

"Cody Vondell","Sunchaser (Single)",156

"Cody Vondell","Sunny Sunday",173

"Cody Vondell","Sunrise",213

"Cody Vondell","Tech Pond",205

"Cody Vondell","Technophobia",214

"Cody Vondell","Territorial (Single)",214

"Cody Vondell","The Future Was Yesterday",194

"Cody Vondell","The Horror Y2K17 (RJD2 Cover)",110

"Cody Vondell","Twice As Bright (Single)",159

"Cody Vondell","Wakefield",203

"Cody Vondell","When It Rains It Pours",215

"Cody Vondell","When The Summer Ends",252

"Cody Vondell","While You Wait",74

"Cody Vondell","Yellow Bricks End",203

"Cody Vondell","You & Me (Single)",156

"Cody Vondell","Alien Ocean",82

"Cody Vondell","Block Runner",77

"Cody Vondell","Earthling",160

"Cody Vondell","I'm In (LOUD)",201

"Cody Vondell","Metro Boy",81

"Cody Vondell","Danger, Will Robinson",92

"Cody Vondell","I'm Not Even Scared Of A Zombie (Instrumental)",199

"Cody Vondell","Seascape Surf",193

"Cody Vondell","Select Skate",227

"Cody Vondell","Starlight Park",184

"Cody Vondell","Vines",194
