﻿
Artist,Title,Length,

"13 And God","Soft Atlas",232

"A Perfect Circle","The Outsider (Apocalypse Mix)",329

"Blockhead","You've Got Maelstrom",287

"Caravan Palace","Midnight",206

"Citizen Cope","Let The Drummer Kick",257

"Desired","Exolution",114

"DJ T-Rock & Squashy Nice","It Began With Listening",185

"DJ T-Rock & Squashy Nice","The Fugue",142

"Handsome Boy Modeling School","The Worlds Gone Mad",324

"Health","Future",282

"Health","Tears",258

"Jimi Hendrix","All Along The Watchtower (Pretty Lights Remix)",303

"MSTRKRFT","Monster Hospital",319

"Ours Samplus","Alamo",256

"Ours Samplus","Blue Bird",233

"Ours Samplus","Deep Inside",182

"Ours Samplus","Minor Alpha",180

"Ours Samplus","Over",246

"Ours Samplus","Saliverne",199

"Ours Samplus","Spell On You",240

"Ours Samplus","Versus",166

"Poldoore","Honey Don't Cry",275

"Portugal. The Man","Tidal Wave",212

"RJD2","Smoke & Mirrors",266

"Shawn Lees Ping Pong Orchestra","Kiss The Sky",219

"Thievery Corporation","The Richest Man In Babylon",230

"Virtual Boy","The Tower",190

"Wax Tailor","Once Upon A Past",288
