﻿
Artist,Title,Length,

"Cedric Menendez","Defy The Great Admin",252

"Cedric Menendez","Drumbie",201

"Cedric Menendez","Enter The City",221

"Cedric Menendez","Furtive Ascencion",285

"Cedric Menendez","Get Ready",265

"Cedric Menendez","Greendy's Trance",323

"Cedric Menendez","Grind-E's Secret Goal",362

"Cedric Menendez","High Jump",189

"Cedric Menendez","Inner Reflexion",336

"Cedric Menendez","Never Give Up",323

"Cedric Menendez","Surpassing Oneself",323

"Cedric Menendez","Try Hard",152

"Cedric Menendez","Underground",323

"Cedric Menendez","Wata's Lounge",302

"Hideki Naganuma","Heaven Up",287

"Hideki Naganuma","Never 4Ever",256
