﻿
Artist,Title,Length,

"Hideki Naganuma","Ain't Nothin' like A Funky Beat",402

"Aaron Evo","Beverly Chills",157

"Frank Klepacki","Decible",227

"Klaus Veen","Dial Hop",62

"Pixelord","Dominator",178

"Doctor Lazer","Headbangeren",179

"D Fast","Jungaaaa",150

"Pixelord","Killa Swing",202

"The Sleepers Recordz","Nasty Lovers (feat. Nasty Den)",268

"Klaus Veen","Ordinary Days V1",279

"Klaus Veen","Ordinary Days V2",353

"Bignic","Ruiner",323

"Bignic","Scream",172

"Bravo & Lean Rock","Shred",162

"Klaus Veen","Snibbit",195

"Doctor Lazer","Thuggin",205

"Grillo","Urabon",193

"D Fast","Whipz",247

"Zeroscar","X",166
