﻿
Artist,Title,Length,

"marieca eureka","9 lives",209

"marieca eureka","alpin resa",276

"marieca eureka","apricus",236

"marieca eureka","believer's flip side",286

"marieca eureka","cannacoast lounge",344

"marieca eureka","champion's survival",344

"marieca eureka","coast to coast, space ghost",277

"marieca eureka","corvus et tempus",384

"marieca eureka","dreamwalker",517

"marieca eureka","ether possessor",128

"marieca eureka","flashback fever",349

"marieca eureka","frost yourself",265

"marieca eureka","Inara Serra's journey of the 'Verse",521

"marieca eureka","intend, oh, change your stars",344

"marieca eureka","karma dharma",497

"marieca eureka","keep on keeping on",412

"marieca eureka","kulning for you",465

"marieca eureka","lightning showers may bring powers",183

"marieca eureka","melting sugarcubes",243

"marieca eureka","memory reel",314

"marieca eureka","meteor shower",410

"marieca eureka","moldavite wulong",500

"marieca eureka","morality check",455

"marieca eureka","pioneering new earth golden heart",252

"marieca eureka","plumbob",295

"marieca eureka","scope 'n' blastris",287

"marieca eureka","seam ripper",365

"marieca eureka","serenity's voyage",376

"marieca eureka","sisu",237

"marieca eureka","solace in seattle",251

"marieca eureka","spark & glow",470

"marieca eureka","temple garden",255

"marieca eureka","terminus iter",175

"marieca eureka","the sedona effect",456

"marieca eureka","win key",641
