﻿
Artist,Title,Length,

"Hideki Naganuma","Boarder 70 [Somethin' Jazzy for Your Mind Mix]",275

"Hideki Naganuma","Boarder 70",225

"Hideki Naganuma","Brother Goes Away",221

"Hideki Naganuma","Funk to the Top",188

"Hideki Naganuma","Let It Go",237

"Hideki Naganuma","Ollie Groove #1",12

"Hideki Naganuma","Ollie Groove #2",13

"Hideki Naganuma","Teknopathetic [e-Pop 'n' Disco 80's Mix]",342

"Hideki Naganuma","The Concept of Love [The Concept of Passion Mix]",282

"Hideki Naganuma","Too Fast",208
