﻿
Artist,Title,Length,

"A. Fortnite","88811",193

"A. Fortnite","GINGA FORCE IV",228

"A. Fortnite","wood man force 4",106

"Ahmaykmewsik","executioner (K MIX)",262

"Ahmaykmewsik","He's a Family Guy",174

"Ahmaykmewsik","K.K. Groove-a-Numa ft. Isabelle",173

"Ahmaykmewsik","Pumpkin Hill feat. DJ Professor K",192

"Ahmaykmewsik","Pumpkin Hill ft. DJ Professor K (Instrumental)",192

"Ahmaykmewsik","Rise",285

"Ahmaykmewsik","This is M0st DisturbiNg",325

"beardfear","Sega's answer to Super Mario Bros.",48

"beardfear","The Lucky Dime Caper Starring Cuphead and Mugman",48

"Beat ft. DJ Professor K","i said it before and i'll say it again",231

"Blue9Fairy","Herbing the Cockline",186

"Blue9Fairy","Take a Space Walk",328

"Bruh de la Boi","dreaming about beating dj professor k. to death tomorrow",95

"cazsu","DE LOVEHAZARD (Loveless RMX)",197

"ChickenSuitGuy","Absolute Scratchin'",32

"ChickenSuitGuy","AIN'T NOTHIN' LIKE A CHUNKY BEAT",203

"ChickenSuitGuy","Credits - Sega Bass Funny",99

"ChickenSuitGuy","DEAD GROOVE SHAKE #2",9

"ChickenSuitGuy","Ska Cha Cha (Rotten Mix)",139

"ChickenSuitGuy","Tail My Pussy",113

"ChickenSuitGuy, Felicia","SURROUNDIN' RUU",97

"ChickenSuitGuy, MLPFun","Trapped in Black",118

"ChristopherLry","Baku Baku Nutshack",59

"ChristopherLry","The Doraemon Do!",48

"COCONABE","4帽子 (2019 remaster)",272

"COCONABE","AIN'T NOTHIN' LIKE A FUNKY DANGER",197

"COCONABE","Angel of the Beach",256

"COCONABE","BIONICLE Bassline",156

"COCONABE","Brick 2 Brick",106

"COCONABE","Bring It On!",217

"COCONABE","Golfman",229

"COCONABE","Korone Ball Breakers",126

"COCONABE","Let the Saint Sleep",165

"COCONABE","SO FUNKY NOW",184

"COCONABE","Streets of Hydrocity",250

"COCONABE","The Legend of Bionicle",185

"COCONABE","Tokyo Speedrun",187

"cookiefonster","fireflies is a song about nights and dreams",144

"cookiefonster","Graffiti Canyon",90

"Cryptrik","Artificial Amateurs",220

"Cryptrik","Blading These Streets",287

"Cryptrik","Dirty Data Dealers (Done Dirt Cheap)",264

"Cryptrik","Mambo Circus",145

"CrystalForce","That's Enough, I Just Came Here to Bounce",185

"CrystalForce & NutellaFrenchToast","The Concept of Plastic Love",189

"CrystalForce, Dead Line","when the beat kicks youll shit brix",140

"dante","DOUBLE DECKER!",200

"dante ft. Charles Ritz","Neon Nights (LIGHTS UP EVOLUTION MIX)",296

"Dead Line","Pressure Panic Station",115

"Dead Line","Sean Kingston: Touch and Roll",201

"digboy","Funk Goes On (Funk'd Up Mix)",259

"digboy","Graceful Bombs Over Bathrooms",273

"digboy","HANDS UP HIGH",237

"digboy","Highway Couture",203

"digboy","Night Crew",262

"digboy","Sweet Soul Skank",209

"digboy","The Sound (Rude Lee Remix)",287

"DJ Professor K","What redbone would sound like if it was my longest jet set radio ever",41

"DM DOKURO and Chase","September",77

"duuzu","24 Hours (Instrumental)",251

"duuzu","24 Hours",251

"duuzu","Blow My Speakers Up",198

"duuzu","Celebrate What You Praise",236

"duuzu","Dragulas (Funny Mix)",343

"duuzu","Dragulas",343

"duuzu","Electric Loss Brush",20

"duuzu","Everybody's Jumping Around",302

"duuzu","FUNKY RENTAL",219

"duuzu","Something For Your Mind",270

"duuzu","Teknopathetologic",237

"eg_9371","AIN'T NOTHIN' LIKE A FUNKY STREET",232

"eg_9371","Did you know that taxis are affected by gravity?",188

"eg_9371","DREAMS CAN SAVE U",136

"eg_9371","Ice Shop",160

"eg_9371","Ska Cha Slide",161

"eg_9371","StreetMan Rush",163

"eg_9371","Streets of Sadeness",173

"eg_9371","The End of Thunder Force IV",71

"eg_9371","The HyperZone",116

"Emm Bee Sea","Best 2 Best (JP Version)",224

"Emm Bee Sea","Blaze's Pinball",106

"Emotional Snail","David Goes To Hobart Drive",28

"Emotional Snail","Flyday Fantasy Zone",85

"Emotional Snail",""Frick" The Beat (Cant swear mom will be mad)",71

"Emotional Snail","It kinda sounds like Megalovania.",122

"Emotional Snail and various","Bowflex for the 26th Century",210

"Ethan64Music","Harder to Breathe in this Blizzard",103

"Ethan64Music","Humming the Turismo",183

"Ethan64Music","Jet Set Black",15

"ETHAN64MUSIC","LETHAL LEAGUE BLAZE BUT AWESOME",204

"Ethan64Music","Plant Kiminosei - Bunny Girl Rush Adventure",183

"Ethan64Music","Plant to be Stupid - Weird Rush Al-venture",172

"Ethan64Music","Shakeman",231

"Ethan64Music","Sis Puella Monkey Ball!",180

"Ethan64Music","Syura Shadow",77

"Ethan64Music","That's Enough Time at the Spa",46

"Ethan64Music","Ya(bba)-Da(bba)-Yo",49

"Expensive Dispenser","A Funky Moment",170

"Expensive Dispenser","AIN'T NOTHIN' LIKE A FUNKY KONG (ft. Rosalina)",143

"Expensive Dispenser","AIN'T NOTHIN' LIKE A SPARRING RING",163

"Expensive Dispenser","Feel The Heat, Baby",163

"Expensive Dispenser","Futsal Like A Butterfly",203

"Expensive Dispenser","Ill Pretty Flacko Beat 2 (IPFB2)",126

"Expensive Dispenser","Jet Set Penis Music",7

"Expensive Dispenser","My Name Is Professor Kay",194

"Expensive Dispenser","Object It On",220

"Expensive Dispenser","Off Sneek",240

"Expensive Dispenser","Short Answer",161

"Expensive Dispenser","Spooky Scary Monkey Ball",140

"Expensive Dispenser","Super George Michael Ball: Freedom Blitz",288

"Expensive Dispenser","Super Monkey Boomer Rock 2",106

"Expensive Dispenser","Thank You, Everybody!",194

"Expensive Dispenser","THE CONCEPT OF WHAT'S GOOD",201

"Expensive Dispenser & CrystalForce","AIN'T NOTHIN' LIKE A FLAT BEAT",154

"Frostix","VERY COOL VICTORY BEAT",164

"fusoxide","Chiyo Mihama in Miracle World",4

"fusoxide","Fuffy Pink Fluff (Unfinished)",69

"fusoxide","The Electrisco (Instrumental)",202

"fusoxide","The Electrisco",206

"fusoxide ft. Funky Metal Guitarist","FM Funk (No FN' FM Remix)",264

"Galactic Hole","jam slam radio",79

"Garrett Williamson","After the Dream",148

"Garrett Williamson","Slot House (Jet Set Remix)",167

"Geshtro","We're Wrapped in Black, Too Strong",228

"gniRob","C'mon 'N Board 70, Grandpa!",225

"Grambam36","Alex and Kidd Kidd",40

"Grambam36","Altered Goat",43

"Grambam36","AY! OH! LET'S RIDE!",128

"Grambam36","Baldi Beat #1",6

"Grambam36","Chicken and Skates",11

"Grambam36","Come and Game em'",23

"Grambam36","Concept of Your Mom",221

"Grambam36","CRINGE BUSTER",80

"Grambam36","DAY ☆ TONA",51

"Grambam36","DEAD HEAT BEATBOX #1",10

"Grambam36","DJ Hustle",49

"Grambam36","Doki Doki Mcdonald Club!",82

"Grambam36","Don't Eat ASS",94

"Grambam36","Everybody Fuck Now",204

"Grambam36","Everybody Funk Now",204

"Grambam36","Funky ARMS",63

"Grambam36","Future Da Future",335

"Grambam36","House of the Bean",140

"Grambam36","Improvising Money",147

"Grambam36","Let it Glamour",238

"Grambam36","MAMA CHUNGUS",128

"Grambam36","Monkey Cha Cha",94

"Grambam36","Ninja 09",27

"Grambam36","Ollie Man",227

"Grambam36","Ollie.exe",148

"Grambam36","Parakaround Now",124

"Grambam36","Rick's High IQ Space Dance",73

"Grambam36","Samba De Ripper",92

"Grambam36","SEA-MAN DISCO",38

"Grambam36","Sesame Columns",104

"Grambam36","Super Neko Maker",78

"Grambam36","Xxx_Gr00veRu2h420_xxX",6

"Grambam36, COCONABE","HELL CAN SAVE U",239

"Grambam36, COCONABE","super monky balls racing",179

"Highraiser","SHOWER ME WITH YOUR LOVE RAIN",244

"Jamangar","Sounds of the Underground",138

"J-MUSIC Ensemble","Teknopathetic",297

"Jp","Twister (Mr. Worldwide Remix)",229

"KnightOfGames","epic Sound Shower",367

"KnightOfGames","Mango!",82

"KnightOfGames","YA YA YA YA YA",111

"Krizis","A Mettaton-Shaped Map",39

"Krizis","All My Friends Are Dreaming",349

"Krizis","Desert Hill Zone",90

"Krizis","Let's Get Rappin'",151

"Krizis","Phantasytale",117

"Krizis","ristar fans when they see a shooting star or something idk i never played ristar",111

"Krizis","Völkerball",186

"KryptoDigital","Up-Set Penis",117

"Kyunnie","Scratchman Sam",94

"Lapi","Mango Circus",90

"LarryInc64","Back To The Commotion",276

"LarryInc64","Change My Rave",146

"LarryInc64","Golden Axe: The Wilderness Battle",296

"LarryInc64","I'M THE FAMILY BALL",29

"LarryInc64","Vela-Flyer 2000",217

"Lavalamp","Ridge Radio",310

"Lordblaarg","Coltrane Changing your Life Status",8

"Madotsuki","gary the gadgey guy commits vehicular mansalaughter",87

"Mcsplosion","Awesome Taxi",114

"Mikroscopic","Fakeout Funk",147

"Mikroscopic","Playing the Bassline",176

"Mikroscopic","What Nintendon't",188

"Mitchell","Violent Busting",111

"MLPFun","King of The Offspring",35

"MLPFun, Mcsplosion","Breakfast Taxi",32

"Modeseven","Clock Tower Factory (Intense Mix)",125

"Modeseven",""IDOLA" The Strange Fruits",298

"MoreMell0w","DJ Thief",116

"MtH","Everybee Fly Around",249

"MtH","Gangnam Slot ~ Rappy PSY Burst",175

"MtH","GRACE N GLORY",192

"MtH","K.K. Mysterious Destiny",89

"Nernant","K.K. Monkey Race",124

"Nernant","Kirby Target",2

"Nernant","Staff Roll Medley",272

"Nernant","Super Monkey Kart",201

"Niko+","Gateway to Nightopia",303

"Niko+","Groove of the NHC",219

"Niko+","Jack Frost's Pussy",122

"Niko+","The Beat of Your Dreams...",185

"NutellaFrenchToast","FUNKY STUDENT",247

"NutellaFrenchToast","Sneaking Through Gekkoukan",242

"OnBP","Step and Roll Station",96

"OnBP","Dr. Thos Stewart",221

"OnBP","Welcome to the Machine, now Poke it Out",143

"overcast07","Despacito 57: Fonsi in Space",238

"overcast07","Go Go Gadget Feather",103

"overcast07","Gotta Snow Fast",120

"overcast07","Grand Dad's Force Feather",132

"overcast07","the funny",53

"overcast07","uh-oh",194

"overcast07","Uwa!! So Feathers♫",153

"overcast07","オシャレ魔男 スキャットマン",88

"Peacock Roy","Flint Alive!",57

"Peacock Roy","Get NESkid",40

"Peacock Roy","Kickin' the Lead",253

"Peacock Roy","Never Trust a Big Chung and a Smile (Sifl and Ollie King)",188

"Peacock Roy","Samba de Cosita (Tunak Tunak Tutorial)",76

"Poopy Joe","Everybody Jump Around (PRøF1Zø®️K∆YMIX)",134

"POST ELVIS","A Sensual Encounter",118

"POST ELVIS","Bringing it All Back",303

"POST ELVIS","One Last Ride Through the City of Tokyo-to (POST ELVIS SUPER MIX)",214

"Pr0fitl0lis","Up-Set Ghost Girls",166

"Pylons Davis","Rouge of Love",242

"_rats","100sec Fleet Rockin'!!",100

"_rats","I Love Love You (Candy Candy Cute Dimension Mix)",210

"Retro Gaming","Water's Like A Melody In My Head",171

"RHMan","After the Flint",102

"RHMan","Big Boss Metamorphasis (feat. John Cena)",74

"RHMan","Blaze Pinches these NUTS",48

"RHMan","Brass Rush 3",9

"RHMan","Chip the Eggman",79

"RHMan","Man's Not Anxious",97

"RHMan","Santextra Zone-bie",72

"RHMan","Sonic Rushroll",89

"RHMan","Theme of After the Waterfall",150

"RHMan","Theme of Default Emote",58

"RHMan","Theme of Funny Event",78

"RHMan","Theme of Sicko Event",79

"Roc the Dilettante","Fall Breaks",281

"Roc the Dilettante","Jet Set Vervine",211

"Roc the Dilettante","The Gift of Thought",284

"Roc the Dilettante","The Sound",246

"Sarvéproductions","AIN'T NOTHIN' LIKE A GLAMOROUS BEAT",135

"Sarvéproductions","You Ain't Nothin' But A Skeleton",218

"Scooblee","Garden Stage Vilily",70

"Scooblee","Last Survivor",282

"Scribblenaut19","Super Meta Ball: Revenge of Gongon",174

"Sega77","DJ Professor Kunta",235

"Sega77","Jet Set Shadow",120

"Sega77","stupid hog",128

"Skawabii","Smooth It Up",159

"SmokyThrill77","Everybody Hit The Floor",250

"SmokyThrill77","Stuck In Lugia's Stomach Alone (SKANKFUNKY REMIX) (Vorestrumental)",187

"SmokyThrill77","Stuck In Lugia's Stomach Alone (SKANKFUNKY REMIX)",187

"Snowva","Brawler Jovi (kiryu doesn't wanna live forever)",171

"SoundSync5000","Sonic Rush for Game Gear",153

"TechnoCookie","Play it Loud (Dr. Stewart's Theme)",126

"The Big Beat Mario Fan Club","Big Beat Radio",395

"The Snooge","A Funky Fresh Mouth",117

"TheSip","Smooth Star Jam",156

"Trifly","Quan Set Radio",146

"Unknown Meta","The End of the Future",132

"UUN4","Sky Babylrun",130

"VeraFX","Devil's Contract",208

"Vespa Boy","Swing",149

"VLTG","Real Roller Radio ‘99",183

"WholePunch","Down The Radio",167

"wolfman1405","Machine Gun Kiss (Full Spec Edition)",270

"wolfman1405","夢みた姿へ (Idol Spec Edition)",226
