﻿
Artist,Title,Length,

"Space Channel 5","Asteroid Belt Go! Go! Astrobeat Jr",102

"Space Channel 5","Blank TV - Ulala Support Chant",178

"Space Channel 5","Coco Tapioka The Huge Dancer",241

"Space Channel 5","Evila Attack of the Perfect Reporter",175

"Space Channel 5","Getting The Truth",198

"Space Channel 5","Giant Evila Space Dogfight!!",94

"Space Channel 5","Mexican Flyer Remix",351

"Space Channel 5","Mexican Flyer",160

"Space Channel 5","Mororian's Base Escape",77

"Space Channel 5","Mororian's Base Strange Path",96

"Space Channel 5","Mororin! Monroe! Rapid Geminis In The Monitor",256

"Space Channel 5","Mororina The Elegant Coward",224

"Space Channel 5","Pala Paya... Lounge Music",264

"Space Channel 5","Space Ship Strut",193

"Space Channel 5","Space Ship Trapped in the Galaxy",200

"Space Channel 5","Spaceport Introducing Ulala!!",207

"Space Channel 5","The Reporter from Space Channel 5",162

"Space Channel 5 Part 2","BATTLE OF THE BANDS",185

"Space Channel 5 Part 2","Birdman Assembly",155

"Space Channel 5 Part 2","Connected Hearts",216

"Space Channel 5 Part 2","Desperate Dance Showdown",85

"Space Channel 5 Part 2","Destruction Begins",141

"Space Channel 5 Part 2","Escape from the Flames",184

"Space Channel 5 Part 2","Eyes Shining in the Dark",183

"Space Channel 5 Part 2","Fountain Plaza",34

"Space Channel 5 Part 2","Go Go Cheer Girl!",141

"Space Channel 5 Part 2","Guitar Showdown",163

"Space Channel 5 Part 2","Indication of a Great Disaster",110

"Space Channel 5 Part 2","Let's Shoot and Rescue!",115

"Space Channel 5 Part 2","Mexican Flyer Full Version",313

"Space Channel 5 Part 2","Options 2002 Remix",84

"Space Channel 5 Part 2","Perfection! Space Elementary School Band!",172

"Space Channel 5 Part 2","Pine's Theme",242

"Space Channel 5 Part 2","Purge's Theme",144

"Space Channel 5 Part 2","Pursuers In The Sky",166

"Space Channel 5 Part 2","REPORT 1 Invasion!",201

"Space Channel 5 Part 2","REPORT 2 INVASION!",259

"Space Channel 5 Part 2","REPORT 4 INVASION!",376

"Space Channel 5 Part 2","Rescue Before Melting",86

"Space Channel 5 Part 2","Rescue!",71

"Space Channel 5 Part 2","Save Space Michael!",220

"Space Channel 5 Part 2","Space Diver",133

"Space Channel 5 Part 2","Strobe Action",187

"Space Channel 5 Part 2","The Approaching Calm",40

"Space Channel 5 Part 2","This is My Happiness",247

"Space Channel 5 Part 2","Ulala Again",151

"Space Channel 5 Part 2","We're a Dancing Team!",119

"Space Channel 5 Part 2","Which One is Real",231
