﻿
Artist,Title,Length,

"Alien Army","Scratchoetry",227

"Daniel Pemberton","Catch the S Train",116

"DJ Jeff","Change the Scratch",229

"DJ Logic","Sheas Groove",248

"DJ Q-Bert","5 Minute Scratch Session",354

"DJ Q-Bert","Cosmic Assassins",252

"DJ Q-Bert","Destination Quasar 16 33 45 78",316

"DJ Q-Bert","Invasion Of The Octopus People",273

"DJ Q-Bert","Jiu Jitsu (feat DJ Iq)",283

"DJ Q-Bert","Showcase",1364

"DJ Q-Bert","Sneak Attack",220

"DJ SARA","Freestyle Scratch",140

"DJ Shota","Tenbox Mix 90's Vibes",811

"DJ Spinbad","Itchy Vinyl Session",247

"Eturnul","The Messenger (Feat. Angelique Jonelle & Dj Mac Cummings)",208

"Jurassic 5","React",57

"Kid Koala","Lunch With Pavlov",98

"Kid Koala","More Dance Music",280

"Kid Koala","Scurvy",257

"Kid Koala","Was He Slow",107

"LF Pee","Who's On The Turntables",262

"Mista Ed","The Boys Dope",172

"Mix Master Mike","Anti Theft Device",243

"Mix Master Mike","Patrol Knob",99

"Module VS Sidhe Interactive","Turntable TV (Re-Vizion)",95

"Mr. Mediamanx","Add Tech and Scratch",179

"Nirvana Vs Rick James","All Apologies Vs Give It To Me Baby (DJ Shadow Mix)",225

"Pepe Deluxe","Call Me Goldfinger",206

"Skratch Gangstaz","Director's Cut",282

"Ugly Duckling","Einstein Do It",270
