﻿
Artist,Title,Length,

"Ayano ULTRA","Onishima",230

"Ayano ULTRA","Ronin on the Radio (Feat Professor K)",193

"Blue9Fairy","Herbing the Cockline",186

"Chief Takinawa","Get Up Defend Your Turf",65

"Cibo Matto","Birthday Cake (Lotus Cloud Flip)",74

"COCONABE","BIONICLE Bassline",156

"COCONABE","Golfman",229

"COCONABE","Korone Ball Breakers",126

"COCONABE","SO FUNKY NOW",184

"CrystalForce","That's Enough, I Just Came Here to Bounce",185

"CrystalForce & NutellaFrenchToast","The Concept of Plastic Love",189

"Cxldr3","Electric Tooth Brush (Rearranged)",178

"digboy","Sweet Soul Skank",209

"DJ Kychu","Shape Da Future (DJ Kychu Remix)",151

"duuzu","Everybody's Jumping Around",302

"duuzu","FUNKY RENTAL",219

"duuzu","Teknopathetologic",237

"Ethan64Music","Humming the Turismo",183

"Ethan64Music","Shakeman",231

"Ethan64Music","That's Enough Time at the Spa",46

"Expensive Dispenser","Futsal Like A Butterfly",203

"Expensive Dispenser","Ill Pretty Flacko Beat 2 (IPFB2)",126

"Expensive Dispenser","My Name Is Professor Kay",194

"Expensive Dispenser","Object It On",220

"Expensive Dispenser","Off Sneek",240

"Expensive Dispenser","Short Answer",161

"Expensive Dispenser","THE CONCEPT OF WHAT'S GOOD",201

"Frostix","VERY COOL VICTORY BEAT",164

"Galactic Hole","jam slam radio",79

"GCJ","Funky Rudies Wrist Gadgets",95

"GCJ","Sneakman (Remix)",188

"Grambam36","Concept of Your Mom",221

"Grambam36","DJ Hustle",49

"Grambam36","Everybody Fuck Now",204

"Grambam36","Everybody Funk Now",204

"Grambam36","Funky ARMS",63

"Grambam36","Future Da Future",335

"Grambam36","Improvising Money",147

"Grambam36","Parakaround Now",124

"Hideki Naganuma","Grace & Glory (BB MH Mix)",229

"Hideki Naganuma","Sneakman (Visualizer's Teknofunk Remix)",252

"Hideki Naganuma","The Concept Of Love (Coughinz Remix)",140

"Hideki Naganuma","The Concept of Love (Passion Mix)",282

"Hideki Naganuma vs Guitar Vader","I Love Love The Bassline",509

"Hideki Naganuma vs Smash Mouth","That's Enough",199

"Hideki Naganuma x Khia","My This This My That",103

"James Landino","Teknopathetic (Remix)",248

"Jelehu","Grace, Glory, and Gojis Ghost",215

"Jet Set Radio 3 Fan OST","Downtown Beat Em' Up",159

"Jet Set Radio 3 Fan OST","Downtown Subway",148

"Jet Set Radio 3 Fan OST","Piano Ride",188

"Jet Set Radio x Kendrick Lamar","DJ Professor Kunta",243

"J-MUSIC Ensemble","Teknopathetic",297

"JSR SS OST","Hello Alison (Freek Remix)",203

"KryptoDigital","Up-Set Penis",117

"Kyunnie","Scratchman Sam",94

"Logan Frye","Humming the Bassline (Scratchin' Remix)",184

"Machine Girl","Mischievous Boy (Poison Jam Mix)",189

"MatrixMarioX","Everybody Bang Around",208

"MatrixMariox","Humming the Bowsline",121

"MatrixMariox","Jet Set Woolly World",171

"MatrixMarioX","No Wait Jump Around To This Instead (Gorillaz Mix)",195

"MatrixMarioX","Oldies But Happiest",244

"MatrixMarioX","Splatting The Bassline (DS Remix)",259

"MatrixMarioX","Splatting The Bassline (Redux)",159

"Micheal Staple","Electric Tooth Brush (Remix)",278

"Mikroscopic","Playing the Bassline",176

"Mr Mediamanx","Look at the Funk",196

"Mr Mediamanx","Menu Music",131

"MtH","Everybee Fly Around",249

"MtH","GRACE N GLORY",192

"Nakaido Chabo Reichi","Professed Intention and Real Intention",276

"Nixhlestakov","Bumping the Bassline By",154

"NQT","Electric Collision (Soft Toothbrush)",249

"NQT","Flowing Teknopathetic Warfare",216

"NQT","Like it Like Space Trip Steps",211

"NQT","The Concept of Color Pulse",208

"NutellaFrenchToast","FUNKY STUDENT",247

"NutellaFrenchToast","Sneaking Through Gekkoukan",242

"Onyonreng","Shape Da Skyway",229

"Poopy Joe","Everybody Jump Around (Profizor Kaymix)",134

"POST ELVIS","Bringing it All Back",303

"POST ELVIS","One Last Ride Through the City of Tokyo-to (POST ELVIS SUPER MIX)",214

"Pr0fitl0lis","Up-Set Ghost Girls",166

"rats","I Love Love You (Candy Candy Cute Dimension Mix)",210

"Richard Jacques","Everybody Jump Around (SASHKO NAGANUMA REMIX)",250

"Roc the Dilettante","Jet Set Vervine",211

"Ronin Op F","Sneakman",231

"Ronin Op F","Sweet Soul Brother",186

"SammyG","Bassy Love Child",241

"SammyG","The Concept of Love Love",331

"SASHKO NAGANUMA","ALLISON LOVE",183

"SASHKO NAGANUMA","MOODY'S FAT BOOM BOOM",106

"SASHKO NAGANUMA","UNDERSTAND",245

"Sega77","DJ Professor Kunta",235

"Sega77","Jet Set Shadow",120

"SilvaGunner","Everybody Jump Around (Mambo Remix)",251

"SmokyThrill77","Everybody Hit The Floor",250

"Smooth4Lyfe","Humming the Bassline (Vocal Mix)",145

"The Akashic Chronicler","Everybody Funk Around",235

"TheSip","Smooth Star Jam",156

"Trifly","Quan Set Radio",146

"Unknown","Brawling shuffle",77

"Unknown","Humming The Wide Suitcase",100

"Unknown","Humming to the Oblivius",178

"EBroxas72","The GG's Dream Graffiti",72

"Unknown Meta","The End of the Future",132

"VeraFX","Devil's Contract",208

"VLTG","Real Roller Radio ‘99",183

"WholePunch","Down The Radio",167
