artist,title,
"Anamanaguchi",Akira",
"Anamanaguchi",Bosozoku GF",
"Anamanaguchi",Cheap Shop",
"Anamanaguchi",Echobo",
"Anamanaguchi",Giant Contraband Robot",
"Anamanaguchi",Gideon Wrath Part I",
"Anamanaguchi",Just Like in the Movies",
"Anamanaguchi",Party Stronger",
"Anamanaguchi",Scott Pilgrim Anthem",
"Anamanaguchi",Shrine Bros",
"Anamanaguchi",TechnoMan",
"Anamanaguchi",The Dark One",
"Anamanaguchi Rock Club",
"Anamanaguchi Sunset By Plane",
"Big Giant Circles",The Glory Days Chip Zeal",
"Big Giant Circles",The Glory Days Houston",
"Big Giant Circles",The Glory Days Sevcon",
"Blipsqueek",Clown Makeup",
"Blipsqueek",King of the sky",
"Blipsqueek",Midday by Endboss",
"Blipsqueek",Sarias Jam",
"Blipsqueek",Sticks, Faygo and old school nintendo games",
"Blipsqueek",The happy chiptune NERD",
"Blipsqueek",Wiley's last battle",
"Bossfight",Be Gone Mr. Gawne",
"Bossfight",Commando Steve",
"Bossfight",Elevatia (meganeko Remix)",
"Bossfight",Farbror Melker Fixar Fiskdamm (Fastbom Cover)",
"Bossfight",Flirt Flirt Oh It hurts",
"Bossfight",Milky Ways",
"Bossfight",Steampunk Warlord",
"Bossfight",The Maze Of Mayonnaise",
"Carf Darko",Carf Darko",Exploit",
"Carf Darko",Gravitation",
"Carf Darko",Interdimensional",
"Carf Darko",Interference",
"Carf Darko",Supernova",
"Chipzel",14 Fortune Favours The Bold",
"Chipzel",Aurora Borealis",
"Chipzel",Beyond the Cosmos",
"Chipzel",Can't Stop Us",
"Chipzel",Courtesy",
"Chipzel",Disconnected",
"Chipzel",Discothéque Rouge, After Hours (Monaco OST Remix)",
"Chipzel",Evolution",
"Chipzel",Focus",
"Chipzel",Forged in Stars",
"Chipzel",Hello Earth",
"Chipzel",Knuckle Joe",
"Chipzel",Only Human (Trey Frey Remix)",
"Chipzel",Ordinary",
"Chipzel",Otis",
"Chipzel",Something Beautiful Part II",
"Chipzel",Something Beautiful",
"Chipzel",Spectra",
"Chipzel",To The Sky",
"Chipzel",Veteran",
"Chipzel",Waiting",
"Chipzel",When They Come For Us",
"Chipzel",When You Realise",
"CORNBEAST",MEGABLAST",
"Cream in all moustache",Hear My Voice (JDDJ3J Remix)",
"Cyber Shadow",Mekacity Ruins",
"Cyber Shadow",The Theme of Shadow",
"Danimal",Chronos",
"Danimal",Corrupted",
"Danimal",Logic Gatekeeper",
"Danimal",Long Live The New Fresh",
"DELTANOYZ",Beepmap",
"DELTANOYZ",Enforcer",
"DELTANOYZ",Manhattancore",
"DELTANOYZ",Reset",
"DELTANOYZ",Satankart",
"Diad",Dimension-Reversing Dualities",
"Diad",The Beckoning Enslaved",
"Dubmood",Fuckup at Dreamhack2001 (Feat Stalker)",
"Dubmood",Insert No Coins",
"Dubmood",Just Another Paper Intro",
"Dubmood",Keygen 3 feat Kootie",
"Dubmood",Keygen 5",
"Dubmood",Keygen 8",
"Dubmood",Keygen 11",
"Dubmood",Kootie var e du",
"Dubmood",Ninjaflood Starts School",
"Dubmood",Pampradion Feat. Zabutom",
"Dubmood",Rez Cracktro 4",
"Dubmood",Så här kan man också göra Feat. Zabutom",
"Dubmood",Settlers 7 Cracktro",
"Dubmood",You can do it but not like we do it (Feat Zabutom)",
"Dunderpatrullen",1up Muncher",
"Dunderpatrullen",How To Adventure",
"Dunderpatrullen",Pixie Crust",
"Dunderpatrullen",Singularity",
"Dunderpatrullen",To The Moon (ft. FantomenK)",
"Fade Runner",Less Cops, More Titties",
"Fade Runner",Loop For Your Pleasure",
"Fade Runner",Traffic Jam",
"Gigandect",2e1dda",
"Gigandect",Nyanshit",
"HarleyLikesMusic", Infinity Tricks",
"HarleyLikesMusic",Steel City",
"IDecade",Catastrophe",
"IDecade",Denatured",
"IDecade",Kraken",
"IDecade",Mad",
"IDecade",Mahalo",
"IDecade",Traumas",
"Jake Kaufman",A Thousand Leagues Below (Iron Whale) Manami Matsumae",
"Jake Kaufman",Aqua Vitae (Explodatorium)",
"Jake Kaufman",Hidden by Night (Lich Yard)",
"Jake Kaufman",Rhythmortis (Lobby Remix)",
"Jake Kaufman",Spin Ye Bottle (Minigame)",
"Jake Kaufman",Stone Cold (3-1 Cold Remix)",
"Jake Kaufman",Strike the Earth! (Plains of Passage)",
"Jake Kaufman",The Claws of Fate (Mole Knight Battle)",
"Jake Kaufman",The Schemer (Tinker Knight Battle)",
"Jake Kaufman",Watch Me Dance",
"Je deviens dj en 3 jours",Kaizoku 海賊 (Henry Homesweet Remix)",
"Je deviens dj en 3 jours",Pas de patates le mardi (Ctrix Remix)",
"Kawai Sprite",Roses",
"Kawai Sprite",Thorns",
"Kubbi Cascade",
"Kubbi Up In My Jam (All Of A Sudden)",
"like luke",goodbye! goodbye! goodbye!",
"like luke",precious jewel (Sabrepulse remix)",
"like luke",slam dunk lifestyle (Boaconstructor remix)",
"MASTER BOOT RECORD",CASTLEVANIA 1",
"MASTER BOOT RECORD",CASTLEVANIA 2",
"MASTER BOOT RECORD",DOOM II",
"MASTER BOOT RECORD",DOOM",
"MASTER BOOT RECORD",F-ZERO",
"MASTER BOOT RECORD",MEGA MAN 2",
"MDK & meganeko",Supercharge",
"meganeko",Slime Boy Color",
"meganeko",Space Magic",
"Men of Mega",Bitches leave",
"Men of Mega",Getsuedophobia",
"Men of Mega",John Stamos On Meth",
"Men of Mega",The Wiliest Of All Doctors",
"Men of Mega",Twisking It Up",
"Mr. Spastic",Sloppy",
"PANDAstar",Celestine",
"PANDAstar",POPrawkZ",
"PANDAstar",Relish",
"PANDAstar",Thana",
"Popsicle Theory",Cheepy",
"Popsicle Theory",No, I'm not a DJ",
"Popsicle Theory",Same chip, different day",
"Rainbowdragoneyes",Chipwrecked",
"Rainbowdragoneyes",Creatures Ov Deception",
"Rainbowdragoneyes",Eur Hawt 200X",
"Rainbowdragoneyes",Hej Sokoły (This Is The Rainbowdragoneyes Remix)",
"Rainbowdragoneyes",JjasonSalazZ",
"Rainbowdragoneyes",OVERTHROW (instrumental)",
"Rainbowdragoneyes",Plunder Or Perish Main Theme",
"Rainbowdragoneyes",Punch You",
"Rainbowdragoneyes",Thrashbaath",
"Rainbowdragoneyes",Universe On Fire (16-Bit Universe mix)",
"RoboRob",Is This Chiptune",
"Sabrepulse",Close To Me",
"SABREPULSE",DARK LIGHTNING",
"Sabrepulse",Famicom Connection",
"Sabrepulse",Massive Damage",
"Sabrepulse",Party Bomb",
"Sabrepulse",Phalanx",
"SABREPULSE",PHANTOM",
"Sabrepulse",The Fourth Sequence",
"Shirobon",11 J-E-N-O-V-A (FF7 Cover)",
"Shirobon",Army Of The Abyss",
"Shirobon",Crystals",
"Shirobon",Cyberstrike ft. Sabrepulse",
"Shirobon",FOX",
"Shirobon",Lightspeed Lucy",
"Snesei",4 Ever & Ever",
"Snesei",A Geisha's Dream (Naoki Cover)",
"Snesei",Button Mash",
"Snesei",Finster",
"Snesei",Virtual Epilepsy",
"Snesei ft. The One Electonic", Carpig X",
"Snesei ft. The One Electonic",Booster Packs",
"Snesei ft. The One Electonic",Presidents Day",
"Trash80",Cascadia",
"Trash80",Icarus",
"Trash80",Missing You",
"Trey Frey",Airglow",
"Trey Frey",Daisy",
"Trey Frey",Phantasmagoria",
"XINON",AMBER JAM",
"Xyce",biscuit",
"Xyce",cloture de jardin",
"Xyce",dreidel",
"Xyce",feuilles",
"Xyce",je suis baguette",
"Xyce",mosaik ft radix",
"Xyce",ngen racer",
"Xyce",not it",
"Xyce",ombres",
"Xyce",papillons ft malmen",
"Zekk",Zealous Hearts",
