artist,title,
"24 Hours JSRL Bump",
"Baldi Bumper",
"Big_Chungus_Bumper_ft._Metal_Shade_and_RHMan",
"Bird_up_bumper",
"Boss_Bumper",
"broadway bumper",
"bump1",
"bump2",
"bump3",
"bump4",
"bump5",
"bump6",
"bump7",
"bump8",
"bump9",
"bump10",
"bump11",
"bump12",
"bump13",
"bump14",
"bump15",
"bump16",
"bump17",
"bump18",
"bump19",
"bump20",
"bump21",
"bump22",
"bump23",
"bump24",
"bump25",
"bump26",
"bump27",
"bump28",
"bump29",
"bump30",
"bump31",
"bump32",
"bump33",
"bump34",
"bump35",
"bump36",
"bump37",
"bump38",
"bump39",
"bump40",
"bump41",
"bump42",
"bump43",
"bump44",
"bump45",
"cant_live_without",
"CD ALERT",
"celebrity bumper",
"Chase,Victory DJ Professor K",
"Childish Gambino JSR bumper",
"Class of 3000 (Bumper)",
"Coach Z (Bumper)",
"Cortex_Bumper",
"COSPLAYERZ",
"country bumper",
"Crazy Taxi Bumper",
"Daytona Bumper final",
"DK JSR Bumper4",
"DK rap JSR bumper",
"Gadget Bumper final",
"hayashi",
"Hideki Naganuma,Jet Set Groove",
"hobart bumper",
"Humming the Bassline",
"Jet Set Radio Bumper 1",
"jet set radio bumper 2",
"JetSetGroove_RockItOn",
"JetSetStation_EverybodyJumpAround",
"JetSetStation_GraceAndGlory",
"JetSetStation_LetMomSleep",
"JetSetStation",
"Joe Swanson JSR bumper",
"Johnny Bravo Bumper Mix 3",
"King DeDeDe bumper",
"knuckles_jsr_bumper",
"Lord Farquaad Bumper ft. Chase B",
"Meatwad_Bumper",
"Meowth Bumper (ft. Trevor Wilson, BGM by SmokyThrill77)",
"Mike and the King Bumper (ft. duuzu)",
"monkeyball_bump",
"mr rental bumper",
"Nick Crompton Bumper ft. Chase B and ChickenSuitGuy",
"nickelodeon_style",
"PacMan Bumper ft. POST ELVIS",
"Peter Griffin JSR bumper",
"Plankton JSR bumper final",
"ROAD TO LOVE ISLAND",
"robotic bumper wav",
"Ronin Jet Set Groove",
"sans_bumper",
"sega tape bumper 3",
"Siiva Bumper (Script by SmokyThrill77)",
"slopster lossless",
"SONIC_IS_TALKIN_BUMPER",
"Soul of Tokyo To Bump",
"Spike Bumper ft. Pyromide and beardfear",
"Stewie JSR bumper",
"THANOS BUMPER THANOS BUMPER ft. Ten Bond and Sarveproductions",
"ThunderForce4-bump",
"TuneInTurnOnJSRLBump",
"wario_llp_bump_true",
"wario_llp_bump",
"warning",
"wave",
"wdpk bumper",
"yummy bumper",
