artist,title,
"A La I,BABY",
"A Skillz,Dead Ringer (feat Kymberley Kennedy)",
"A Skillz,Slip And Slide",
"Aldo Vanucci,You're All Show feat Kylie Auldist (Smoove Remix)",
"Bad Cookies,Lets Get Connected",
"Bitter Sweet,The Mating Game",
"BUNT,Young Hearts",
"Caravan Palace,Aftermath",
"Caravan Palace,Black Betty",
"Caravan Palace,Lone Digger",
"Caravan Palace,Russian",
"Caravan Palace,Wonderland",
"Catey Shaw,Human Contact (French Horn Rebellion Remix)",
"Catey Shaw,Rumble In The Park",
"Cibo Matto,10th Floor Ghost Girl",
"Cibo Matto,Sci-Fi Wasabi",
"Cibo Matto,Spoon",
"Cibo Matto,Working For Vacation",
"Confidence Man,Bubblegum",
"CSS,Let's Make Love And Listen To Death From Above",
"Dark Cat,Bubble Tea",
"Deerhoof,81",
"Deerhoof,I Did Crimes for You",
"Dreadsquad,Soulfly (feat Kasia Melenda)",
"Earl,Tounge Tied",
"Ellie Goulding,Lights",
"Emmanuelle,Free HiFi Internet",
"Felix Da Housecat,Rocket Ride (Soulwax Rock it Right Remix)",
"Flight Facilities,Crave You Feat Giselle (Radio Edit)",
"Freeland,Supernatural Thing",
"French Kiss,Libertango (Vip Lounge Edit)",
"Gamu,Shake The Room",
"Grynpyret,Airplane Food",
"Jamie Berry,Lost In The Rhythm (Feat Octavia Rose)",
"JK Soul,C",
"JSMN,Payphone (Produced by Medasin)",
"Karen Souza,Creep",
"Kero Kero Bonito,Sick Beat",
"Kero Kero Bonito,Waking Up",
"Lemaitre,Closer (feat Jennie A)",
"Lily Allen,LDN",
"Little Boots,New In Town",
"Macross 82-99,Sailor Team",
"Mallrat,For Real",
"Marina And The Diamonds,Froot (Oliver Nelson Remix)",
"Max Sedgely,Slowly",
"Menta,Madoka",
"Moe Shop,Pastel",
"Nick Kaelar,Doki Doki",
"Odesza,Say My Name (feat Zyra)",
"Oha,Pop Le Champagne",
"Okinawa Lifestyle,Levan",
"OOHYO,Pizza",
"OTNJ_B,How Crazy R U (Remix)",
"Phantogram,Don't Move",
"Poppy,I'm Poppy",
"Poppy,Interweb",
"Question,Osanha",
"Rhodz,Boogie Pls",
"Rhodz,Gimmick",
"RJD2,High Lights",
"Satanicpornocultshop,RIP Tide",
"Shawn Wasabi,Spicy Boyfriend",
"She,Atomic",
"She,Just Your Eyes",
"She,Moonlight",
"She,Yes OK",
"Shirobon,GRG",
"Skeewiff,Nitty Gritty",
"Skeewiff Vs Shawn Lee Vs Nancy Sinatra,I Got Soul Boots Made For Walkin",
"Snail's House,Hot Milk",
"Snail's House X Moe Shop,Pastel",
"Soulwax Ft Chloe Sevigny,Heaven Scent",
"Superchick,One Girl Revolution",
"Swingrowers,Bidibambumbey",
"Swingrowers,Mr Sandman",
"The Asteroids Galaxy Tour,Around the Bend",
"The Cardigans,Lovefool (St&Lo Project Remix)",
"The Electric Swing Circus,Ruby",
"The Flying Lizards,Money",
"Think Twice,Backside",
"Wolf Alice,Dont Delete The Kisses",
"Zero 7,In the Waiting Line",
