artist,title,
"Sashko Naganuma,About To Funk You Up (Funk It Down)",
"Sashko Naganuma,Allison Love",
"Sashko Naganuma,Dealer's Delight",
"Sashko Naganuma,Enter The Future",
"Sashko Naganuma,Give Me Your Samples",
"Sashko Naganuma,Hip X Cool (J.S. Rock Mix)",
"Sashko Naganuma,Ill Latch Legacy (feat LUCE)",
"Sashko Naganuma,International",
"Sashko Naganuma,Kick That Funky Fat Beat",
"Sashko Naganuma,Moody's Fat Boom Boom",
"Sashko Naganuma,Nasty Pancakes",
"Sashko Naganuma,No Games (feat COMRAKOFF)",
"Sashko Naganuma,Understand",
