artist,title,
"Vera FX,Bubbles (Bonus)",
"Vera FX,Crazy World (Bonus)",
"Vera FX,Funk Friday (Bonus)",
"VeraFX,Devil's Contract",
"VeraFX,Dognapped",
"VeraFX,Golden Plan",
"VeraFX,Graffiti Bombing",
"VeraFX,I'll Shock Ya",
"VeraFX,Jet Set Freedom",
"VeraFX,Jet Set Revolution Intro",
"VeraFX,Just Your Problem",
"VeraFX,Keisatsu",
"VeraFX,Noise Nostalgia",
"VeraFX,Streets of Reggae",
"VeraFX,The Animal",
"VeraFX,Vengeance",
"VeraFX,We Own The Streets",
"VeraFX,Whats Blood For",
"VeraFX,Your Love",
