artist,title,
"DJ Chidow,Aisle 10 (Skrew Knows How We Do A Remix)",
"DJ Chidow,Aisle 10, Moody's Shuffle, Humming The Bassline",
"DJ Chidow,Chosen One (Tripper's Remix)",
"DJ Chidow,Cosmic Mic Rockin'",
"DJ Chidow,Electric Toothbrush (Millennium Remix)",
"DJ Chidow,Firestarting Lunatic",
"DJ Chidow,Fly Like a Butterfly (dB Remix)",
"DJ Chidow,Funky Plucker (Lethal Remix feat UniverSoul Will)",
"DJ Chidow,Grace and Glory (Revelation Remix)",
"DJ Chidow,Intermission (Jet Set Radio News)",
"DJ Chidow,Intro (Dreamcaster)",
"DJ Chidow,Intro",
"DJ Chidow,Know Your Chicken, Birthday Cake, Do Watcha Do",
"DJ Chidow,Koto Stomp (Ill Latch Remix)",
"DJ Chidow,Let the Skank Kick",
"DJ Chidow,Outro",
"DJ Chidow,Rain",
"DJ Chidow,Recipe for the Perfect Flattop (feat ScrewStache)",
"DJ Chidow,Set it Off (Crunkcore Remix)",
"DJ Chidow,Teknopathetic (dB Remix)",
"DJ Chidow,The Answer (I'm Not a Model)",
"DJ Chidow,Theme of NiGHTS (Part 1 The Dream)",
"DJ Chidow,Theme of NiGHTS (Part 2 The Nightmare)",
"DJ Chidow,What About the JET Future",
