artist,title,
"Highraiser,Dawsheeraque",
"Highraiser,De Lovehazard",
"Highraiser,Hip X Cool",
"Highraiser,Humping Your Bassline (Ill Legal Menendezless Mix)",
"Highraiser,Just Warming Up",
"Highraiser,Meaveenna",
"Highraiser feat Inkoutlines, MC Cruel Addict,Ode To Music God",
"Highraiser feat Texx, Chuchuback,Power O' Funk",
"Le Capitaine,Bass Knowledge",
"Le Capitaine,Sneekboi (Kapit-N Edit)",
"Le Capitaine,Strictly Electronic",
"Unknown Meta,On A Mission",
"Unknown Meta,The Drums Are Offkey (Add Some Funk to it)",
