artist,title,
"Bad Religion,Empty Causes",
"Bad Religion,Hear It",
"Bad Religion,Inner Logic",
"Bad Religion,Punk Rock Song",
"Bad Religion,Ten in 2010",
"Bad Religion,Them And Us",
"Brian Setzer,Hot Rod Girl",
"Brian Setzer,Ignition",
"Methods Of Mayhem,Crash",
"Methods Of Mayhem,Who The Hell Cares",
"SilverBullit,Boom Boom Boogie",
"SilverBullit,King of the Line",
"SilverBullit,Raw Power Angel",
"The Offspring,All I Want",
"The Offspring,Americana",
"The Offspring,Change The World",
"The Offspring,Come Out Swinging",
"The Offspring,No Brakes",
"The Offspring,One Fine Day",
"The Offspring,Special Delivery",
"The Offspring,Walla Walla",
"The Offspring,Want You Bad",
"The Offspring,Way Down The Line",
