artist,title,
"Greg Johnson,31 Back In The Groove (With Vocals)",
"Greg Johnson,Alien Breakdown",
"Greg Johnson,Aqua Jam Unchained",
"Greg Johnson,Aqua Jam",
"Greg Johnson,Back in the Groove",
"Greg Johnson,Big E On Da Bass",
"Greg Johnson,Big Earl Bump",
"Greg Johnson,Bloona's Dance",
"Greg Johnson,Boomin Bump",
"Greg Johnson,Dark Level Funk",
"Greg Johnson,Flarney's Funkomatic",
"Greg Johnson,Funk Down Under",
"Greg Johnson,Funk Funk Funk E",
"Greg Johnson,Funkopotamus FreeJam",
"Greg Johnson,Funktastic Planet",
"Greg Johnson,Groove Ship",
"Greg Johnson,Groovin Like A Pulsar",
"Greg Johnson,Hyperfunk Zone",
"Greg Johnson,Lamont's Funky Brain",
"Greg Johnson,Lewanda's Love",
"Greg Johnson,Mellow Groove",
"Greg Johnson,Ode To Sharla",
"Greg Johnson,Old School Otis",
"Greg Johnson,Peabo's Party Jam",
"Greg Johnson,Rapmaster Rocket",
"Greg Johnson,Rapmaster Rythm",
"Greg Johnson,Rocket Rap",
"Greg Johnson,Slow Groovin",
"Greg Johnson,The Bass Master",
"Greg Johnson,Theme Refunkified",
"Greg Johnson,This Crazy Planet",
