artist,title,
"Akira The Don,Christmas Time Is Here Charlie Brown",
"Akira The Don,Have Yourself A Very Lofi Christmas",
"Akira The Don,Lofi Ukulele Xmas",
"Akira The Don,O Tannenbaum (Lofi Edit)",
"Colossus,Charlie Brown Cut Up",
"Engelwood,Nujabes Christmas Party",
"Guustavv,Santa Swing",
"Idealism,Snowfall",
"Josh One,We Three Kings",
"King Kooba,O Christmas Tree",
"Leo Low Pass,Not Another Xmas",
"Snow-fi,A Festive Evening",
"Snow-fi,A Holiday Walk",
"Snow-fi,A Romantic Evening",
"Snow-fi,Boring Relaxation",
"Snow-fi,Chestnuts Roasting On An Open Fire",
"Snow-fi,Christmas Time Is Here",
"Snow-fi,Distant Snow",
"Snow-fi,Gymnopedia",
"Snow-fi,Ice Cave",
"Snow-fi,Les Incompentant",
"Snow-fi,Let It Snow",
"Snow-fi,Melancholy Christmas",
"Snow-fi,Memory Waltz",
"Snow-fi,Piano Drift",
"Snow-fi,Piano Festivities",
"Snow-fi,Snow Fireside",
"Snow-fi,White Christmas Wonderland",
"Snow-fi,Winter Wonderland",
"Snow-fi,Without A Love To Call My Own",
"UZU,Last Christmas",
"Wun Two,Mistletoe",
"Yestalgia,Do You Believe In Santa Claus",
"}",
