artist,title,
"bis,Statement of Intent (Remix)",
"Bran Van 3000,The Answer (The Latch Brothers Remix)",
"BS 2000,The Scrappy (The Latch Brothers Remix)",
"Cibo Matto,Birthday Cake",
"Guitar Vader,Baby-T",
"Guitar Vader,I Love Love You (Love Love Super Dimension Mix)",
"Hideki Naganuma,Fly Like a Butterfly",
"Hideki Naganuma,Funky Dealer",
"Hideki Naganuma,Grace & Glory (B.B. M.H. Mix)",
"Hideki Naganuma,Humming the Bassline (D.S. Remix)",
"Hideki Naganuma,Jet Set Medley Future",
"Hideki Naganuma,Let Mom Sleep (No Sleep Remix)",
"Hideki Naganuma,Like It Like This Like That",
"Hideki Naganuma,Oldies But Happies",
"Hideki Naganuma,Rock It On (D.S. Remix)",
"Hideki Naganuma,Shape Da Future",
"Hideki Naganuma,Sneakman (Toronto Mix)",
"Hideki Naganuma,Sweet Soul Brother (B.B. Rights Mix)",
"Hideki Naganuma,Teknopathetic",
"Hideki Naganuma,That's Enough (B.B. Rights Mix)",
"Hideki Naganuma,The Concept of Love",
"Richard Jacques,Bokfresh",
"Richard Jacques,What About the Future",
"Russell Simins,I'm Not a Model",
"Scapegoat Wax,Aisle 10 (Hello Allison)",
"The Latch Brothers,Count Latchula",
"The Latch Brothers,Ill Victory Beat",
"The Latch Brothers,Koto Stomp",
"The Latch Brothers,Latch Brother Bounce",
"The Latch Brothers,Me Likey the Poom Poom",
"The Prunes,Rockin' the Mic (The Latch Brothers Remix)",
