artist,title,
"Ayano ULTRA,Onishima",
"Ayano ULTRA,Ronin on the Radio",
"Ayano ULTRA,Sweet Future",
"Chief Takinawa,Get Up Defend Your Turf",
"Cibo Matto,Birthday Cake (Lotus Cloud Flip)",
"Cxldr3,Electric Tooth Brush (Rearranged)",
"DJ Kychu,Shape Da Future (DJ Kychu Remix)",
"EBroxas72,The GG's Dream Graffiti",
"GCJ,Funky Rudies Wrist Gadgets",
"GCJ,Sneakman (Remix)",
"Hideki Naganuma,Sneakman (Visualizer's Teknofunk Remix)",
"Hideki Naganuma,The Concept Of Love (Coughinz Remix)",
"Hideki Naganuma vs Guitar Vader,I Love Love The Bassline",
"Hideki Naganuma vs Smash Mouth,That's Enough",
"Hideki Naganuma x Khia,My This This My That",
"James Landino,Teknopathetic (Remix)",
"Jelehu,Grace, Glory, and Gojis Ghost",
"Jet Set Radio 3 Fan OST,Piano Ride",
"Jet Set Radio x Kendrick Lamar,DJ Professor Kunta",
"Logi,Humming the Bassline (Scratchin' Remix)",
"Machine Girl,Mischievous Boy (Poison Jam Mix)",
"MatrixMarioX,Everybody Bang Around",
"MatrixMariox,Humming the Bowsline",
"MatrixMariox,Jet Set Woolly World",
"MatrixMarioX,No Wait Jump Around To This Instead (Gorillaz Mix)",
"MatrixMarioX,Oldies But Happiest",
"MatrixMarioX,Splatting The Bassline (DS Remix)",
"MatrixMarioX,Splatting The Bassline (Redux)",
"Micheal Staple,Electric Tooth Brush (Remix)",
"Mr Mediamanx,Hello Alison (Freek Remix)",
"MtH,Everybee Fly Around",
"MtH,GRACE N GLORY",
"Nakaido Chabo Reichi,Professed Intention and Real Intention",
"Nixhlestakov,Bumping the Bassline By",
"Onyonreng,Shape Da Skyway",
"Richard Jacques,Everybody Jump Around (SASHKO NAGANUMA REMIX)",
"Ronin Op F,Sneakman (Remix)",
"Ronin Op F,Sweet Soul Brother (Remix)",
"SammyG,Bassy Love Child",
"SammyG,The Concept of Love Love",
"SilvaGunner,Everybody Jump Around (Mambo Remix)",
"Smooth4Lyfe,Humming the Bassline (Vocal Mix)",
"The Akashic Chronicler,Everybody Funk Around",
"Unknown,Brawling shuffle",
"Unknown,Humming The Wide Suitcase",
"Unknown,Humming to the Oblivius",
