artist,title,
"A Skillz,Good Music",
"A Skillz,Jump Around",
"A Skillz Stickybuds,Its The Music",
"A Skillz, Dr Luke, Kraftykuts,Bring Back The Funk",
"A Tribe Called Quest,Award Tour",
"A Tribe Called Quest,Bonita Applebum",
"A Tribe Called Quest,Can I Kick It",
"A Tribe Called Quest,Check The Rhime",
"A Tribe Called Quest,Electric Relaxation (Relax Yourself Girl)",
"Aceyalone,All For U (RJD2 Mix)",
"Aerobatic Funk,One Outs",
"Ageless,Seven Breaths",
"Aim,Just Passin' Through",
"Aim,Underground Crown Holders",
"Alien Army,Scratchoetry",
"Apollo 440,Can't Stop The Rock",
"Arrested Development,Man's Final Frontier",
"ATCQ,Can I Kick It (Featurecast Remix)",
"Atmosphere,The Best Day",
"Atmosphere,The Number None",
"B Visible,Sweat",
"BadboE,Ease The Funk",
"BadboE,Funk In The Air (Fort Knox Five Remix)",
"BadboE,Green Power Funk",
"BadboE,Hercules (Original Mix)",
"BadboE,Hit It Maestro feat. MC Rayna",
"BadboE,Make It Happen (Father Funk Remix)",
"BadboE,Make It Happen (Original Mix)",
"BadboE,Masterpiece",
"BadboE,My Bad (Danny Massure Remix)",
"BadboE,My Bad (Jayl Funk Remix)",
"BadboE,My Bad (Omegaman Remix)",
"BadboE,My Bad (Original Mix)",
"BadboE,One Of Those Days (Pimpsoul Remix)",
"BadboE,Rescue Me (BigM Remix)",
"BadboE,What You Wanna Do (Funkanomics Remix)",
"BadboE,Work It Out feat Michael DeVellis",
"BadboE vs Prosper,Too Hot To Handle",
"Bart Baker & Slim Gaillard,Communication",
"Basement Jaxx,Do Your Thing",
"Bat Soul Brother,Fatboy Slim vs Batman",
"Beastie Boys,Flute Loop",
"Beastie Boys,Hey Ladies (Fare Soldi Remix)",
"Beastie Boys,Sabotage (Alex Metric Re-Edit)",
"Beastie Boys,Sabotage",
"Beastie Boys,So What Cha Want",
"Beastie Boys,Sure Shot",
"Beat Fatigue,Bearded Dragon",
"Beat Fatigue,Funky Borderline",
"Beat Fatigue,Whoopie Funkberg",
"Beck,Go It Alone",
"Bigger Than A Hiphoppapotamus,Hiphoppapotamus",
"BlackDoe,Stampede",
"Blue Stahli,The Perfect Heist",
"Bobby C Sound TV,Roller Soul",
"Bobby McFerrin,Don't Worry Be Happy (Father Funk Remix)",
"Bonobo,Kong",
"Boogalox,Chez Les Ye Ye",
"BotanicSage,Super Ink Shooter",
"Brian Witzig,Aint Right",
"Brock Berrigan,Four Walls And An Amplifier",
"Brothe Q,Fifth Member",
"Brother Ali,Blah Blah Blah",
"Butter 08,Shut Up",
"C2C,Delta",
"C2C,Down The Road (Detta Remix)",
"C2C,Down the Road",
"C2C,Happy (feat. Derek Martin)",
"C2C,Mack The Knife (Louis Armstrong Remix)",
"Cage The Elephant,Ain't No Rest For The Wicked (Schematic Remix)",
"Cal Tjader,Large Professor Tjaz Remix",
"Canosis,BreakaDisco",
"Caravan Palace,Beatophone (Club Mix)",
"Caravan Palace,Comics (Swing Thru)",
"Caravan Palace,Comics",
"Caravan Palace,The Dirty Side of the Street",
"Cedric Menendez,City Theme",
"Cedric Menendez,Night Ambiance",
"Cee Roo,Give It Up",
"Cel Damage Music,Wild Wooly West",
"Chinese Man,Artichaut",
"Cibo Matto,King of Silence (Dan the Automator Remix)",
"Craig Mack,Flava In Ya Ear (Instrumental)",
"Cut Chemist,A Peak in Time",
"Cypress Hill,Insane In The Brain",
"Cypress Hill,The Phunky Feel One (Extended)",
"DANGERDOOM,Space Hos",
"Danny Breaks,Moodulator",
"Das EFX,Real Hip Hop",
"David TV Band,Horny Old Man",
"De La Funke,Shall We Go",
"De La Soul,A Roller Skating Jam Named Saturdays",
"Del The Funky Homosapian,Burnt",
"Del the Funky Homosapien,Mistadobalina",
"Deluxe Feat A State Of Mind,Breaking News",
"Dephicit & Kotch,Bag It Up",
"Dex Dubious,In Space",
"Dexter Curtin & Timo Manson,Swing Dein Ding",
"Digable Planets,Rebirth Of Slick (Cool Like Dat)",
"Diode,Good Morning Emotion",
"DJ Disse,Break On Through",
"DJ Disse,Riders In The Storm",
"DJ Food,Mr Quickie Cuts The Cheese",
"DJ Format,The Turning Point",
"DJ Format feat Charli 2na & Akil,We Know Something You Don't Know",
"DJ Frane,Hydroponic Jungle Throwdown",
"DJ Jeff,Change the Scratch",
"DJ Logic,Sheas Groove",
"DJ Max-E,Who's Bad Now",
"DJ Qbert,Invasion Of The Octopus People",
"DJ Qbert,Jiu Jitsu (feat DJ Iq)",
"DJ Qbert,Sneak Attack",
"DJ Revolution,Invaders From The Planet Sqratch (Feat DJ Qbert)",
"DJ Spinbad,Itchy Vinyl Session PT2 Babylon 5",
"DJ Yoda,Walking The Blues",
"Dream Warriors,It's A Project Thing",
"Dutty Moonshine & Kid Kasino,Everybody",
"El P,Lazerface Warning (RJD2 Remix)",
"Elvis Presley,Baby Let's Play House (Spankox Remix)",
"Elvis Presley,Rubberneckin' (Paul Oakenfold Remix)",
"Emiljo AC,Come Together (Beatles Remix)",
"Emiljo AC,Purple Sunset",
"Eric B and Rakim,Don't Sweat The Technique",
"EZ Roller,It's Murder",
"F-Fields,Yellow Bream",
"Fat Jon,Sins",
"Fat Jon,Then",
"Fatboy Slim,Always Read The Label",
"Fatboy Slim,Praise You",
"Fatboy Slim,Rockafeller Skank",
"Fatboy Slim,Weapon of Choice (Tom Drummond Remix)",
"Fatboy Slim,You're Not From Brighton",
"FDEL,Instrumental Proficiency",
"FDEL,Ladies and Gentlemen",
"FDEL,Rocksteady",
"Feature Cast,Channel Surfing",
"Featurecast,Recipe For The Perfect Afro",
"Fingathing,Rock The Whole Planet",
"Force of Nature,Death Wish",
"Fort Knox Five,The Brazilian Hipster",
"Freestylers,Spaced Invader",
"Fu Schnickens,Express Yourself feat Roger Troutman",
"Funkadelic,I Got a Thing, You Got a Thing, Everybody's Got a Thing",
"Funkstar De Luxe,Ignition",
"Fuzz Townshend,Smash It",
"G Bonson,Rokdadiskotek",
"G Bonson,Stop",
"Galactic,Church",
"Galactic,Do It Again (Featuring Cheeky Blakk)",
"Galactic,Ya Ka May",
"General Electriks,Raid The Radio (Mateo Remix)",
"Ghetto Funk,Cant Stomp",
"Ghetto Funk,Soul Goodman",
"Ghetto Funk ICONS,Fell In Love With A Girl (Lewd Behaviour Remix)",
"Gorillaz,19 2000 (Soulchild Remix)",
"Gorillaz,Clint Eastwood",
"Gorillaz,Dare",
"Gorillaz,Dirty Harry",
"Gorillaz,Left Hand Suzuki Method",
"Gorillaz,People",
"Gorillaz,Re-Hash",
"Gorillaz,Sleeping Powder",
"Gorillaz,Spitting Out The Demons",
"Gramatik,Boom Bap Reinstated",
"Gramatik,Break Loose",
"Gramatik,Cirkus",
"Gramatik,Cool Thieves",
"Gramatik,Eternal Love Yet So Evasive",
"Gramatik,Friday",
"Gramatik,Im Doin My Thang",
"Gramatik,Just Jammin",
"Gramatik,On The Run",
"Gramatik,Portorose In July",
"Gramatik,Spoiler Alert",
"Gramatik,Walkin' Down The Street",
"Gramatik,You Don't Understand",
"GRiZ,A Fine Way To Die (feat Orlando Napier)",
"GRiZ,Feel The Love",
"GRiZ,Funk Party",
"GRiZ,Gettin' Live",
"GRiZ,Hard Times",
"GRiZ,It's All Good (feat Jessie Arlen)",
"GRiZ,Stop Trippin' (feat iDA Hawk)",
"GRiZ,The Anthem (feat Mike Avery)",
"GRiZ,The Future Is Now",
"GRiZ,Vision Of Happiness",
"Grizmatik,Digital Liberation Is Mad Freedom",
"Grizmatik,Good Times Roll",
"Grizmatik,My People",
"Homeboy Sandman,Talking (Bleep)",
"Howla,Can't Get Next To You",
"Hustle Athletics,San Fransisco",
"I Monster,Daydream In Blue",
"I Monster,Everyones A Loser",
"Imi Kamoze,Here Comes the Hotstepper",
"Indy Lopez,Dom Dom Dom (Radio Edit)",
"J Walk,French Letter",
"Jam Nights,Big Fun (Agent Stereo Mix)",
"James Brown,Cant Take It With You (Regrooved by The Breakbeat Junkie)",
"James Brown,Get Up Off That Thing (Featurecast)",
"James Brown,Mind Power (Regrooved by Basement Freaks)",
"James Brown,My Thang (Regrooved by DJP)",
"Jamiroquai,Alright",
"Jamiroquai,Canned Heat",
"Jamiroquai,Little L",
"Jamiroquai,Virtual Insanity",
"Janelle Monae ft Big Boi,Tightrope",
"Jean Knight,Mr Big Stuff (Badboe Remix)",
"Jean-Jacques Perrey,EVA",
"Jean-Jacques Perrey,Moog Indigo",
"John Guscott,Blob In Space",
"John Guscott,Boogaloo In Blue",
"John Guscott,Dub Blob (Smooth)",
"John Guscott,INKT Downfall (Fearless)",
"John Guscott,Into It (Righteous)",
"John Guscott,Pinked",
"John Guscott,Raydian Day (Unstoppable)",
"John Guscott,Splashback (Defiant)",
"John Guscott,Stencil Jive",
"John Guscott,The Blob Theme",
"John Guscott,The Factory",
"John Guscott,The Roll & Bounce",
"Johnny Cash,Get Rhythm (Philip Steir Remix)",
"Joshua Heath,How Y'all Feelin",
"Jungle,Busy Earnin'",
"Jungle Brothers,True Blue (Aphrodite Remix)",
"Junkie XL,A Little Less Conversation (Elvis Extended REMIX)",
"Junkie XL,A Little Less Conversation (Elvis Radio REMIX)",
"Junkie XL,Catch Up To My Step (Bossatnova Remix)",
"Junkie XL,Clash",
"Junkie XL,Dark Territory",
"Junkie XL,Disco 2000",
"Junkie XL,Fly Zone",
"Junkie XL,King's Crown",
"Junkie XL,L'envers",
"Junkie XL,No Remorse",
"Junkie XL,Norikura",
"Junkie XL,Schick 2000",
"Jurassic 5,Break",
"Jurassic 5,Improvise",
"Jurassic 5,React",
"Jurassic 5,Red Hot",
"Jurassic 5,Sum of Us",
"Jurassic 5,What's Golden",
"Jurassic 5,Work It Out (ft. Dave Matthews Band)",
"Katalyst,Tell No Tales",
"Kenneth Baget & The Hellerup Cool School Choir,Fragment Eight",
"Kenta Gon Nagata,Work Your Body",
"Kero One,Groovin",
"Kid Koala,Five Foot Stomp",
"Kid Koala,Lunch With Pavlov",
"Kid Koala,More Dance Music",
"Kid Koala,Scurvy",
"Kid Koala,Stompin At Le Savoi",
"Kid Koala,Was He Slow",
"Kid Loco,Going Round In Circles",
"Knapsack,Dazed",
"Lego,Do It Now",
"Lenny Kravitz,Are You Gonna Go My Way (Sunday Soulman & Chris Child Remix)",
"Lenny Kravitz,Fly Away (PINEO & LOEB Remix)",
"Lenny Kravitz,Mama Said (PulpFusion Mix)",
"LF Pee,Who's On The Turntables",
"Lion Rock,Scatter & Swing",
"Little People,Gravitas",
"Little Richard,Tutti Frutti (AronChupa Remix)",
"Lt Frank Drebin,Beat Fatigue (WBBL Remix)",
"Main Source,Atom",
"Marco Polo,5 Times A Lady",
"Marco Polo,Awe Guitar",
"Marco Polo,Cousin It",
"Marco Polo,Grits and Tits",
"Marco Polo,Sax O Ma Fone",
"Mark Ronson,Feel Right",
"Marshall McGee,It Must Have Been Your Love",
"Martin Solveig,Big In Japan (Feat Dragonette & Idoling)",
"Messer Chups,Cannibal Twist",
"Michael Jackson,2 Bad (Nick Redux)",
"Michael Lener,Boombox",
"Michna,Swiss Glide",
"Midicronica,San Francisco",
"Midicronica,Star Diva",
"MIM,Gods (Instrumental)",
"Minoru,187",
"Mint Royale,Blue Song",
"Mint Royale,Diagonal Girl",
"Mista Ed,The Boys Dope",
"Mittens,Commercial Break",
"Mix Master Mike,Audio Mass",
"Mix Master Mike,Patrol Knob",
"Mr Mediamanx,Higher Plain of Funk",
"Mr Mediamanx,Look at the Funk",
"Mr Mediamanx,Menu Music",
"Mystikal,Smashing the Gas (Get Faster)",
"Nanarthur,Space Raiders Song For Dot Wlm",
"Nappy Roots,Good Day",
"Natural Self,In The Morning",
"Nick Wiz,La La La (Instrumental)",
"Nick Wiz,Xylophone",
"Nicolas A,Austin Powers (Fatboy Slim)",
"Nightmares On Wax,What Im Feelin ft De La Soul (Rae Christian Mix)",
"Not The King,Make Me Feel",
"Nujabes,Fellows",
"Nujabes,Lyrical Terrorists (Instrumental)",
"NWA,Express Yourself",
"Obscure Disorder,Maintain The Focus (Instrumental)",
"Ok Go,WTF",
"Ours Samplus,Smile",
"Ours Samplus,Sweet Cans",
"Outkast,B.O.B",
"Ozomatli,Cut Chemist Suite",
"Parov Stelar,Catgroove",
"Parov Stelar,Gin Tonic",
"Parov Stelar,The Paris Swing Box",
"Parov Stellar,Libella Swing",
"People Under the Stairs,Acid Raindrops",
"Pepe Deluxe,Call Me Goldfinger",
"PNFA,Cotton Candy",
"Portugal The Man,Creep In A T Shirt",
"Portugal The Man,Feel It Still",
"Portugal The Man,Tidal Wave",
"Professor Kliq,Plastic and Flashing Lights",
"ProleteR,April Showers",
"ProleteR,Muhammad Ali",
"ProleteR,Sometimes (Instrumental)",
"PSUS,Super Fishin",
"Psyche Origami,Wherever You Are",
"RA The Rugged Man,Definition of a Rap Flow",
"Rare Shot Blue,Jazz Bananas",
"Ratatat,Cream On Chrome",
"Ratatat,Loud Pipes",
"Ray Charles,Good Thymes (Opiuo Remix)",
"Ray Charles,Hit The Road Jack (Cee-Roo Remix)",
"Ray Charles,Hit The Road Jack (ProleteR Tribute)",
"Ray Charles,I Got A Woman (Father Funk Remix)",
"Red Hot Chili Peppers,Roller Coaster of Love",
"Restless Leg Syndrome,Fiddle Dee Dee",
"RIP Slyme,Super Shooter",
"RJD2,1976",
"RJD2,All For U",
"RJD2,Bus Stop Biddies",
"RJD2,Cornbread, Eddie & Me",
"RJD2,Counseling Inst",
"RJD2,Disconnected",
"RJD2,Diverse Certified (Instrumental)",
"RJD2,Diverse Certified",
"RJD2,Fuck Soundcheck",
"RJD2,Fuckajob",
"RJD2,Ghostwriter",
"RJD2,Heaven",
"RJD2,I'm Free",
"RJD2,Interlude",
"RJD2,Intro",
"RJD2,Just Think",
"RJD2,Keys",
"RJD2,Poorboy Lover Megamix",
"RJD2,The Cool Thing To Do",
"RJD2,The Jerry Springer Episode",
"RJD2,Under The Hammer",
"RJD2,Uprock",
"Rory Hoy,Big Beat Stevie",
"Ruckus Roboticus,A Childs Introduction To Drums",
"Ruckus Roboticus,Here We Go",
"Ruckus Roboticus,How To Handle Grown Ups",
"Ruckus Roboticus,Taking Turns",
"Ruckus Roboticus,The Birth of Ruckus",
"Ruckus Roboticus,The Rebirth of Ruckus",
"Same Beat,Ravi Harris & The Prophets",
"Scapegoat Wax,Bloodsweet",
"Scapegoat Wax,Freeway",
"Scienz of Life,Hot Bananas (Instrumental)",
"SHAG,Know The Feelin'",
"Shag,My Mind",
"Shakkazombie,Shiroi Yami no Naka",
"Sheldon So Good,If You Wanna Fly (Yanivi Remix)",
"Shortie No Mas,You Like My Style",
"Skankfunk,Strutters Cruise",
"Skeewiff,No Puede Esperar",
"Skeewiff,Now I'm Living For Me (Fort Knox Five Remix)",
"Skeewiff,Silently Losing the Plot",
"Skeewiff & Vanessa Contenay,Heatwave (Don't Stop)",
"Skope,Get On Up",
"Skratch Gangstaz,Director's Cut",
"Slynk & Stickybuds,Full Tilt Boogie",
"Smalltown DJs and Grandtheft,Good People",
"Smash Mouth,Hot",
"Sons of Silence,The Mit Out Sound",
"Soul Coughing,Super Bon Bon",
"Spider-Man Into the Spider-Verse OST,Catch the S Train",
"SpookyDaGhost,Groovy Baby",
"St Germain,So Flute",
"Stepcat,Jitterbug",
"Stereo Swing,Champagne Swing (Feat Gabi Szucs)",
"Steve Emney And Stephen Root,Give It Some Air",
"Steve Emney And Stephen Root,Grindin",
"Steve Emney And Stephen Root,Penthouse",
"Steve Miller Band,Fly Like An Eagle (Psymbionic Remix)",
"Stevie Wonder & Edwin Starr,Superstition War",
"Styles Of Beyond,Mr Brown",
"Stylust Beats,Sleeveless Jumpoff",
"Suhov,Different",
"Super Holla Tricka Krafty Kuts,Gwen Stefani vs Beastie Boys vs Wild Cherry",
"Swingfly,Something's Got Me Started",
"Synchronice,Broken Record",
"Teddybears,Rocket Scientist (Feat Eve)",
"The Bamboos,On The Sly (feat Kylie Auldist)",
"The Best Day,Atmosphere",
"The Coconut Monkeyrocket,Electrodomestico",
"The Coconut Monkeyrocket,Juicy Jungle",
"The Coconut Monkeyrocket,Shopping For Explosives",
"The Coup,I Ain't the Nigga",
"The Crystal Method,Born Too Slow",
"The Dave Pike Set,Mathar (Frank Popp Ensemble Mix)",
"The Derevolutions,Bad King Kong",
"The Doors,Break On Through (DJ Swamp Remix)",
"The Doors,Roadhouse Blues (Fender Bender Remix)",
"The Doors,Soul Kitchen (Dj Inko Remix)",
"The Doors vs C2C,Captain (Raymon Lazer Remix)",
"The Floozies,Stuntin'",
"The Hives,Tick Tick Boom",
"The Pharcyde,Oh Shit",
"The Pharcyde,Passin' Me By (Instrumental)",
"The Pharcyde,Ya Mama",
"The Prodigy,Stand Up",
"The Roots,Boom",
"The Wiseguys,Ooh La La",
"The Wiseguys,Re-Introduction",
"The Wiseguys,Start The Commotion",
"Thomas Bangalter,Spinal Scratch",
"TJR,Funky Vodka (Original Mix)",
"TM Juke,Bees On Mars",
"Tom Jones & The Cardigans,Burning Down The House (Scissorkicks Remix)",
"Towa Tei,Technova (La Em Copacabana)",
"Treva Whateva,Bouncing Bomb",
"Truby Trio,A Go Go",
"Ugly Duckling,Einstein Do It",
"Ugly Duckling,Slow The Flow (Instrumental)",
"Vadell Gabriel,Flava In Ya Bassline",
"Visioneers,Ike's Mood I",
"Wagon Christ,Harmoney",
"Wax Tailor,B-Boy On Wax (Instrumental)",
"Wax Tailor,Past Present And Future (Rock And Roll)",
"Wet Paint,Gold Lights",
"WISE the AllE,That Bus Catcher Bounce (FINE Mix)",
"Wreckx N Effect,Rump Shaker",
"Wu Tang Clan,Slow Blues (Instrumental)",
"X I X X,Mai tai",
"Zamali,Oye Makossa",
