artist,title,
"112,Dance With Me (Instrumental)",
"Adam Freeland,Fear (Rez Mix)",
"Aerius Light,DatA",
"Aero Chord,Saiko",
"Al Bizzare,Ice Jump",
"Alesia,Industriae",
"Alesso,PAYDAY",
"Andrew Huang,Blaster (Instrumental)",
"Art Of Trance,Blue Owl",
"Atmosphere,Shoulda Known (Instrumental)",
"AWG,Birth",
"Basement Jaxx,Red Alert (Future Pump Up the Funk)",
"Basement Jaxx,Red Alert (Jaxx Radio Mix)",
"Bassnectar,Everybody",
"Beastie Boys,Intergalactic (Instrumental)",
"Beastie Boys,Intergalactic (NARSTI Remix)",
"Beastie Boys,Root Down (Daft Science Remix by COI)",
"Bignic,Daft",
"Bignic,Romp",
"Bignic,Scream",
"Boys Noize,Arcade Robot",
"Boys Noize,Don't Believe The Hype",
"Boys Noize,Down",
"Boys Noize,Lava Lava",
"Boys Noize,Let's Buy Happiness",
"Brad Breeck,Gravity Falls (Sim Gretina Remix)",
"C2C,Arcades",
"Camo & Krooked,Breezeblock",
"Carpenter Brut,347 Midnight Demons",
"Carpenter Brut,Disco Zombi Italia",
"Carpenter Brut,Wake Up The President",
"Coins,Alive Intergalactic (Daft Science Remix)",
"Coins,Body Movin (Daft Science Remix)",
"Coins,No Sleep Till Brooklyn (Daft Science Remix)",
"Coins,Root Down (Daft Science Remix)",
"Coins,Sure Shot (Daft Science Remix)",
"Crayondroids,I Do Coke (Crayondroids Fukcup)",
"Cut and Paste,Forget it",
"Cyberpunkers,Dungeon (Far Too Loud Remix)",
"Daft Punk,Aerodynamic (Daft Club Remix)",
"Daft Punk,Derezzed (Glitch Mob Remix)",
"Daft Punk,Derezzed",
"Daft Punk,Harder, Better, Faster, Stronger (Far Out Remix)",
"Daft Punk,Human After All (Remix by FSG)",
"Daft Punk,Musique",
"Daft Punk,Robot Rock",
"Daft Punk,Technologic (Frenssu Remix)",
"Daft Punk,Technologic",
"Danger,11h30",
"Deorro,Five Hours",
"Dicepticon,Space Drifter",
"Digital Freq,Rocket",
"Digitalism,Echoes",
"Digitalism,Homezone",
"Digitalism,Idealistic",
"Digitalism,Magnets",
"Dirty Loud,School Of Funk",
"DJ Fresh,X Project",
"Does It Offend You, Yeah,Battle Royale",
"Does It Offend You, Yeah,We Are Rockstars",
"Does It Offend You, Yeah,Weird Science",
"Dynamix II,Just give the DJ A Break",
"Ed209 & Ken Mac,Hell Yeah",
"edIT,Back Up Off The Floor, Pt2",
"edIT,If You Crump Stand Up",
"edIT,The Sirens",
"Electro Monstaz,Popcorn Funk",
"Else,Zephyr",
"Fancy,What's Your Name Again (BUSY P Remix)",
"Fatboy Slim,Weapon Of Choice (Junkie XL Mix)",
"Fear Factory,Cyberdyne (Junkie XL Remix)",
"Feed Me,The Spell",
"Felix Da Housecat,Silverscreen",
"FIBRE,Skylight Ballad",
"Fluke,Absurd (Mighty Dub Katz)",
"Foamy10,Give Me My Phone Call",
"Gazburn,Technology",
"Gescom,Boogie Down Bronx",
"Goose,Black Gloves",
"GosT,Reign in Hell (Extended)",
"GosT,Reign in Hell",
"Gramatik,Damage Intended",
"Gramatik,Day Of The So Called Glory",
"Gramatik,Defying Gravity",
"Gramatik,Got To Go (Original Mix)",
"Gramatik,Never That Easy",
"Gramatik,Red Baron Of WW3",
"Gramatik,Step 007",
"Gramatik,Take It Back",
"Gramatik,Talkbox Intended",
"Gramatik,The Night Hawk",
"Gramatik,The Uprising",
"Gramatik,To Get By",
"Gramatik & Break Science,Boogie Down",
"Gramatik VS Gossip,Dimestore Diamond (Remix)",
"GRiZ,Live on Arrival",
"Haywyre,Back and Forth (Monstercat Release)",
"Heavy Send,Focus",
"Hermitude,Hyperparadise (Flume Remix)",
"Herzeloyde,Distracted",
"Hexstatic,Kids Can Dance",
"Hexstatic,Robopop",
"Huda Hudia,System Overload (SSX Original Tricky Mix)",
"Hustle Athletics,Fearless Funk",
"Hustle Athletics,Lekker",
"Hyper,Cascade",
"Ian Anderson,LOL IRL",
"Iglooghost,Solar Blade",
"Insan3Lik3,We Are The Robots (feat Temu)",
"JEDDI,Heartbeat",
"Jonwayne,1 for Wily",
"Juicy Fruit,Huw Williams",
"Junkie XL,100",
"Junkie XL,Configuring Audio System",
"Junkie XL,Electro",
"Junkie XL,Fuusoku City",
"Junkie XL,Idler Lever",
"Junkie XL,New Toy",
"Junkie XL,No Way",
"Junkie XL,Nudge",
"Junkie XL,You Make Me Feel So Good",
"Justice,Genesis",
"Justice,Newjack",
"Kavinsky,ProtoVision (Boys Noize Remix)",
"Knife Party,404",
"Knife Party,Internet Friends",
"KOAN Sound,7th Dimension",
"KOAN Sound,80's Fitness",
"Le Castle Vania,John Wick Mode",
"Le Castle Vania,LED Spirals (Extended Edition)",
"Le Castle Vania,Shots Fired",
"Leftfield,Phat Planet",
"LFO,Freak",
"Linkin Park,Somewhere I Belong (Tyler Clark Remix)",
"Madeon,Cut The Kid",
"Madeon,Imperium",
"Madeon,OK",
"Madeon,Pop Culture",
"Marshall McGee,Pixel Ninjas",
"MGMT,Electric Feel (Justice Remix)",
"Mike L,GTFU",
"Module VS Sidhe Interactive,Boss Music (All Sections)",
"Module VS Sidhe Interactive,The Neon Mines",
"Module VS Sidhe Interactive,Xenon Home World",
"Monstaz Laavalamp,Popcorn Funk",
"MOON,Hydrogen",
"Mr Bill,A Simple Song",
"Mr Bill,Chlorine",
"Mr Bill,Slate",
"Mr Bill,The Enabler & The Enabled",
"Mr Bill,The Oculist",
"Mr Bill,Trickle",
"Mr Bill,URL",
"Mr Bill & Freddy Todd,Colloidal Drip",
"Mr Bill & Goosebumpz,Swivel",
"Mr Bill & GRUFF,Pretty Sick, But",
"Mr Bill & iONik,Buttersnatch",
"Mr Bill & Loom In Essence,Abba Ridge",
"Mr Bill & Slynk,Girl You Got Me Insane",
"Mr Bill & Tha Fruitbat,Straight Up Seminal Shit",
"Mr Bill & The Noisy Freaks,Satellite Slum",
"Mr Bill & Videocat,Rusty Wonderland",
"Mr Bill, Sable & The Mollusk,Rymth",
"Mr Bill, Tha Fruitbat & Mr. Rogers,Glurplesque",
"Noisia,Groundhog (Beat Juggle)",
"NT-Veon,Are You Ready or Not (We Came Here)",
"NT-Veon,Bass and Chill (DaFuture)",
"OMFG,Hello",
"OTNJ_B,Tsu",
"Panama,Always (Wave Racer Remix)",
"PartyMonster,Bang (Like a Kick Dr)",
"Pendelum,Blood Sugar",
"Pendulum,Fasten Your Seatbelts",
"Perturbator,Complete Domination (Feat Carpenter Brut)",
"Perturbator,Future Club",
"Perturbator,Raw Power",
"Perturbator,Satanic Rites",
"Pixelsaur,Sugoi Sugoi",
"Plump DJs,Snake Eyes",
"Porter Robinson,Fresh Static Snow",
"Pretty Lights,Hot Like Sauce",
"Pretty Lights,Keep Em Bouncin",
"Quinten Gray,Tiga",
"ReVolt,Live Wires",
"Rob Gasser Auvic,Rapid Fire",
"Rom Di Prisco,Gamma Velorum (Remix)",
"Rom Di Prisco,Gamma Velorum",
"Rom Di Prisco,Octaal",
"Rom Di Prisco,Omicron Velorum",
"Sabrepulse,The Rapture",
"Savant,Apocalypse",
"Savant,Cassette (Alectro Version)",
"Savant,Diamond Blush",
"Savant,Spider",
"Savant,The Third Eye",
"Savant,West Coast",
"SebastiAn,Embody",
"Shatter Soundtrack,Boss Music",
"Shawn Wasabi,Mac N Cheese",
"She,Electric Girl",
"Simon Viklund,The Club",
"Sixfingerz,Fata Morgana (Gramatik Remix)",
"SKisM,Experts",
"SKisM,Power",
"Slynk,Toys",
"Spector,Just Hiss",
"Spor,The Running Man",
"Steve Emney And Stephen Root,Jump Higher",
"Stevie Wonder,Superstition (The Noisy Freaks Remix)",
"SuperVision,Giving Me Life",
"The Chemical Brothers,Got Glint",
"The Crystal Method,Acetone",
"The Crystal Method,Cherry Twist",
"The Crystal Method,Roll It Up",
"The Crystal Method,The Winner",
"The Crystal Method,Vapor Trail",
"The Noisy Freaks,Funky Kids",
"The Qemists,Stompbox (Spor Remix)",
"TheFatRat,Unity",
"Tokyo Beat Society,Real Session",
"Tokyo Machine,ROCKIT",
"Towa Tei,I Want to Relax Please",
"Tut Tut Child,Dance To It",
"Tut Tut Child,Dragon Pirates",
"Unknown,Beat Bionic",
"Unknown,More Beats & Pieces (Daddy Rips It Up Mix)",
"VHS Glitch,Acid Rage",
"Wagon Christ,Mr Mukatsuku",
"Wolfgang Gartner,Illmerica",
