doomriders,
"https://jetsetradio.live/radio/stations/doomriders/7Horse%20-%20Meth%20Lab%20Zoso%20Sticker.mp3",
"https://jetsetradio.live/radio/stations/doomriders/AC%20DC%20-%20Back%20In%20Black.mp3",
"https://jetsetradio.live/radio/stations/doomriders/AC%20DC%20-%20Givin%20the%20Dog%20a%20Bone.mp3",
"https://jetsetradio.live/radio/stations/doomriders/AC%20DC%20-%20Have%20a%20Drink%20On%20Me.mp3",
"https://jetsetradio.live/radio/stations/doomriders/AC%20DC%20-%20Highway%20to%20Hell.mp3",
"https://jetsetradio.live/radio/stations/doomriders/AC%20DC%20-%20Rock%20and%20Roll%20Ain%27t%20Noise%20Pollution.mp3",
"https://jetsetradio.live/radio/stations/doomriders/Aerosmith%20-%20Dude%20%28Looks%20Like%20A%20Lady%29.mp3",
"https://jetsetradio.live/radio/stations/doomriders/Aerosmith%20-%20Eat%20the%20Rich.mp3",
"https://jetsetradio.live/radio/stations/doomriders/Aerosmith%20-%20Fever.mp3",
"https://jetsetradio.live/radio/stations/doomriders/Aerosmith%20-%20Rag%20Doll.mp3",
"https://jetsetradio.live/radio/stations/doomriders/Aerosmith%20-%20Walk%20on%20Down.mp3",
"https://jetsetradio.live/radio/stations/doomriders/Alice%20Cooper%20-%20Schools%20Out.mp3",
"https://jetsetradio.live/radio/stations/doomriders/All%20Them%20Witches%20-%20When%20God%20Comes%20Back.mp3",
"https://jetsetradio.live/radio/stations/doomriders/Alt%20J%20-%20Left%20Hand%20Free.mp3",
"https://jetsetradio.live/radio/stations/doomriders/Arctic%20Monkeys%20-%20Do%20I%20Wanna%20Know.mp3",
"https://jetsetradio.live/radio/stations/doomriders/Beck%20-%2020%20Garbage%20Truck.mp3",
"https://jetsetradio.live/radio/stations/doomriders/Billy%20Squier%20-%20The%20Stroke.mp3",
"https://jetsetradio.live/radio/stations/doomriders/Black%20Sabbath%20-%20Paranoid.mp3",
"https://jetsetradio.live/radio/stations/doomriders/Black%20Sabbath%20-%20War%20Pigs%2C%20Lukes%20Wall.mp3",
"https://jetsetradio.live/radio/stations/doomriders/Blue%20Oyster%20Cult%20-%20Godzilla.mp3",
"https://jetsetradio.live/radio/stations/doomriders/Blues%20Saraceno%20-%207th%20Born%20Son.mp3",
"https://jetsetradio.live/radio/stations/doomriders/Blues%20Saraceno%20-%20Bad%20Man.mp3",
"https://jetsetradio.live/radio/stations/doomriders/Blues%20Saraceno%20-%20Evil%20Ways.mp3",
"https://jetsetradio.live/radio/stations/doomriders/Blues%20Saraceno%20-%20Killin%27%20Floor.mp3",
"https://jetsetradio.live/radio/stations/doomriders/Blues%20Saraceno%20-%20Pumpin%27%20Irony.mp3",
"https://jetsetradio.live/radio/stations/doomriders/Blues%20Saraceno%20-%20Smokin%27%20Fire.mp3",
"https://jetsetradio.live/radio/stations/doomriders/Bon%20Jovi%20-%20Wanted%20Dead%20Or%20Alive.mp3",
"https://jetsetradio.live/radio/stations/doomriders/Butter%2008%20-%20Butterfucker.mp3",
"https://jetsetradio.live/radio/stations/doomriders/Curtis%20Stigers%20-%20This%20Life.mp3",
"https://jetsetradio.live/radio/stations/doomriders/Dan%20Auerbach%20-%20Keep%20It%20Hid.mp3",
"https://jetsetradio.live/radio/stations/doomriders/Dan%20Auerbach%20-%20The%20Prowl.mp3",
"https://jetsetradio.live/radio/stations/doomriders/DJ%20Schmolli%20-%20Rock%20Of%20Ages.mp3",
"https://jetsetradio.live/radio/stations/doomriders/Dolph%20Taylor%20and%20Bart%20Hendrickson%20-%20Quaker%20Bait.mp3",
"https://jetsetradio.live/radio/stations/doomriders/Eagles%20-%20Life%20In%20The%20Fast%20Lane.mp3",
"https://jetsetradio.live/radio/stations/doomriders/Eminem%20-%20Berzerk%20%28Instrumental%29.mp3",
"https://jetsetradio.live/radio/stations/doomriders/Foo%20Fighters%20-%20All%20My%20Life.mp3",
"https://jetsetradio.live/radio/stations/doomriders/Funkadelic%20-%20Hit%20It%20and%20Quit%20It.mp3",
"https://jetsetradio.live/radio/stations/doomriders/Funkadelic%20-%20Super%20Stupid.mp3",
"https://jetsetradio.live/radio/stations/doomriders/Gary%20Clark%20Jr%20-%20Bright%20Lights.mp3",
"https://jetsetradio.live/radio/stations/doomriders/Gary%20Clark%20Jr%20-%20Don%27t%20Owe%20You%20a%20Thang.mp3",
"https://jetsetradio.live/radio/stations/doomriders/Gary%20Clark%20Jr%20-%20Numb.mp3",
"https://jetsetradio.live/radio/stations/doomriders/Gary%20Glitter%20-%20Rock%20And%20Roll%20%28Part%201%20%26%202%29.mp3",
"https://jetsetradio.live/radio/stations/doomriders/George%20Thorogood%20%26%20The%20Destroyers%20-%20Bad%20To%20The%20Bone.mp3",
"https://jetsetradio.live/radio/stations/doomriders/George%20Thorogood%20%26%20The%20Destroyers%20-%20I%20Drink%20Alone.mp3",
"https://jetsetradio.live/radio/stations/doomriders/George%20Thorogood%20%26%20The%20Destroyers%20-%20One%20Bourbon%2C%20One%20Scotch%2C%20One%20Beer.mp3",
"https://jetsetradio.live/radio/stations/doomriders/Graveyard%20BBQ%20-%20Made%20My%20Bones.mp3",
"https://jetsetradio.live/radio/stations/doomriders/Graveyard%20BBQ%20-%20The%20Road%20That%20Lies%20Ahead.mp3",
"https://jetsetradio.live/radio/stations/doomriders/Graveyard%20BBQ%20-%20Watch%20City%20Blues.mp3",
"https://jetsetradio.live/radio/stations/doomriders/Hanni%20El%20Khatib%20-%20Pay%20No%20Mind.mp3",
"https://jetsetradio.live/radio/stations/doomriders/Hugo%20-%2099%20Problems.mp3",
"https://jetsetradio.live/radio/stations/doomriders/Joe%20Bonamassa%20-%20Angel%20Of%20Mercy%20%28Live%20At%20The%20Greek%20Theatre%29.mp3",
"https://jetsetradio.live/radio/stations/doomriders/Joe%20Walsh%20-%20Lifes%20Been%20Good.mp3",
"https://jetsetradio.live/radio/stations/doomriders/Kenneth%20Sorenson%20-%20God%20Damn%20Better.mp3",
"https://jetsetradio.live/radio/stations/doomriders/Kenneth%20Sorenson%20-%20S%27Alright.mp3",
"https://jetsetradio.live/radio/stations/doomriders/Left%20Lane%20Cruiser%20-%20Busket.mp3",
"https://jetsetradio.live/radio/stations/doomriders/Louis%20XIV%20-%20Louis%20XIV.mp3",
"https://jetsetradio.live/radio/stations/doomriders/Monster%20Magnet%20-%20Space%20Lord.mp3",
"https://jetsetradio.live/radio/stations/doomriders/Motorhead%20-%20Ace%20Of%20Spades.mp3",
"https://jetsetradio.live/radio/stations/doomriders/Motorhead%20-%20Killed%20By%20Death.mp3",
"https://jetsetradio.live/radio/stations/doomriders/Mountain%20-%20Mississippi%20Queen.mp3",
"https://jetsetradio.live/radio/stations/doomriders/Nick%20Nolan%20-%20Hell%20on%20Wheels.mp3",
"https://jetsetradio.live/radio/stations/doomriders/Patrick%20Sweany%20-%20Them%20Shoes.mp3",
"https://jetsetradio.live/radio/stations/doomriders/Priestess%20-%20Lay%20Down.mp3",
"https://jetsetradio.live/radio/stations/doomriders/Ram%20Jam%20-%20Black%20Betty.mp3",
"https://jetsetradio.live/radio/stations/doomriders/Rob%20Zombie%20-%20Dead%20City%20Radio%20And%20The%20New%20Gods%20Of%20Supertown.mp3",
"https://jetsetradio.live/radio/stations/doomriders/Rob%20Zombie%20-%20Ging%20Gang%20Gong%20De%20Do%20Gong%20De%20Laga%20Raga.mp3",
"https://jetsetradio.live/radio/stations/doomriders/Rob%20Zombie%20-%20Pussy%20Liquor%20%28Tobias%20Enhus%20Remix%29.mp3",
"https://jetsetradio.live/radio/stations/doomriders/Rob%20Zombie%20-%20Rock%20And%20Roll%20%28In%20A%20Black%20Hole%29.mp3",
"https://jetsetradio.live/radio/stations/doomriders/Rob%20Zombie%20-%20Thunder%20Kiss%20%2765%20%28Destructo%20Remix%29.mp3",
"https://jetsetradio.live/radio/stations/doomriders/Spiderbait%20-%20Black%20Betty.mp3",
"https://jetsetradio.live/radio/stations/doomriders/Stinky%20Lou%20and%20The%20Goon%20Mat%20with%20Lord%20Bernado%20-%20Lonely%20Man.mp3",
"https://jetsetradio.live/radio/stations/doomriders/T%20Rex%20-%20Bang%20A%20Gong%20%28Get%20It%20On%29.mp3",
"https://jetsetradio.live/radio/stations/doomriders/Ted%20Nugent%20-%20Stranglehold.mp3",
"https://jetsetradio.live/radio/stations/doomriders/The%20Beautiful%20Girls%20-%20Girl%20Lately%20Things%20Have%20Been%20Changing.mp3",
"https://jetsetradio.live/radio/stations/doomriders/The%20Black%20Keys%20-%20Aeroplane%20Blues.mp3",
"https://jetsetradio.live/radio/stations/doomriders/The%20Black%20Keys%20-%20Grown%20So%20Ugly.mp3",
"https://jetsetradio.live/radio/stations/doomriders/The%20Black%20Keys%20-%20Howlin%27%20For%20You.mp3",
"https://jetsetradio.live/radio/stations/doomriders/The%20Black%20Keys%20-%20I%20Got%20Mine.mp3",
"https://jetsetradio.live/radio/stations/doomriders/The%20Black%20Keys%20-%20Lonely%20Boy.mp3",
"https://jetsetradio.live/radio/stations/doomriders/The%20Blue%20News%20-%20Old%20River.mp3",
"https://jetsetradio.live/radio/stations/doomriders/The%20Blue%20News%20-%20Promiseland.mp3",
"https://jetsetradio.live/radio/stations/doomriders/The%20Blue%20News%20-%20Stay%20Gone%20for%20Good.mp3",
"https://jetsetradio.live/radio/stations/doomriders/The%20Heavy%20-%20Short%20Change%20Hero.mp3",
"https://jetsetradio.live/radio/stations/doomriders/The%20Heavy%20-%20What%20Makes%20A%20Good%20Man.mp3",
"https://jetsetradio.live/radio/stations/doomriders/The%20Rolling%20Stones%20-%20Gimme%20Shelter.mp3",
"https://jetsetradio.live/radio/stations/doomriders/The%20Silent%20Comedy%20-%20Bartholomew.mp3",
"https://jetsetradio.live/radio/stations/doomriders/The%20White%20Stripes%20-%20Dead%20Leaves%20And%20The%20Dirty%20Ground.mp3",
"https://jetsetradio.live/radio/stations/doomriders/The%20White%20Stripes%20-%20Hello%20Operator.mp3",
"https://jetsetradio.live/radio/stations/doomriders/The%20White%20Stripes%20-%20Little%20Bird.mp3",
"https://jetsetradio.live/radio/stations/doomriders/The%20White%20Stripes%20-%20Seven%20Nation%20Army.mp3",
"https://jetsetradio.live/radio/stations/doomriders/The%20White%20Stripes%20-%20Stop%20Breaking%20Down.mp3",
"https://jetsetradio.live/radio/stations/doomriders/Titanic%20Sinclair%20-%20Into%20the%20Flames.mp3",
"https://jetsetradio.live/radio/stations/doomriders/ZZ%20Top%20-%20Gimme%20All%20Your%20Lovin.mp3",
"https://jetsetradio.live/radio/stations/doomriders/ZZ%20Top%20-%20Got%20Me%20Under%20Pressure.mp3",
"https://jetsetradio.live/radio/stations/doomriders/ZZ%20Top%20-%20La%20Grange.mp3",
"https://jetsetradio.live/radio/stations/doomriders/ZZ%20Top%20-%20Sharp%20Dressed%20Man.mp3",
"https://jetsetradio.live/radio/stations/doomriders/ZZ%20Top%20-%20Tush.mp3",
