goldenrhinos,
"https://jetsetradio.live/radio/stations/goldenrhinos/2Pac%20-%20Haily%20Mary%20%28Instrumental%29.mp3",
"https://jetsetradio.live/radio/stations/goldenrhinos/20Syl%20-%20Ongoing%20Thing.mp3",
"https://jetsetradio.live/radio/stations/goldenrhinos/50%20Cent%20-%20Irregular%20Heartbeat.mp3",
"https://jetsetradio.live/radio/stations/goldenrhinos/Aaron%20Wheeler%20-%20Honeys%20in%20the%20Place.mp3",
"https://jetsetradio.live/radio/stations/goldenrhinos/Aceyalone%20-%20Moonlight%20Skies%20Ft%20Goapele.mp3",
"https://jetsetradio.live/radio/stations/goldenrhinos/Aceyalone%20-%20The%20Guidelines.mp3",
"https://jetsetradio.live/radio/stations/goldenrhinos/Aceyalone%20and%20RJD2%20-%20Moore.mp3",
"https://jetsetradio.live/radio/stations/goldenrhinos/Action%20Bronson%20-%20Actin%20Crazy.mp3",
"https://jetsetradio.live/radio/stations/goldenrhinos/Aesop%20Rock%20-%20Defender.mp3",
"https://jetsetradio.live/radio/stations/goldenrhinos/Aesop%20Rock%20-%20Dorks.mp3",
"https://jetsetradio.live/radio/stations/goldenrhinos/Aesop%20Rock%20-%20Labor.mp3",
"https://jetsetradio.live/radio/stations/goldenrhinos/Aesop%20Rock%20-%20Molecules.mp3",
"https://jetsetradio.live/radio/stations/goldenrhinos/Aesop%20Rock%20-%20Mystery%20Fish.mp3",
"https://jetsetradio.live/radio/stations/goldenrhinos/Aesop%20Rock%20-%20Rabies.mp3",
"https://jetsetradio.live/radio/stations/goldenrhinos/Aesop%20Rock%20-%20Shrunk.mp3",
"https://jetsetradio.live/radio/stations/goldenrhinos/Aesop%20Rock%20-%20Supercell.mp3",
"https://jetsetradio.live/radio/stations/goldenrhinos/Aesop%20Rock%20-%20Syrup%20feat%20Homeboy%20Sandman%20Open%20Mike%20Eagle.mp3",
"https://jetsetradio.live/radio/stations/goldenrhinos/Aesop%20Rock%20-%20Tuff.mp3",
"https://jetsetradio.live/radio/stations/goldenrhinos/Aesop%20Rock%20-%20Water%20Tower.mp3",
"https://jetsetradio.live/radio/stations/goldenrhinos/Akrobatik%20-%20Exterminator.mp3",
"https://jetsetradio.live/radio/stations/goldenrhinos/Akrobatik%2C%20Breez%20Evahflowin%2C%20Chan%203%20%26%20C%20Rayz%20Walz%20-%20Explosion.mp3",
"https://jetsetradio.live/radio/stations/goldenrhinos/Apathy%20%26%20Celph%20Titled%20-%2088%20Mindstate.mp3",
"https://jetsetradio.live/radio/stations/goldenrhinos/Apathy%20%26%20Celph%20Titled%20-%20Naturally%20Nasty.mp3",
"https://jetsetradio.live/radio/stations/goldenrhinos/Atmosphere%20-%20Pour%20Me%20Another.mp3",
"https://jetsetradio.live/radio/stations/goldenrhinos/Atmosphere%20-%20The%20Keys%20To%20Life%20Vs.%2015%20Minutes%20Of%20Fame.mp3",
"https://jetsetradio.live/radio/stations/goldenrhinos/Big%20Punisher%20-%20Twinz%20%28Deep%20Cover%2098%20feat%20Fat%20Joe%29.mp3",
"https://jetsetradio.live/radio/stations/goldenrhinos/Binary%20Star%20-%20Conquistadors.mp3",
"https://jetsetradio.live/radio/stations/goldenrhinos/Binary%20Star%20-%20Slang%20Blade.mp3",
"https://jetsetradio.live/radio/stations/goldenrhinos/Black%20Star%20-%20Astronomy%20%288th%20Light%29.mp3",
"https://jetsetradio.live/radio/stations/goldenrhinos/Blackalicious%20-%20Paragraph%20President.mp3",
"https://jetsetradio.live/radio/stations/goldenrhinos/Blackalicious%20-%20Passion.mp3",
"https://jetsetradio.live/radio/stations/goldenrhinos/Brockhampton%20-%20Bump.mp3",
"https://jetsetradio.live/radio/stations/goldenrhinos/Brockhampton%20-%20Fake.mp3",
"https://jetsetradio.live/radio/stations/goldenrhinos/Brockhampton%20-%20Heat.mp3",
"https://jetsetradio.live/radio/stations/goldenrhinos/Brockhampton%20-%20Star.mp3",
"https://jetsetradio.live/radio/stations/goldenrhinos/Busta%20Rhymes%20-%20Everybody%20Rise.mp3",
"https://jetsetradio.live/radio/stations/goldenrhinos/Busta%20Rhymes%20-%20Everything%20Remains%20Raw.mp3",
"https://jetsetradio.live/radio/stations/goldenrhinos/Busta%20Rhymes%20-%20Survival%20Hungry.mp3",
"https://jetsetradio.live/radio/stations/goldenrhinos/Busta%20Rhymes%20-%20Woo%20Hah%20Got%20You%20All%20In%20Check.mp3",
"https://jetsetradio.live/radio/stations/goldenrhinos/Childish%20Gambino%20-%20Bonfire.mp3",
"https://jetsetradio.live/radio/stations/goldenrhinos/Childish%20Gambino%20-%20Worldstar.mp3",
"https://jetsetradio.live/radio/stations/goldenrhinos/Cipher%20-%20One.mp3",
"https://jetsetradio.live/radio/stations/goldenrhinos/Cipher%20-%20Peeps.mp3",
"https://jetsetradio.live/radio/stations/goldenrhinos/Cipher%20-%20Punchline.mp3",
"https://jetsetradio.live/radio/stations/goldenrhinos/Cipher%20-%20Relay%20Feat%20XL.mp3",
"https://jetsetradio.live/radio/stations/goldenrhinos/Clam%20Casino%20-%20All%20Nite.mp3",
"https://jetsetradio.live/radio/stations/goldenrhinos/Concise%20-%20Get%20The%20Money%20%28ft%20Checkmate%29.mp3",
"https://jetsetradio.live/radio/stations/goldenrhinos/Coolio%20-%20Gangstas%20Paradise%20%28feat%20LV%29.mp3",
"https://jetsetradio.live/radio/stations/goldenrhinos/COOLR%20-%20Freefall%20%28ft%20January%20PROD%20BY%20HOOCH%29.mp3",
"https://jetsetradio.live/radio/stations/goldenrhinos/Copywrite%20-%20Wont%20Stop.mp3",
"https://jetsetradio.live/radio/stations/goldenrhinos/CunninLynguists%20-%20616%20Rewind.mp3",
"https://jetsetradio.live/radio/stations/goldenrhinos/CyHi%20The%20Prynce%20-%20Mandela.mp3",
"https://jetsetradio.live/radio/stations/goldenrhinos/Cyne%20-%20400%20Years.mp3",
"https://jetsetradio.live/radio/stations/goldenrhinos/Cyne%20-%20Paradise.mp3",
"https://jetsetradio.live/radio/stations/goldenrhinos/Cypress%20Hill%20-%2016%20Men%20Till%20There%27s%20No%20Men%20Left.mp3",
"https://jetsetradio.live/radio/stations/goldenrhinos/Cypress%20Hill%20-%20Audio%20X.mp3",
"https://jetsetradio.live/radio/stations/goldenrhinos/Cypress%20Hill%20-%20Break%20Em%20Off%20Some.mp3",
"https://jetsetradio.live/radio/stations/goldenrhinos/Cypress%20Hill%20-%20Checkmate.mp3",
"https://jetsetradio.live/radio/stations/goldenrhinos/Cypress%20Hill%20-%20From%20The%20Window%20Of%20My%20Room.mp3",
"https://jetsetradio.live/radio/stations/goldenrhinos/Danger%20Doom%20-%20Sofa%20King.mp3",
"https://jetsetradio.live/radio/stations/goldenrhinos/Dangermouse%20-%20Chase%20Me%20%28Ft%20Run%20The%20Jewles%20x%20Big%20Boi%29.mp3",
"https://jetsetradio.live/radio/stations/goldenrhinos/Das%20EFX%20-%20Real%20Hip%20Hop%20%28Ben%20Hedibi%20Remix%29.mp3",
"https://jetsetradio.live/radio/stations/goldenrhinos/Del%20The%20Funky%20Homosapian%20-%20Eye%20Examination.mp3",
"https://jetsetradio.live/radio/stations/goldenrhinos/Del%20The%20Funky%20Homosapien%20-%20Mastermind.mp3",
"https://jetsetradio.live/radio/stations/goldenrhinos/Del%20The%20Funky%20Homosapien%20-%20Offspring%20%28ft%20El%20P%29.mp3",
"https://jetsetradio.live/radio/stations/goldenrhinos/Del%20The%20Funky%20Homosapien%20-%20Press%20Rewind.mp3",
"https://jetsetradio.live/radio/stations/goldenrhinos/Denzel%20Curry%20-%20This%20Life.mp3",
"https://jetsetradio.live/radio/stations/goldenrhinos/DGX%20-%20EOTD.mp3",
"https://jetsetradio.live/radio/stations/goldenrhinos/DGX%20-%20Fresh%20Clean.mp3",
"https://jetsetradio.live/radio/stations/goldenrhinos/DGX%20-%20Know%20Me.mp3",
"https://jetsetradio.live/radio/stations/goldenrhinos/DGX%20-%20Young%20Schmacks.mp3",
"https://jetsetradio.live/radio/stations/goldenrhinos/Diabolic%20-%20Diabolic%20Sound.mp3",
"https://jetsetradio.live/radio/stations/goldenrhinos/Dilated%20Peoples%20-%20Annihilation.mp3",
"https://jetsetradio.live/radio/stations/goldenrhinos/Dilated%20Peoples%20-%20Big%20Business%20%28prod%20by%20DJ%20Babu%29.mp3",
"https://jetsetradio.live/radio/stations/goldenrhinos/Dilated%20Peoples%20-%20DJ%20Babu%20In%20Deep%20Concentration.mp3",
"https://jetsetradio.live/radio/stations/goldenrhinos/Dilated%20Peoples%20-%20Marathon%20%28prod%20by%20Alchemist%29.mp3",
"https://jetsetradio.live/radio/stations/goldenrhinos/Dilated%20Peoples%20-%20No%20Retreat%20%28feat%20B-Real%29.mp3",
"https://jetsetradio.live/radio/stations/goldenrhinos/Dilated%20Peoples%20-%20Panic%20%28prod%20by%20The%20Alchemist%29.mp3",
"https://jetsetradio.live/radio/stations/goldenrhinos/Dilated%20Peoples%20-%20Who%27s%20Who.mp3",
"https://jetsetradio.live/radio/stations/goldenrhinos/Dilated%20Peoples%20-%20Work%20The%20Angles.mp3",
"https://jetsetradio.live/radio/stations/goldenrhinos/Dilated%20Peoples%20-%20Worst%20Comes%20to%20Worst.mp3",
"https://jetsetradio.live/radio/stations/goldenrhinos/DJ%20Shadow%20-%20Horror%20Show.mp3",
"https://jetsetradio.live/radio/stations/goldenrhinos/Doseone%20-%202%20Ton%20Can%20of%20Wupass.mp3",
"https://jetsetradio.live/radio/stations/goldenrhinos/Dynamite%20MC%20-%20Bounce.mp3",
"https://jetsetradio.live/radio/stations/goldenrhinos/Earl%20Sweatshirt%20-%20Hive.mp3",
"https://jetsetradio.live/radio/stations/goldenrhinos/Earl%20Sweatshirt%20-%20Orange%20Juice.mp3",
"https://jetsetradio.live/radio/stations/goldenrhinos/Earl%20Sweatshirt%20-%20Wool.mp3",
"https://jetsetradio.live/radio/stations/goldenrhinos/EL-P%20-%20Constellation%20Funk.mp3",
"https://jetsetradio.live/radio/stations/goldenrhinos/EL-P%20-%20Deep%20Space%209mm.mp3",
"https://jetsetradio.live/radio/stations/goldenrhinos/EL-P%20-%20Delorean%20%28Feat%20Aesop%20Rock%20%26%20Ill%20Bill%29.mp3",
"https://jetsetradio.live/radio/stations/goldenrhinos/El-P%20-%20EMG.mp3",
"https://jetsetradio.live/radio/stations/goldenrhinos/El-P%20-%20Run%20the%20Numbers%20%28feat.%20Aesop%20Rock%29.mp3",
"https://jetsetradio.live/radio/stations/goldenrhinos/El-P%20-%20Squeegee%20Man%20Shooting.mp3",
"https://jetsetradio.live/radio/stations/goldenrhinos/EL-P%20-%20Stepfather%20Factory.mp3",
"https://jetsetradio.live/radio/stations/goldenrhinos/Evil%20Nine%20-%20Crooked%20%28ft.%20Aesop%20Rock%29.mp3",
"https://jetsetradio.live/radio/stations/goldenrhinos/Eyedea%20%26%20Abilities%20-%20Big%20Shots.mp3",
"https://jetsetradio.live/radio/stations/goldenrhinos/Eyedea%20%26%20Abilities%20-%20Burn%20Fetish.mp3",
"https://jetsetradio.live/radio/stations/goldenrhinos/First%20Light%20-%20Greetings.mp3",
"https://jetsetradio.live/radio/stations/goldenrhinos/Freestyle%20Fellowship%20-%20Freestyle%20Dedication%20%28Ft%20Supernatural%29.mp3",
"https://jetsetradio.live/radio/stations/goldenrhinos/Freestyle%20Fellowship%20-%20Ghetto%20Youth.mp3",
"https://jetsetradio.live/radio/stations/goldenrhinos/Freestyle%20Fellowship%20-%20Slappy%20The%20Happy%20Killer%20Clown.mp3",
"https://jetsetradio.live/radio/stations/goldenrhinos/Freestyle%20Fellowship%20-%20Temptations.mp3",
"https://jetsetradio.live/radio/stations/goldenrhinos/Fun%20Lovin%20Criminals%20-%20Crime%20and%20Punishment.mp3",
"https://jetsetradio.live/radio/stations/goldenrhinos/Gang%20Starr%20-%20Above%20The%20Clouds.mp3",
"https://jetsetradio.live/radio/stations/goldenrhinos/Gang%20Starr%20-%20Full%20Clip.mp3",
"https://jetsetradio.live/radio/stations/goldenrhinos/Gang%20Starr%20-%20Mass%20Appeal.mp3",
"https://jetsetradio.live/radio/stations/goldenrhinos/Genuine%20Rat%20-%20Holla%20Plum%20Funk.mp3",
"https://jetsetradio.live/radio/stations/goldenrhinos/Ghetto%20Concept%20-%20EZ%20On%20Tha%20Motion.mp3",
"https://jetsetradio.live/radio/stations/goldenrhinos/Goodie%20Mob%2C%20Khujo%20Goodie%20%26%20Outkast%20-%20Gasoline%20Dreams.mp3",
"https://jetsetradio.live/radio/stations/goldenrhinos/Gorillaz%20-%20Let%20Me%20Out%20%28Banx%20%26%20Ranx%20Remix%29.mp3",
"https://jetsetradio.live/radio/stations/goldenrhinos/GZA%20-%20Duel%20Of%20The%20Iron%20Mic.mp3",
"https://jetsetradio.live/radio/stations/goldenrhinos/Hail%20Mary%20Mallon%20-%20Jonathan.mp3",
"https://jetsetradio.live/radio/stations/goldenrhinos/Hail%20Mary%20Mallon%20-%20Krill.mp3",
"https://jetsetradio.live/radio/stations/goldenrhinos/Hail%20Mary%20Mallon%20-%20Whales.mp3",
"https://jetsetradio.live/radio/stations/goldenrhinos/Heiroglyphics%20-%20At%20the%20Helm.mp3",
"https://jetsetradio.live/radio/stations/goldenrhinos/Heiroglyphics%20-%20The%20Who.mp3",
"https://jetsetradio.live/radio/stations/goldenrhinos/High%20and%20Mighty%20-%20B%20Boy%20Document%2099%20%28Feat%20Mos%20Def%20and%20Mad%20Skillz%29.mp3",
"https://jetsetradio.live/radio/stations/goldenrhinos/Holier%20Than%20Thou%20-%20Copywrite.mp3",
"https://jetsetradio.live/radio/stations/goldenrhinos/Ice%20Cube%20-%20Good%20Cop%20Bad%20Cop.mp3",
"https://jetsetradio.live/radio/stations/goldenrhinos/Infinite%20-%20Let%27s%20Get%20It%20On.mp3",
"https://jetsetradio.live/radio/stations/goldenrhinos/Infinite%20-%20Moving%20On.mp3",
"https://jetsetradio.live/radio/stations/goldenrhinos/Infinite%20-%20One%20Day%20%28Radio%20Mix%29.mp3",
"https://jetsetradio.live/radio/stations/goldenrhinos/Infinite%20-%20Take%20A%20Look.mp3",
"https://jetsetradio.live/radio/stations/goldenrhinos/Infinite%20-%20Wise%20Guys.mp3",
"https://jetsetradio.live/radio/stations/goldenrhinos/J%20Cole%20-%20GOMD.mp3",
"https://jetsetradio.live/radio/stations/goldenrhinos/J.I.D%20-%20EdEddnEddy.mp3",
"https://jetsetradio.live/radio/stations/goldenrhinos/Jake%20One%20-%20Trap%20Door%20%28Instrumental%29.mp3",
"https://jetsetradio.live/radio/stations/goldenrhinos/Jalen%20Santoy%20-%20Foreplay.mp3",
"https://jetsetradio.live/radio/stations/goldenrhinos/Jay%20Rock%20-%20Kings%20Dead.mp3",
"https://jetsetradio.live/radio/stations/goldenrhinos/Jay%20Rock%20-%20Vice%20City.mp3",
"https://jetsetradio.live/radio/stations/goldenrhinos/Jedi%20Mind%20Tricks%20-%20151.mp3",
"https://jetsetradio.live/radio/stations/goldenrhinos/Joey%20Badass%20-%20FromdaTomb.mp3",
"https://jetsetradio.live/radio/stations/goldenrhinos/Joey%20Badass%20-%20Paper%20Trails.mp3",
"https://jetsetradio.live/radio/stations/goldenrhinos/Jonwayne%20-%20Trilla%20G.mp3",
"https://jetsetradio.live/radio/stations/goldenrhinos/Jurassic%205%20-%20Ghetto%20Diplomat.mp3",
"https://jetsetradio.live/radio/stations/goldenrhinos/K-os%20-%20Freeze.mp3",
"https://jetsetradio.live/radio/stations/goldenrhinos/KAHN%20%26%20PeriKardium%20-%20Need%20A%20Goth%20Girl.mp3",
"https://jetsetradio.live/radio/stations/goldenrhinos/Kendrick%20Lamar%20-%20Backseat%20Freestyle.mp3",
"https://jetsetradio.live/radio/stations/goldenrhinos/Kendrick%20Lamar%20-%20Kurrupted.mp3",
"https://jetsetradio.live/radio/stations/goldenrhinos/Kendrick%20Lamar%20-%20MAAD%20City.mp3",
"https://jetsetradio.live/radio/stations/goldenrhinos/Kendrick%20Lamar%20-%20Trap%20Lookin.mp3",
"https://jetsetradio.live/radio/stations/goldenrhinos/Killer%20Mike%20-%20Ready%20Set%20Go%20%28Remix%29.mp3",
"https://jetsetradio.live/radio/stations/goldenrhinos/Koi%20Child%20-%20Black%20Panda.mp3",
"https://jetsetradio.live/radio/stations/goldenrhinos/KRS%20One%20-%20MCs%20Act%20Like%20They%20Dont%20Know.mp3",
"https://jetsetradio.live/radio/stations/goldenrhinos/Lil%20Sko%20-%20Miss%20White%20Cocaine.mp3",
"https://jetsetradio.live/radio/stations/goldenrhinos/Logic%20-%20Under%20Pressure.mp3",
"https://jetsetradio.live/radio/stations/goldenrhinos/Lords%20Of%20The%20Underground%20-%20Chief%20Rocka.mp3",
"https://jetsetradio.live/radio/stations/goldenrhinos/Lost%20Sound%20Division%20-%20Starburst%20%282nd%20Master%29.mp3",
"https://jetsetradio.live/radio/stations/goldenrhinos/Lupe%20Fiasco%20-%20Little%20Weapon.mp3",
"https://jetsetradio.live/radio/stations/goldenrhinos/Madvillain%20-%20All%20Caps.mp3",
"https://jetsetradio.live/radio/stations/goldenrhinos/Mathematik%20-%20Better%20By%20The%20Letter.mp3",
"https://jetsetradio.live/radio/stations/goldenrhinos/Method%20Man%20-%20Is%20It%20Me.mp3",
"https://jetsetradio.live/radio/stations/goldenrhinos/Method%20Man%20%26%20Redman%20-%20Ckeka.mp3",
"https://jetsetradio.live/radio/stations/goldenrhinos/Method%20Man%20%26%20Redman%20-%20How%20High%20%28Remix%29.mp3",
"https://jetsetradio.live/radio/stations/goldenrhinos/Method%20Man%20%26%20Redman%20-%20Mi%20Casa.mp3",
"https://jetsetradio.live/radio/stations/goldenrhinos/Method%20Man%20%26%20Redman%20-%20Well%20All%20Rite%20Cha.mp3",
"https://jetsetradio.live/radio/stations/goldenrhinos/Method%20Man%20%26%20Redman%20-%20YOU.mp3",
"https://jetsetradio.live/radio/stations/goldenrhinos/Mick%20Jenkins%20-%20Jazz.mp3",
"https://jetsetradio.live/radio/stations/goldenrhinos/Ming%20FS%20-%20Kings%20County.mp3",
"https://jetsetradio.live/radio/stations/goldenrhinos/Ming%20FS%20feat%20Nafis%20%26%20Karsh%20Kale%20-%20The%20L.mp3",
"https://jetsetradio.live/radio/stations/goldenrhinos/Mobb%20Deep%20-%20Shook%20Ones%20Pt%20II.mp3",
"https://jetsetradio.live/radio/stations/goldenrhinos/Mobb%20Deep%20-%20Survival%20Of%20The%20Fittest.mp3",
"https://jetsetradio.live/radio/stations/goldenrhinos/Mos%20Def%20-%20Auditorium.mp3",
"https://jetsetradio.live/radio/stations/goldenrhinos/Mos%20Def%20And%20Diverse%20-%20Wylin%20Out%20%28RJD2%20Remix%29.mp3",
"https://jetsetradio.live/radio/stations/goldenrhinos/Mos%20Def%20feat%20Pharoahe%20Monch%20%26%20Nate%20Dogg%20-%20Oh%20No.mp3",
"https://jetsetradio.live/radio/stations/goldenrhinos/Mr%20Lif%20-%20Ol%20Crew.mp3",
"https://jetsetradio.live/radio/stations/goldenrhinos/Mystikal%20-%20Danger%20%28Been%20So%20Long%20feat%20Nivea%29.mp3",
"https://jetsetradio.live/radio/stations/goldenrhinos/Nas%20-%20NY%20State%20Of%20Mind.mp3",
"https://jetsetradio.live/radio/stations/goldenrhinos/Nas%20-%20Systematic.mp3",
"https://jetsetradio.live/radio/stations/goldenrhinos/Nas%20-%20The%20World%20Is%20Yours.mp3",
"https://jetsetradio.live/radio/stations/goldenrhinos/Nujabes%20-%20Lyrical%20Terrorists%20%28Street%29.mp3",
"https://jetsetradio.live/radio/stations/goldenrhinos/Ol%20Dirty%20Bastard%20-%20Shimmy%20Shimmy%20Ya.mp3",
"https://jetsetradio.live/radio/stations/goldenrhinos/Onyx%20%26%20Dope%20D.O.D.%20-%20PIRO%20feat.%20Dopey%20Rotten.mp3",
"https://jetsetradio.live/radio/stations/goldenrhinos/Outkast%20-%20Elevators%20%28ONP%2086%20Mix%29.mp3",
"https://jetsetradio.live/radio/stations/goldenrhinos/Outkast%20-%20Ova%20Da%20Wudz.mp3",
"https://jetsetradio.live/radio/stations/goldenrhinos/Outkast%20-%20Reset.mp3",
"https://jetsetradio.live/radio/stations/goldenrhinos/Outkast%20-%20Wheelz%20Of%20Steel.mp3",
"https://jetsetradio.live/radio/stations/goldenrhinos/Party%20Favor%20-%20Whole%20Lotta%20Money%20%28feat%20Rich%20The%20Kid%29.mp3",
"https://jetsetradio.live/radio/stations/goldenrhinos/Pharoahe%20Monch%20-%20Simon%20Says.mp3",
"https://jetsetradio.live/radio/stations/goldenrhinos/Pigeon%20John%20-%20Boomerang.mp3",
"https://jetsetradio.live/radio/stations/goldenrhinos/Pusha%20T%20-%20Trouble%20On%20My%20Mind.mp3",
"https://jetsetradio.live/radio/stations/goldenrhinos/Raekwon%20-%20Still%20Strugglin.mp3",
"https://jetsetradio.live/radio/stations/goldenrhinos/Rahzel%20-%20All%20I%20Know.mp3",
"https://jetsetradio.live/radio/stations/goldenrhinos/Rakaa%20-%20Mezcal.mp3",
"https://jetsetradio.live/radio/stations/goldenrhinos/Rakaa%20Iriscience%20-%20Human%20Nature%20%28Now%20Breathe%20feat%20KRS%20One%29.mp3",
"https://jetsetradio.live/radio/stations/goldenrhinos/Rav%20-%20Abandoned%20ft%20Kill%20Bill.mp3",
"https://jetsetradio.live/radio/stations/goldenrhinos/Redman%20-%20Cisco%20Kid.mp3",
"https://jetsetradio.live/radio/stations/goldenrhinos/RJD2%20-%205%20Left%20In%20The%20Clip%20Remix%20Dirty%20Weathermen.mp3",
"https://jetsetradio.live/radio/stations/goldenrhinos/RJD2%20-%20FHH%20%28Instrumental%29.mp3",
"https://jetsetradio.live/radio/stations/goldenrhinos/RJD2%20-%20Final%20Frontier%20%28Remix%29.mp3",
"https://jetsetradio.live/radio/stations/goldenrhinos/RJD2%20-%20Look%20Of%20Pain%20%28Instrumental%29.mp3",
"https://jetsetradio.live/radio/stations/goldenrhinos/RJD2%20-%20Lucifer%20%28Soul%20Position%20Survivor%29.mp3",
"https://jetsetradio.live/radio/stations/goldenrhinos/RJD2%20-%20Mic%20Control%20Soul%20Position.mp3",
"https://jetsetradio.live/radio/stations/goldenrhinos/RJD2%20-%20Run%20%28Feat%20Soul%20Position%29.mp3",
"https://jetsetradio.live/radio/stations/goldenrhinos/RJD2%20-%20Survival%20%28feat%20Greenhouse%20Effect%29.mp3",
"https://jetsetradio.live/radio/stations/goldenrhinos/RJD2%20-%20Survival%20%28Instrumental%29.mp3",
"https://jetsetradio.live/radio/stations/goldenrhinos/RJD2%20-%20Threat%20%28Soul%20Position%20Run%29.mp3",
"https://jetsetradio.live/radio/stations/goldenrhinos/RJD2%20-%20Weather%20People.mp3",
"https://jetsetradio.live/radio/stations/goldenrhinos/Roots%20Manuva%20-%20Join%20The%20Dots%20%28feat%20Chali%202na%29.mp3",
"https://jetsetradio.live/radio/stations/goldenrhinos/Roots%20Manuva%20-%20Witness%20%281%20Hope%29.mp3",
"https://jetsetradio.live/radio/stations/goldenrhinos/Run%20The%20Jewels%20-%20Legend%20Has%20It.mp3",
"https://jetsetradio.live/radio/stations/goldenrhinos/Run%20The%20Jewels%20-%20Oh%20Mama.mp3",
"https://jetsetradio.live/radio/stations/goldenrhinos/Run%20The%20Jewels%20-%20Panther%20Like%20a%20Panther%20%28Miracle%20Mix%20feat%20Trina%29.mp3",
"https://jetsetradio.live/radio/stations/goldenrhinos/Saba%20-%20Westide%20Bound%203.mp3",
"https://jetsetradio.live/radio/stations/goldenrhinos/Sabac%20-%20Organize.mp3",
"https://jetsetradio.live/radio/stations/goldenrhinos/Schoolboy%20Q%20-%20Collard%20Greens.mp3",
"https://jetsetradio.live/radio/stations/goldenrhinos/Schoolboy%20Q%20-%20Man%20Of%20The%20Year.mp3",
"https://jetsetradio.live/radio/stations/goldenrhinos/Schoolboy%20Q%20-%20THat%20part%20%28Black%20HIppy%20Remix%29.mp3",
"https://jetsetradio.live/radio/stations/goldenrhinos/Sergio%20Mendes%20ft%20Will%20I%20Am%20and%20Chali%202na%20-%20Yes%20Yes%20Y%27all.mp3",
"https://jetsetradio.live/radio/stations/goldenrhinos/Shelly%20Knicks%20-%20Bugatti%20Jet.mp3",
"https://jetsetradio.live/radio/stations/goldenrhinos/Shelly%20Knicks%20-%20Fresh%20Squeezed.mp3",
"https://jetsetradio.live/radio/stations/goldenrhinos/Shelly%20Knicks%20-%20Internet%20Rapper.mp3",
"https://jetsetradio.live/radio/stations/goldenrhinos/Shelly%20Knicks%20-%20Rabbit%20Holes.mp3",
"https://jetsetradio.live/radio/stations/goldenrhinos/Shelly%20Knicks%20-%20Windows%2095.mp3",
"https://jetsetradio.live/radio/stations/goldenrhinos/Slaughterhouse%20-%20Sound%20Off.mp3",
"https://jetsetradio.live/radio/stations/goldenrhinos/Snoop%20Dogg%20-%20Serial%20Killa.mp3",
"https://jetsetradio.live/radio/stations/goldenrhinos/Sore%20Losers%20-%20Murs.mp3",
"https://jetsetradio.live/radio/stations/goldenrhinos/Soul%20Position%20-%20Inhale.mp3",
"https://jetsetradio.live/radio/stations/goldenrhinos/Soul%20Position%20-%20Look%20of%20Pain.mp3",
"https://jetsetradio.live/radio/stations/goldenrhinos/SpookyDaGhost%20-%20Woke%20Up%20In%20A%20Grave.mp3",
"https://jetsetradio.live/radio/stations/goldenrhinos/Supernatural%20-%20Victory%20%28feat%20Wildchild%29.mp3",
"https://jetsetradio.live/radio/stations/goldenrhinos/Supernatural%20-%20Work%20It%20Out.mp3",
"https://jetsetradio.live/radio/stations/goldenrhinos/Swollen%20Members%20-%20Swamp%20Members.mp3",
"https://jetsetradio.live/radio/stations/goldenrhinos/Talib%20Kweli%20-%20Subway%20Surfing.mp3",
"https://jetsetradio.live/radio/stations/goldenrhinos/Techno%20Animal%20-%20Megaton%20%28Deadverse%20remix%29.mp3",
"https://jetsetradio.live/radio/stations/goldenrhinos/Tha%20Alkaholics%20-%20Last%20Call.mp3",
"https://jetsetradio.live/radio/stations/goldenrhinos/Tha%20Alkaholiks%20-%20DAAAM.mp3",
"https://jetsetradio.live/radio/stations/goldenrhinos/Tha%20Alkaholiks%20-%20Let%20It%20Out.mp3",
"https://jetsetradio.live/radio/stations/goldenrhinos/Tha%20Alkaholiks%20-%20The%20Next%20Level.mp3",
"https://jetsetradio.live/radio/stations/goldenrhinos/The%20Beatnuts%20-%20Off%20The%20Books%20%28Feat%20Big%20Pun%20%26%20Cuban%20Link%29.mp3",
"https://jetsetradio.live/radio/stations/goldenrhinos/The%20Beatnuts%20-%20Se%20Acabo%20remix%20%28ft%20Method%20Man%29.mp3",
"https://jetsetradio.live/radio/stations/goldenrhinos/The%20Beatnuts%20-%20Watch%20Out%20Now.mp3",
"https://jetsetradio.live/radio/stations/goldenrhinos/The%20Cool%20Kids%20-%20What%20It%20Is.mp3",
"https://jetsetradio.live/radio/stations/goldenrhinos/The%20Grouch%20%26%20Eligh%20-%20Sign%20Of%20The%20Times.mp3",
"https://jetsetradio.live/radio/stations/goldenrhinos/The%20High%20%26%20Mighty%20-%20Top%20Prospects%20%28feat%20Evidence%20%26%20Defari%29.mp3",
"https://jetsetradio.live/radio/stations/goldenrhinos/The%20Perceptionists%20-%20Party%20Hard%20%28feat%20Guru%20%26%20Camutao%29.mp3",
"https://jetsetradio.live/radio/stations/goldenrhinos/The%20Perceptionists%20-%20People%204%20Prez.mp3",
"https://jetsetradio.live/radio/stations/goldenrhinos/Tony%20Touch%20-%20G%27z%20Up%20%28feat%20Doo%20Wop%29.mp3",
"https://jetsetradio.live/radio/stations/goldenrhinos/U%20God%20-%20Magnum%20Force.mp3",
"https://jetsetradio.live/radio/stations/goldenrhinos/Unknown%20-%20Call%20It%20What%20You%20Want.mp3",
"https://jetsetradio.live/radio/stations/goldenrhinos/Viktor%20Vaughn%20-%20Pop%20Quiz%20%28Extra%20Credit%20Remix%29.mp3",
"https://jetsetradio.live/radio/stations/goldenrhinos/Vince%20Staples%20-%20745.mp3",
"https://jetsetradio.live/radio/stations/goldenrhinos/Vince%20Staples%20-%20BagBak.mp3",
"https://jetsetradio.live/radio/stations/goldenrhinos/Vince%20Staples%20-%20Hands%20Up.mp3",
"https://jetsetradio.live/radio/stations/goldenrhinos/Vince%20Staples%20-%20Opps.mp3",
"https://jetsetradio.live/radio/stations/goldenrhinos/Vince%20Staples%20-%20Pimp%20Hand.mp3",
"https://jetsetradio.live/radio/stations/goldenrhinos/Vince%20Staples%20-%20Street%20Punks.mp3",
"https://jetsetradio.live/radio/stations/goldenrhinos/Vince%20Staples%20-%20Yeah%20Right.mp3",
"https://jetsetradio.live/radio/stations/goldenrhinos/Warped%20Wax%20-%20Eyedea.mp3",
"https://jetsetradio.live/radio/stations/goldenrhinos/Water%20Damage%20Mix%20-%20Spark%20RJD2%20Souls%20Of%20Mischief.mp3",
"https://jetsetradio.live/radio/stations/goldenrhinos/Weathermen%20-%20Where%20I%20Wanna%20Be.mp3",
"https://jetsetradio.live/radio/stations/goldenrhinos/Westside%20Connection%20-%20The%20Gangsta%20The%20Killa%20And%20The%20Dope%20Dealer.mp3",
"https://jetsetradio.live/radio/stations/goldenrhinos/Will%20I%20Am%20-%20Money.mp3",
"https://jetsetradio.live/radio/stations/goldenrhinos/Xavier%20Wulf%20-%20The%20Hollow%20Squad.mp3",
"https://jetsetradio.live/radio/stations/goldenrhinos/Xzibit%20-%20LAX.mp3",
"https://jetsetradio.live/radio/stations/goldenrhinos/Zion%201%20-%20Trippin.mp3",
