ganjah,
"https://jetsetradio.live/radio/stations/ganjah/Aidonia%20-%20Fi%20di%20Jockey.mp3",
"https://jetsetradio.live/radio/stations/ganjah/Alborosie%20-%20Kingston%20Town.mp3",
"https://jetsetradio.live/radio/stations/ganjah/Barrington%20Levy%20-%20Black%20Roses.mp3",
"https://jetsetradio.live/radio/stations/ganjah/Barrington%20Levy%20-%20Here%20I%20Come.mp3",
"https://jetsetradio.live/radio/stations/ganjah/Barrington%20Levy%20-%20Robber%20Man.mp3",
"https://jetsetradio.live/radio/stations/ganjah/Barrington%20Levy%20-%20Under%20My%20Sensi.mp3",
"https://jetsetradio.live/radio/stations/ganjah/Barry%20Brown%20-%20Sensemilla.mp3",
"https://jetsetradio.live/radio/stations/ganjah/Blessed%20-%20Love.mp3",
"https://jetsetradio.live/radio/stations/ganjah/Bob%20Marley%20And%20The%20Wailers%20-%20Sun%20Is%20Shining%20%28Yes%20King%20Remix%29.mp3",
"https://jetsetradio.live/radio/stations/ganjah/Burning%20Spear%20-%20Freeman.mp3",
"https://jetsetradio.live/radio/stations/ganjah/Capleton%20-%20That%20Day%20Will%20Come.mp3",
"https://jetsetradio.live/radio/stations/ganjah/Charly%20Black%20-%20Wine%20And%20Kotch%20%28Feat.%20J%20Capri%29.mp3",
"https://jetsetradio.live/radio/stations/ganjah/Collie%20Buddz%20-%20Blind%20to%20You.mp3",
"https://jetsetradio.live/radio/stations/ganjah/Collie%20Buddz%20-%20Come%20Around.mp3",
"https://jetsetradio.live/radio/stations/ganjah/Collie%20Buddz%20-%20Movin%20On.mp3",
"https://jetsetradio.live/radio/stations/ganjah/Collie%20Buddz%20-%20Sensimillia.mp3",
"https://jetsetradio.live/radio/stations/ganjah/Collie%20Buddz%20-%20Tomorrows%20Another%20Day.mp3",
"https://jetsetradio.live/radio/stations/ganjah/Cutty%20Ranks%20-%20Who%20Say%20Me%20Dun.mp3",
"https://jetsetradio.live/radio/stations/ganjah/Damian%20Marley%20-%20Catch%20A%20Fire.mp3",
"https://jetsetradio.live/radio/stations/ganjah/Damian%20Marley%20-%20Everybody%20Wants%20To%20Be%20Somebody.mp3",
"https://jetsetradio.live/radio/stations/ganjah/Damian%20Marley%20-%20It%20Was%20Written%20%28Feat.%20Stephen%20Marley%2C%20Capleton%20And%20Drag-On%29.mp3",
"https://jetsetradio.live/radio/stations/ganjah/Damian%20Marley%20-%20Medication%20%28feat.%20Stephen%20Marley%29.mp3",
"https://jetsetradio.live/radio/stations/ganjah/Damian%20Marley%20-%20Pimpas%20Paradise%20%28Feat.%20Stephen%20Marley%20And%20Black%20Thought%29.mp3",
"https://jetsetradio.live/radio/stations/ganjah/Damian%20Marley%20-%20Stand%20A%20Chance.mp3",
"https://jetsetradio.live/radio/stations/ganjah/Damian%20Marley%20-%20The%20Master%20Has%20Come%20Back.mp3",
"https://jetsetradio.live/radio/stations/ganjah/Damian%20Marley%20-%20Welcome%20To%20Jamrock.mp3",
"https://jetsetradio.live/radio/stations/ganjah/Damian%20Marley%20And%20Dillnja%20-%20Twist%20Em%20Out%20vs.%20Welcome%20to%20Jamrock%20%28Freestylegames%20Remix%29.mp3",
"https://jetsetradio.live/radio/stations/ganjah/Damian%20Marley%20And%20Walter%20Murphy%20-%20Welcome%20to%20Jamrock%20vs.%20A%20Fifth%20of%20Beethoven%20%28RZA%20Remix%29.mp3",
"https://jetsetradio.live/radio/stations/ganjah/Eek-A-Mouse%20-%20Ganja%20Smuggling.mp3",
"https://jetsetradio.live/radio/stations/ganjah/Eek-A-Mouse%20-%20Some%20A%20Holla.%20Some%20A%20Bawl.mp3",
"https://jetsetradio.live/radio/stations/ganjah/Eek-A-Mouse%20-%20The%20Mouse%20And%20The%20Man.mp3",
"https://jetsetradio.live/radio/stations/ganjah/Fortunate%20Youth%20-%20Burn%20One.mp3",
"https://jetsetradio.live/radio/stations/ganjah/Gorillaz%20-%20Saturnz%20Barz%20%28Banx%20%26%20Ranx%20Remix%29.mp3",
"https://jetsetradio.live/radio/stations/ganjah/Gorillaz%20-%20Saturnz%20Barz%20%28Cadenza%20Remix%29%20%5Bfeat.%20Popcaan%2C%20Assassin%2C%20Mad%20Cobra%2C%20Teddy%20Bruckshot%20%26%20Killa%20P%5D.mp3",
"https://jetsetradio.live/radio/stations/ganjah/Gregory%20Isaacs%20-%20Night%20Nurse.mp3",
"https://jetsetradio.live/radio/stations/ganjah/Gyptian%20-%20All%20On%20Me.mp3",
"https://jetsetradio.live/radio/stations/ganjah/Ini%20Kamoze%20-%20World%20A%20Reggae%20%28Out%20In%20The%20Street%20They%20Call%20It%20Murder%29.mp3",
"https://jetsetradio.live/radio/stations/ganjah/John%20Holt%20-%20Police%20In%20Helicopter.mp3",
"https://jetsetradio.live/radio/stations/ganjah/Julian%20Marley%20-%20Things%20Aint%20Cool.mp3",
"https://jetsetradio.live/radio/stations/ganjah/KONSHENS%20-%20Gal%20A%20Bubble.mp3",
"https://jetsetradio.live/radio/stations/ganjah/Konshens%20-%20Stop%20Sign.mp3",
"https://jetsetradio.live/radio/stations/ganjah/Konshens%20-%20Walk%20and%20Wine%20%28Gal%20a%20Bubble%203%29.mp3",
"https://jetsetradio.live/radio/stations/ganjah/Mad%20Professor%20-%20Afrocentric%20Dub%20Version%202.mp3",
"https://jetsetradio.live/radio/stations/ganjah/Mad%20Professor%20-%20Afrocentric%20Dub.mp3",
"https://jetsetradio.live/radio/stations/ganjah/Madavo%20-%20Bad%20Anytime.mp3",
"https://jetsetradio.live/radio/stations/ganjah/Marlon%20Asher%20-%20Ganja%20Farmer.mp3",
"https://jetsetradio.live/radio/stations/ganjah/Mavado%20-%20Settle%20Down.mp3",
"https://jetsetradio.live/radio/stations/ganjah/Max%20Romeo%20And%20The%20Upsetters%20-%20Chase%20The%20Devil.mp3",
"https://jetsetradio.live/radio/stations/ganjah/Pepper%20-%20Stone%20Love.mp3",
"https://jetsetradio.live/radio/stations/ganjah/Popcaan%20-%20Ova%20Dweet.mp3",
"https://jetsetradio.live/radio/stations/ganjah/Popcaan%20-%20Unruly%20Party.mp3",
"https://jetsetradio.live/radio/stations/ganjah/Popcaan%20-%20When%20Mi%20Party.mp3",
"https://jetsetradio.live/radio/stations/ganjah/Protoje%20feat%20Mortimer%20-%20Protection.mp3",
"https://jetsetradio.live/radio/stations/ganjah/Rebelution%20-%20So%20High.mp3",
"https://jetsetradio.live/radio/stations/ganjah/Sister%20Nancy%20-%20Bam%20Bam.mp3",
"https://jetsetradio.live/radio/stations/ganjah/Sizzla%20-%20Smoke%20Marijuana.mp3",
"https://jetsetradio.live/radio/stations/ganjah/Sizzla%20-%20Solid%20As%20A%20Rock.mp3",
"https://jetsetradio.live/radio/stations/ganjah/Skrillex%20And%20Damian%20Marley%20-%20Make%20It%20Bun%20Dem.mp3",
"https://jetsetradio.live/radio/stations/ganjah/Slightly%20Stoopid%20-%20Anywhere%20I%20Go.mp3",
"https://jetsetradio.live/radio/stations/ganjah/Slightly%20Stoopid%20-%20Basher.mp3",
"https://jetsetradio.live/radio/stations/ganjah/Slightly%20Stoopid%20-%20Fat%20Spliffs.mp3",
"https://jetsetradio.live/radio/stations/ganjah/Slightly%20Stoopid%20-%20No%20Cocaine.mp3",
"https://jetsetradio.live/radio/stations/ganjah/Slightly%20Stoopid%20-%20This%20Joint.mp3",
"https://jetsetradio.live/radio/stations/ganjah/Sojah%20-%20So%20High.mp3",
"https://jetsetradio.live/radio/stations/ganjah/Spice%20-%20So%20Mi%20Like%20It.mp3",
"https://jetsetradio.live/radio/stations/ganjah/Steel%20Pulse%20-%20Lego%20Beast.mp3",
"https://jetsetradio.live/radio/stations/ganjah/Steel%20Pulse%20-%20Worth%20His%20Weight%20in%20Gold.mp3",
"https://jetsetradio.live/radio/stations/ganjah/Steel%20Pulse%20-%20Your%20House.mp3",
"https://jetsetradio.live/radio/stations/ganjah/Stefflon%20Don%20-%20Hurtin%27%20Me%20%28Feat.%20French%20Montana%29.mp3",
"https://jetsetradio.live/radio/stations/ganjah/Stephen%20Marley%20-%20Chase%20Dem.mp3",
"https://jetsetradio.live/radio/stations/ganjah/Stephen%20Marley%20-%20Hey%20Baby%20%28Feat.%20Mos%20Def%29.mp3",
"https://jetsetradio.live/radio/stations/ganjah/Stephen%20Marley%20-%20Jah%20Army%20%28Feat.%20Damian%20Marley%20And%20Buju%20Banton%29.mp3",
"https://jetsetradio.live/radio/stations/ganjah/Stephen%20Marley%20-%20Lonely%20Avenue.mp3",
"https://jetsetradio.live/radio/stations/ganjah/Stephen%20Marley%20-%20Mind%20Control.mp3",
"https://jetsetradio.live/radio/stations/ganjah/Stick%20Figure%20%20Smokin%20Love%20%28feat.%20Collie%20Buddz%29.mp3",
"https://jetsetradio.live/radio/stations/ganjah/The%20Devastators%20-%20Dub%20of%20Woe.mp3",
"https://jetsetradio.live/radio/stations/ganjah/Thievery%20Corporation%20-%20The%20Outernationalist%20%28Thievery%20Corporation%20Remix%29.mp3",
"https://jetsetradio.live/radio/stations/ganjah/Thievery%20Corporation%20-%20Treasures%20%28Feat.%20Brother%20Jack%29.mp3",
"https://jetsetradio.live/radio/stations/ganjah/Toots%20And%20The%20Maytals%20-%20Time%20Tough.mp3",
"https://jetsetradio.live/radio/stations/ganjah/Tribal%20Seeds%20-%20All%20I%20Know.mp3",
"https://jetsetradio.live/radio/stations/ganjah/Tribal%20Seeds%20-%20Island%20Girl.mp3",
"https://jetsetradio.live/radio/stations/ganjah/Tribal%20Seeds%20-%20The%20Garden.mp3",
"https://jetsetradio.live/radio/stations/ganjah/Vybz%20Kartel%20-%20Clarks%20%28Feat.%20Popcaan%20And%20Gaza%20Slim%29.mp3",
"https://jetsetradio.live/radio/stations/ganjah/Vybz%20Kartel%20-%20Fever.mp3",
"https://jetsetradio.live/radio/stations/ganjah/Vybz%20Kartel%20-%20Turn%20And%20Wine.mp3",
"https://jetsetradio.live/radio/stations/ganjah/Will%20Smith%20-%20Switch%20%28Elephant%20Man%20Remix%29.mp3",
"https://jetsetradio.live/radio/stations/ganjah/ZIggy%20Marley%20-%20All%20Day%20All%20Night%20%28Feat.%20The%20Melody%20Makers%29.mp3",
"https://jetsetradio.live/radio/stations/ganjah/Ziggy%20Marley%20-%20Beach%20In%20Hawaii.mp3",
