siivagunner,
"https://jetsetradio.live/radio/stations/siivagunner/A.%20Fortnite%20-%2088811.mp3",
"https://jetsetradio.live/radio/stations/siivagunner/A.%20Fortnite%20-%20GINGA%20FORCE%20IV.mp3",
"https://jetsetradio.live/radio/stations/siivagunner/A.%20Fortnite%20-%20wood%20man%20force%204.mp3",
"https://jetsetradio.live/radio/stations/siivagunner/Ahmaykmewsik%20-%20Executioner%20%28K%20MIX%29.mp3",
"https://jetsetradio.live/radio/stations/siivagunner/Ahmaykmewsik%20-%20He%27s%20a%20Family%20Guy.mp3",
"https://jetsetradio.live/radio/stations/siivagunner/Ahmaykmewsik%20-%20K.K.%20Groove-a-Numa%20ft.%20Isabelle.mp3",
"https://jetsetradio.live/radio/stations/siivagunner/Ahmaykmewsik%20-%20Pumpkin%20Hill%20feat.%20DJ%20Professor%20K.mp3",
"https://jetsetradio.live/radio/stations/siivagunner/Ahmaykmewsik%20-%20Pumpkin%20Hill%20ft.%20DJ%20Professor%20K%20%28Instrumental%29.mp3",
"https://jetsetradio.live/radio/stations/siivagunner/Ahmaykmewsik%20-%20Rise.mp3",
"https://jetsetradio.live/radio/stations/siivagunner/Ahmaykmewsik%20-%20This%20is%20M0st%20DisturbiNg.mp3",
"https://jetsetradio.live/radio/stations/siivagunner/beardfear%20-%20Sega%27s%20answer%20to%20Super%20Mario%20Bros.mp3",
"https://jetsetradio.live/radio/stations/siivagunner/beardfear%20-%20The%20Lucky%20Dime%20Caper%20Starring%20Cuphead%20and%20Mugman.mp3",
"https://jetsetradio.live/radio/stations/siivagunner/Beat%20ft.%20DJ%20Professor%20K%20-%20i%20said%20it%20before%20and%20i%27ll%20say%20it%20again.mp3",
"https://jetsetradio.live/radio/stations/siivagunner/Blue9Fairy%20-%20Herbing%20the%20Cockline.mp3",
"https://jetsetradio.live/radio/stations/siivagunner/Blue9Fairy%20-%20Take%20a%20Space%20Walk.mp3",
"https://jetsetradio.live/radio/stations/siivagunner/Bruh%20de%20la%20Boi%20-%20dreaming%20about%20beating%20dj%20professor%20k.%20to%20death%20tomorrow.mp3",
"https://jetsetradio.live/radio/stations/siivagunner/cazsu%20-%20DE%20LOVEHAZARD%20%28Loveless%20RMX%29.mp3",
"https://jetsetradio.live/radio/stations/siivagunner/ChickenSuitGuy%20-%20Absolute%20Scratchin%27.mp3",
"https://jetsetradio.live/radio/stations/siivagunner/ChickenSuitGuy%20-%20AIN%27T%20NOTHIN%27%20LIKE%20A%20CHUNKY%20BEAT.mp3",
"https://jetsetradio.live/radio/stations/siivagunner/ChickenSuitGuy%20-%20Credits%20-%20Sega%20Bass%20Funny.mp3",
"https://jetsetradio.live/radio/stations/siivagunner/ChickenSuitGuy%20-%20DEAD%20GROOVE%20SHAKE%20%232.mp3",
"https://jetsetradio.live/radio/stations/siivagunner/ChickenSuitGuy%20-%20Ska%20Cha%20Cha%20%28Rotten%20Mix%29.mp3",
"https://jetsetradio.live/radio/stations/siivagunner/ChickenSuitGuy%20-%20Tail%20My%20Pussy.mp3",
"https://jetsetradio.live/radio/stations/siivagunner/ChickenSuitGuy%2C%20Felicia%20-%20SURROUNDIN%27%20RUU.mp3",
"https://jetsetradio.live/radio/stations/siivagunner/ChickenSuitGuy%2C%20MLPFun%20-%20Trapped%20in%20Black.mp3",
"https://jetsetradio.live/radio/stations/siivagunner/ChristopherLry%20-%20Baku%20Baku%20Nutshack.mp3",
"https://jetsetradio.live/radio/stations/siivagunner/ChristopherLry%20-%20The%20Doraemon%20Do.mp3",
"https://jetsetradio.live/radio/stations/siivagunner/COCONABE%20-%204%C3%A5%C2%B8%C2%BD%C3%A5%C2%AD%EF%BF%BD%20%282019%20remaster%29.mp3",
"https://jetsetradio.live/radio/stations/siivagunner/COCONABE%20-%20AIN%27T%20NOTHIN%27%20LIKE%20A%20FUNKY%20DANGER.mp3",
"https://jetsetradio.live/radio/stations/siivagunner/COCONABE%20-%20Angel%20of%20the%20Beach.mp3",
"https://jetsetradio.live/radio/stations/siivagunner/COCONABE%20-%20BIONICLE%20Bassline.mp3",
"https://jetsetradio.live/radio/stations/siivagunner/COCONABE%20-%20Brick%202%20Brick.mp3",
"https://jetsetradio.live/radio/stations/siivagunner/COCONABE%20-%20Bring%20It%20On.mp3",
"https://jetsetradio.live/radio/stations/siivagunner/COCONABE%20-%20Golfman.mp3",
"https://jetsetradio.live/radio/stations/siivagunner/COCONABE%20-%20Korone%20Ball%20Breakers.mp3",
"https://jetsetradio.live/radio/stations/siivagunner/COCONABE%20-%20Let%20the%20Saint%20Sleep.mp3",
"https://jetsetradio.live/radio/stations/siivagunner/COCONABE%20-%20SO%20FUNKY%20NOW.mp3",
"https://jetsetradio.live/radio/stations/siivagunner/COCONABE%20-%20Streets%20of%20Hydrocity.mp3",
"https://jetsetradio.live/radio/stations/siivagunner/COCONABE%20-%20The%20Legend%20of%20Bionicle.mp3",
"https://jetsetradio.live/radio/stations/siivagunner/COCONABE%20-%20Tokyo%20Speedrun.mp3",
"https://jetsetradio.live/radio/stations/siivagunner/cookiefonster%20-%20fireflies%20is%20a%20song%20about%20nights%20and%20dreams.mp3",
"https://jetsetradio.live/radio/stations/siivagunner/cookiefonster%20-%20Graffiti%20Canyon.mp3",
"https://jetsetradio.live/radio/stations/siivagunner/Cryptrik%20-%20Artificial%20Amateurs.mp3",
"https://jetsetradio.live/radio/stations/siivagunner/Cryptrik%20-%20Blading%20These%20Streets.mp3",
"https://jetsetradio.live/radio/stations/siivagunner/Cryptrik%20-%20Dirty%20Data%20Dealers%20%28Done%20Dirt%20Cheap%29.mp3",
"https://jetsetradio.live/radio/stations/siivagunner/Cryptrik%20-%20Mambo%20Circus.mp3",
"https://jetsetradio.live/radio/stations/siivagunner/CrystalForce%20-%20That%27s%20Enough%2C%20I%20Just%20Came%20Here%20to%20Bounce.mp3",
"https://jetsetradio.live/radio/stations/siivagunner/CrystalForce%20%26%20NutellaFrenchToast%20-%20The%20Concept%20of%20Plastic%20Love.mp3",
"https://jetsetradio.live/radio/stations/siivagunner/CrystalForce%2C%20Dead%20Line%20-%20when%20the%20beat%20kicks%20youll%20shit%20brix.mp3",
"https://jetsetradio.live/radio/stations/siivagunner/dante%20-%20DOUBLE%20DECKER.mp3",
"https://jetsetradio.live/radio/stations/siivagunner/dante%20ft.%20Charles%20Ritz%20-%20Neon%20Nights%20%28LIGHTS%20UP%20EVOLUTION%20MIX%29.mp3",
"https://jetsetradio.live/radio/stations/siivagunner/Dead%20Line%20-%20Pressure%20Panic%20Station.mp3",
"https://jetsetradio.live/radio/stations/siivagunner/Dead%20Line%20-%20Sean%20Kingston%20-%20Touch%20and%20Roll.mp3",
"https://jetsetradio.live/radio/stations/siivagunner/digboy%20-%20Funk%20Goes%20On%20%28Funk%27d%20Up%20Mix%29.mp3",
"https://jetsetradio.live/radio/stations/siivagunner/digboy%20-%20Graceful%20Bombs%20Over%20Bathrooms.mp3",
"https://jetsetradio.live/radio/stations/siivagunner/digboy%20-%20HANDS%20UP%20HIGH.mp3",
"https://jetsetradio.live/radio/stations/siivagunner/digboy%20-%20Highway%20Couture.mp3",
"https://jetsetradio.live/radio/stations/siivagunner/digboy%20-%20Night%20Crew.mp3",
"https://jetsetradio.live/radio/stations/siivagunner/digboy%20-%20Sweet%20Soul%20Skank.mp3",
"https://jetsetradio.live/radio/stations/siivagunner/digboy%20-%20The%20Sound%20%28Rude%20Lee%20Remix%29.mp3",
"https://jetsetradio.live/radio/stations/siivagunner/DJ%20Professor%20K%20-%20What%20redbone%20would%20sound%20like%20if%20it%20was%20my%20longest%20jet%20set%20radio%20ever.mp3",
"https://jetsetradio.live/radio/stations/siivagunner/DM%20DOKURO%20and%20Chase%20-%20September.mp3",
"https://jetsetradio.live/radio/stations/siivagunner/duuzu%20-%2024%20Hours%20%28Instrumental%29.mp3",
"https://jetsetradio.live/radio/stations/siivagunner/duuzu%20-%2024%20Hours.mp3",
"https://jetsetradio.live/radio/stations/siivagunner/duuzu%20-%20Blow%20My%20Speakers%20Up.mp3",
"https://jetsetradio.live/radio/stations/siivagunner/duuzu%20-%20Celebrate%20What%20You%20Praise.mp3",
"https://jetsetradio.live/radio/stations/siivagunner/duuzu%20-%20Dragulas%20%28Funny%20Mix%29.mp3",
"https://jetsetradio.live/radio/stations/siivagunner/duuzu%20-%20Dragulas.mp3",
"https://jetsetradio.live/radio/stations/siivagunner/duuzu%20-%20Electric%20Loss%20Brush.mp3",
"https://jetsetradio.live/radio/stations/siivagunner/duuzu%20-%20Everybody%27s%20Jumping%20Around.mp3",
"https://jetsetradio.live/radio/stations/siivagunner/duuzu%20-%20FUNKY%20RENTAL.mp3",
"https://jetsetradio.live/radio/stations/siivagunner/duuzu%20-%20Something%20For%20Your%20Mind.mp3",
"https://jetsetradio.live/radio/stations/siivagunner/duuzu%20-%20Teknopathetologic.mp3",
"https://jetsetradio.live/radio/stations/siivagunner/eg_9371%20-%20AIN%27T%20NOTHIN%27%20LIKE%20A%20FUNKY%20STREET.mp3",
"https://jetsetradio.live/radio/stations/siivagunner/eg_9371%20-%20Did%20you%20know%20that%20taxis%20are%20affected%20by%20gravity.mp3",
"https://jetsetradio.live/radio/stations/siivagunner/eg_9371%20-%20DREAMS%20CAN%20SAVE%20U.mp3",
"https://jetsetradio.live/radio/stations/siivagunner/eg_9371%20-%20Ice%20Shop.mp3",
"https://jetsetradio.live/radio/stations/siivagunner/eg_9371%20-%20Ska%20Cha%20Slide.mp3",
"https://jetsetradio.live/radio/stations/siivagunner/eg_9371%20-%20StreetMan%20Rush.mp3",
"https://jetsetradio.live/radio/stations/siivagunner/eg_9371%20-%20Streets%20of%20Sadeness.mp3",
"https://jetsetradio.live/radio/stations/siivagunner/eg_9371%20-%20The%20End%20of%20Thunder%20Force%20IV.mp3",
"https://jetsetradio.live/radio/stations/siivagunner/eg_9371%20-%20The%20HyperZone.mp3",
"https://jetsetradio.live/radio/stations/siivagunner/Emm%20Bee%20Sea%20-%20Best%202%20Best%20%28JP%20Version%29.mp3",
"https://jetsetradio.live/radio/stations/siivagunner/Emm%20Bee%20Sea%20-%20Blaze%27s%20Pinball.mp3",
"https://jetsetradio.live/radio/stations/siivagunner/Emotional%20Snail%20-%20David%20Goes%20To%20Hobart%20Drive.mp3",
"https://jetsetradio.live/radio/stations/siivagunner/Emotional%20Snail%20-%20Flyday%20Fantasy%20Zone.mp3",
"https://jetsetradio.live/radio/stations/siivagunner/Emotional%20Snail%20-%20Frick%20The%20Beat%20%28Cant%20swear%20mom%20will%20be%20mad%29.mp3",
"https://jetsetradio.live/radio/stations/siivagunner/Emotional%20Snail%20-%20It%20kinda%20sounds%20like%20Megalovania..mp3",
"https://jetsetradio.live/radio/stations/siivagunner/Emotional%20Snail%20and%20various%20-%20Bowflex%20for%20the%2026th%20Century.mp3",
"https://jetsetradio.live/radio/stations/siivagunner/Ethan64Music%20-%20Harder%20to%20Breathe%20in%20this%20Blizzard.mp3",
"https://jetsetradio.live/radio/stations/siivagunner/Ethan64Music%20-%20Humming%20the%20Turismo.mp3",
"https://jetsetradio.live/radio/stations/siivagunner/Ethan64Music%20-%20Jet%20Set%20Black.mp3",
"https://jetsetradio.live/radio/stations/siivagunner/Ethan64Music%20-%20LETHAL%20LEAGUE%20BLAZE%20BUT%20AWESOME.mp3",
"https://jetsetradio.live/radio/stations/siivagunner/Ethan64Music%20-%20Plant%20Kiminosei%20-%20Bunny%20Girl%20Rush%20Adventure.mp3",
"https://jetsetradio.live/radio/stations/siivagunner/Ethan64Music%20-%20Plant%20to%20be%20Stupid%20-%20Weird%20Rush%20Al-venture.mp3",
"https://jetsetradio.live/radio/stations/siivagunner/Ethan64Music%20-%20Shakeman.mp3",
"https://jetsetradio.live/radio/stations/siivagunner/Ethan64Music%20-%20Sis%20Puella%20Monkey%20Ball.mp3",
"https://jetsetradio.live/radio/stations/siivagunner/Ethan64Music%20-%20Syura%20Shadow.mp3",
"https://jetsetradio.live/radio/stations/siivagunner/Ethan64Music%20-%20That%27s%20Enough%20Time%20at%20the%20Spa.mp3",
"https://jetsetradio.live/radio/stations/siivagunner/Ethan64Music%20-%20Ya%28bba%29-Da%28bba%29-Yo.mp3",
"https://jetsetradio.live/radio/stations/siivagunner/Expensive%20Dispenser%20-%20A%20Funky%20Moment.mp3",
"https://jetsetradio.live/radio/stations/siivagunner/Expensive%20Dispenser%20-%20AIN%27T%20NOTHIN%27%20LIKE%20A%20FUNKY%20KONG%20%28ft.%20Rosalina%29.mp3",
"https://jetsetradio.live/radio/stations/siivagunner/Expensive%20Dispenser%20-%20AIN%27T%20NOTHIN%27%20LIKE%20A%20SPARRING%20RING.mp3",
"https://jetsetradio.live/radio/stations/siivagunner/Expensive%20Dispenser%20-%20Feel%20The%20Heat%2C%20Baby.mp3",
"https://jetsetradio.live/radio/stations/siivagunner/Expensive%20Dispenser%20-%20Futsal%20Like%20A%20Butterfly.mp3",
"https://jetsetradio.live/radio/stations/siivagunner/Expensive%20Dispenser%20-%20Ill%20Pretty%20Flacko%20Beat%202%20%28IPFB2%29.mp3",
"https://jetsetradio.live/radio/stations/siivagunner/Expensive%20Dispenser%20-%20Jet%20Set%20Penis%20Music.mp3",
"https://jetsetradio.live/radio/stations/siivagunner/Expensive%20Dispenser%20-%20My%20Name%20Is%20Professor%20Kay.mp3",
"https://jetsetradio.live/radio/stations/siivagunner/Expensive%20Dispenser%20-%20Object%20It%20On.mp3",
"https://jetsetradio.live/radio/stations/siivagunner/Expensive%20Dispenser%20-%20Off%20Sneek.mp3",
"https://jetsetradio.live/radio/stations/siivagunner/Expensive%20Dispenser%20-%20Short%20Answer.mp3",
"https://jetsetradio.live/radio/stations/siivagunner/Expensive%20Dispenser%20-%20Spooky%20Scary%20Monkey%20Ball.mp3",
"https://jetsetradio.live/radio/stations/siivagunner/Expensive%20Dispenser%20-%20Super%20George%20Michael%20Ball%20-%20Freedom%20Blitz.mp3",
"https://jetsetradio.live/radio/stations/siivagunner/Expensive%20Dispenser%20-%20Super%20Monkey%20Boomer%20Rock%202.mp3",
"https://jetsetradio.live/radio/stations/siivagunner/Expensive%20Dispenser%20-%20Thank%20You%2C%20Everybody.mp3",
"https://jetsetradio.live/radio/stations/siivagunner/Expensive%20Dispenser%20-%20THE%20CONCEPT%20OF%20WHAT%27S%20GOOD.mp3",
"https://jetsetradio.live/radio/stations/siivagunner/Expensive%20Dispenser%20%26%20CrystalForce%20-%20AIN%27T%20NOTHIN%27%20LIKE%20A%20FLAT%20BEAT.mp3",
"https://jetsetradio.live/radio/stations/siivagunner/Frostix%20-%20VERY%20COOL%20VICTORY%20BEAT.mp3",
"https://jetsetradio.live/radio/stations/siivagunner/fusoxide%20-%20Chiyo%20Mihama%20in%20Miracle%20World.mp3",
"https://jetsetradio.live/radio/stations/siivagunner/fusoxide%20-%20Fuffy%20Pink%20Fluff%20%28Unfinished%29.mp3",
"https://jetsetradio.live/radio/stations/siivagunner/fusoxide%20-%20The%20Electrisco%20%28Instrumental%29.mp3",
"https://jetsetradio.live/radio/stations/siivagunner/fusoxide%20-%20The%20Electrisco.mp3",
"https://jetsetradio.live/radio/stations/siivagunner/fusoxide%20ft.%20Funky%20Metal%20Guitarist%20-%20FM%20Funk%20%28No%20FN%27%20FM%20Remix%29.mp3",
"https://jetsetradio.live/radio/stations/siivagunner/Galactic%20Hole%20-%20jam%20slam%20radio.mp3",
"https://jetsetradio.live/radio/stations/siivagunner/Garrett%20Williamson%20-%20After%20the%20Dream.mp3",
"https://jetsetradio.live/radio/stations/siivagunner/Garrett%20Williamson%20-%20Slot%20House%20%28Jet%20Set%20Remix%29.mp3",
"https://jetsetradio.live/radio/stations/siivagunner/Geshtro%20-%20We%27re%20Wrapped%20in%20Black%2C%20Too%20Strong.mp3",
"https://jetsetradio.live/radio/stations/siivagunner/gniRob%20-%20C%27mon%20%27N%20Board%2070%2C%20Grandpa%21.mp3",
"https://jetsetradio.live/radio/stations/siivagunner/Grambam36%20-%20Alex%20and%20Kidd%20Kidd.mp3",
"https://jetsetradio.live/radio/stations/siivagunner/Grambam36%20-%20Altered%20Goat.mp3",
"https://jetsetradio.live/radio/stations/siivagunner/Grambam36%20-%20AY%21%20OH%21%20LET%27S%20RIDE%21.mp3",
"https://jetsetradio.live/radio/stations/siivagunner/Grambam36%20-%20Baldi%20Beat%20%231.mp3",
"https://jetsetradio.live/radio/stations/siivagunner/Grambam36%20-%20Chicken%20and%20Skates.mp3",
"https://jetsetradio.live/radio/stations/siivagunner/Grambam36%20-%20Come%20and%20Game%20em%27.mp3",
"https://jetsetradio.live/radio/stations/siivagunner/Grambam36%20-%20Concept%20of%20Your%20Mom.mp3",
"https://jetsetradio.live/radio/stations/siivagunner/Grambam36%20-%20CRINGE%20BUSTER.mp3",
"https://jetsetradio.live/radio/stations/siivagunner/Grambam36%20-%20DAYTONA.mp3",
"https://jetsetradio.live/radio/stations/siivagunner/Grambam36%20-%20DEAD%20HEAT%20BEATBOX%20%231.mp3",
"https://jetsetradio.live/radio/stations/siivagunner/Grambam36%20-%20DJ%20Hustle.mp3",
"https://jetsetradio.live/radio/stations/siivagunner/Grambam36%20-%20Doki%20Doki%20Mcdonald%20Club%21.mp3",
"https://jetsetradio.live/radio/stations/siivagunner/Grambam36%20-%20Don%27t%20Eat%20ASS.mp3",
"https://jetsetradio.live/radio/stations/siivagunner/Grambam36%20-%20Everybody%20Fuck%20Now.mp3",
"https://jetsetradio.live/radio/stations/siivagunner/Grambam36%20-%20Everybody%20Funk%20Now.mp3",
"https://jetsetradio.live/radio/stations/siivagunner/Grambam36%20-%20Funky%20ARMS.mp3",
"https://jetsetradio.live/radio/stations/siivagunner/Grambam36%20-%20Future%20Da%20Future.mp3",
"https://jetsetradio.live/radio/stations/siivagunner/Grambam36%20-%20House%20of%20the%20Bean.mp3",
"https://jetsetradio.live/radio/stations/siivagunner/Grambam36%20-%20Improvising%20Money.mp3",
"https://jetsetradio.live/radio/stations/siivagunner/Grambam36%20-%20Let%20it%20Glamour.mp3",
"https://jetsetradio.live/radio/stations/siivagunner/Grambam36%20-%20MAMA%20CHUNGUS.mp3",
"https://jetsetradio.live/radio/stations/siivagunner/Grambam36%20-%20Monkey%20Cha%20Cha.mp3",
"https://jetsetradio.live/radio/stations/siivagunner/Grambam36%20-%20Ninja%2009.mp3",
"https://jetsetradio.live/radio/stations/siivagunner/Grambam36%20-%20Ollie%20Man.mp3",
"https://jetsetradio.live/radio/stations/siivagunner/Grambam36%20-%20Ollie.exe.mp3",
"https://jetsetradio.live/radio/stations/siivagunner/Grambam36%20-%20Parakaround%20Now.mp3",
"https://jetsetradio.live/radio/stations/siivagunner/Grambam36%20-%20Rick%27s%20High%20IQ%20Space%20Dance.mp3",
"https://jetsetradio.live/radio/stations/siivagunner/Grambam36%20-%20Samba%20De%20Ripper.mp3",
"https://jetsetradio.live/radio/stations/siivagunner/Grambam36%20-%20SEA-MAN%20DISCO.mp3",
"https://jetsetradio.live/radio/stations/siivagunner/Grambam36%20-%20Sesame%20Columns.mp3",
"https://jetsetradio.live/radio/stations/siivagunner/Grambam36%20-%20Super%20Neko%20Maker.mp3",
"https://jetsetradio.live/radio/stations/siivagunner/Grambam36%20-%20Xxx_Gr00veRu2h420_xxX.mp3",
"https://jetsetradio.live/radio/stations/siivagunner/Grambam36%2C%20COCONABE%20-%20HELL%20CAN%20SAVE%20U.mp3",
"https://jetsetradio.live/radio/stations/siivagunner/Grambam36%2C%20COCONABE%20-%20super%20monky%20balls%20racing.mp3",
"https://jetsetradio.live/radio/stations/siivagunner/Highraiser%20-%20SHOWER%20ME%20WITH%20YOUR%20LOVE%20RAIN.mp3",
"https://jetsetradio.live/radio/stations/siivagunner/J-MUSIC%20Ensemble%20-%20Teknopathetic.mp3",
"https://jetsetradio.live/radio/stations/siivagunner/Jamangar%20-%20Sounds%20of%20the%20Underground.mp3",
"https://jetsetradio.live/radio/stations/siivagunner/Jp%20-%20Twister%20%28Mr.%20Worldwide%20Remix%29.mp3",
"https://jetsetradio.live/radio/stations/siivagunner/KnightOfGames%20-%20epic%20Sound%20Shower.mp3",
"https://jetsetradio.live/radio/stations/siivagunner/KnightOfGames%20-%20Mango.mp3",
"https://jetsetradio.live/radio/stations/siivagunner/KnightOfGames%20-%20YA%20YA%20YA%20YA%20YA.mp3",
"https://jetsetradio.live/radio/stations/siivagunner/Krizis%20-%20A%20Mettaton-Shaped%20Map.mp3",
"https://jetsetradio.live/radio/stations/siivagunner/Krizis%20-%20All%20My%20Friends%20Are%20Dreaming.mp3",
"https://jetsetradio.live/radio/stations/siivagunner/Krizis%20-%20Desert%20Hill%20Zone.mp3",
"https://jetsetradio.live/radio/stations/siivagunner/Krizis%20-%20Let%27s%20Get%20Rappin%27.mp3",
"https://jetsetradio.live/radio/stations/siivagunner/Krizis%20-%20Phantasytale.mp3",
"https://jetsetradio.live/radio/stations/siivagunner/Krizis%20-%20ristar%20fans%20when%20they%20see%20a%20shooting%20star%20or%20something%20idk%20i%20never%20played%20ristar.mp3",
"https://jetsetradio.live/radio/stations/siivagunner/Krizis%20-%20V%C3%83%C2%B6lkerball.mp3",
"https://jetsetradio.live/radio/stations/siivagunner/KryptoDigital%20-%20Up-Set%20Penis.mp3",
"https://jetsetradio.live/radio/stations/siivagunner/Kyunnie%20-%20Scratchman%20Sam.mp3",
"https://jetsetradio.live/radio/stations/siivagunner/Lapi%20-%20Mango%20Circus.mp3",
"https://jetsetradio.live/radio/stations/siivagunner/LarryInc64%20-%20Back%20To%20The%20Commotion.mp3",
"https://jetsetradio.live/radio/stations/siivagunner/LarryInc64%20-%20Change%20My%20Rave.mp3",
"https://jetsetradio.live/radio/stations/siivagunner/LarryInc64%20-%20Golden%20Axe%20The%20Wilderness%20Battle.mp3",
"https://jetsetradio.live/radio/stations/siivagunner/LarryInc64%20-%20I%27M%20THE%20FAMILY%20BALL.mp3",
"https://jetsetradio.live/radio/stations/siivagunner/LarryInc64%20-%20Vela-Flyer%202000.mp3",
"https://jetsetradio.live/radio/stations/siivagunner/Lavalamp%20-%20Ridge%20Radio.mp3",
"https://jetsetradio.live/radio/stations/siivagunner/Lordblaarg%20-%20Coltrane%20Changing%20your%20Life%20Status.mp3",
"https://jetsetradio.live/radio/stations/siivagunner/Madotsuki%20-%20gary%20the%20gadgey%20guy%20commits%20vehicular%20mansalaughter.mp3",
"https://jetsetradio.live/radio/stations/siivagunner/Mcsplosion%20-%20Awesome%20Taxi.mp3",
"https://jetsetradio.live/radio/stations/siivagunner/Mikroscopic%20-%20Fakeout%20Funk.mp3",
"https://jetsetradio.live/radio/stations/siivagunner/Mikroscopic%20-%20Playing%20the%20Bassline.mp3",
"https://jetsetradio.live/radio/stations/siivagunner/Mikroscopic%20-%20What%20Nintendon%27t.mp3",
"https://jetsetradio.live/radio/stations/siivagunner/Mitchell%20-%20Violent%20Busting.mp3",
"https://jetsetradio.live/radio/stations/siivagunner/MLPFun%20-%20King%20of%20The%20Offspring.mp3",
"https://jetsetradio.live/radio/stations/siivagunner/MLPFun%2C%20Mcsplosion%20-%20Breakfast%20Taxi.mp3",
"https://jetsetradio.live/radio/stations/siivagunner/Modeseven%20-%20Clock%20Tower%20Factory%20%28Intense%20Mix%29.mp3",
"https://jetsetradio.live/radio/stations/siivagunner/Modeseven%20-%20IDOLA%20The%20Strange%20Fruits.mp3",
"https://jetsetradio.live/radio/stations/siivagunner/MoreMell0w%20-%20DJ%20Thief.mp3",
"https://jetsetradio.live/radio/stations/siivagunner/MtH%20-%20Everybee%20Fly%20Around.mp3",
"https://jetsetradio.live/radio/stations/siivagunner/MtH%20-%20Gangnam%20Slot%20-%20Rappy%20PSY%20Burst.mp3",
"https://jetsetradio.live/radio/stations/siivagunner/MtH%20-%20GRACE%20N%20GLORY.mp3",
"https://jetsetradio.live/radio/stations/siivagunner/MtH%20-%20K.K.%20Mysterious%20Destiny.mp3",
"https://jetsetradio.live/radio/stations/siivagunner/Nernant%20-%20K.K.%20Monkey%20Race.mp3",
"https://jetsetradio.live/radio/stations/siivagunner/Nernant%20-%20Kirby%20Target.mp3",
"https://jetsetradio.live/radio/stations/siivagunner/Nernant%20-%20Staff%20Roll%20Medley.mp3",
"https://jetsetradio.live/radio/stations/siivagunner/Nernant%20-%20Super%20Monkey%20Kart.mp3",
"https://jetsetradio.live/radio/stations/siivagunner/Niko%2B%20-%20Gateway%20to%20Nightopia.mp3",
"https://jetsetradio.live/radio/stations/siivagunner/Niko%2B%20-%20Groove%20of%20the%20NHC.mp3",
"https://jetsetradio.live/radio/stations/siivagunner/Niko%2B%20-%20Jack%20Frost%27s%20Pussy.mp3",
"https://jetsetradio.live/radio/stations/siivagunner/Niko%2B%20-%20The%20Beat%20of%20Your%20Dreams.mp3",
"https://jetsetradio.live/radio/stations/siivagunner/NutellaFrenchToast%20-%20FUNKY%20STUDENT.mp3",
"https://jetsetradio.live/radio/stations/siivagunner/NutellaFrenchToast%20-%20Sneaking%20Through%20Gekkoukan.mp3",
"https://jetsetradio.live/radio/stations/siivagunner/OnBP%20-%20200%20Step%20and%20Roll%20Station.mp3",
"https://jetsetradio.live/radio/stations/siivagunner/OnBP%20-%20Dr.%20Thos%20Stewart.mp3",
"https://jetsetradio.live/radio/stations/siivagunner/OnBP%20-%20Welcome%20to%20the%20Machine%2C%20now%20Poke%20it%20Out.mp3",
"https://jetsetradio.live/radio/stations/siivagunner/overcast07%20-%20Fonsi%20in%20Space.mp3",
"https://jetsetradio.live/radio/stations/siivagunner/overcast07%20-%20Go%20Go%20Gadget%20Feather.mp3",
"https://jetsetradio.live/radio/stations/siivagunner/overcast07%20-%20Gotta%20Snow%20Fast.mp3",
"https://jetsetradio.live/radio/stations/siivagunner/overcast07%20-%20Grand%20Dad%27s%20Force%20Feather.mp3",
"https://jetsetradio.live/radio/stations/siivagunner/overcast07%20-%20the%20funny.mp3",
"https://jetsetradio.live/radio/stations/siivagunner/overcast07%20-%20uh-oh.mp3",
"https://jetsetradio.live/radio/stations/siivagunner/overcast07%20-%20Uwa%21%21%20So%20Feathers.mp3",
"https://jetsetradio.live/radio/stations/siivagunner/overcast07%20-%20%C3%A3%E2%80%9A%C2%AA%C3%A3%E2%80%9A%C2%B7%C3%A3%C6%92%C2%A3%C3%A3%C6%92%C2%AC%C3%A9%C2%AD%E2%80%9D%C3%A7%E2%80%9D%C2%B7%20%C3%A3%E2%80%9A%C2%B9%C3%A3%E2%80%9A%C2%AD%C3%A3%C6%92%C2%A3%C3%A3%C6%92%C6%92%C3%A3%C6%92%CB%86%C3%A3%C6%92%C5%BE%C3%A3%C6%92%C2%B3.mp3",
"https://jetsetradio.live/radio/stations/siivagunner/Peacock%20Roy%20-%20Flint%20Alive.mp3",
"https://jetsetradio.live/radio/stations/siivagunner/Peacock%20Roy%20-%20Get%20NESkid.mp3",
"https://jetsetradio.live/radio/stations/siivagunner/Peacock%20Roy%20-%20Kickin%27%20the%20Lead.mp3",
"https://jetsetradio.live/radio/stations/siivagunner/Peacock%20Roy%20-%20Never%20Trust%20a%20Big%20Chung%20and%20a%20Smile%20%28Sifl%20and%20Ollie%20King%29.mp3",
"https://jetsetradio.live/radio/stations/siivagunner/Peacock%20Roy%20-%20Samba%20de%20Cosita%20%28Tunak%20Tunak%20Tutorial%29.mp3",
"https://jetsetradio.live/radio/stations/siivagunner/Poopy%20Joe%20-%20Everybody%20Jump%20Around%20%28Profizor%20Kaymix%29.mp3",
"https://jetsetradio.live/radio/stations/siivagunner/POST%20ELVIS%20-%20A%20Sensual%20Encounter.mp3",
"https://jetsetradio.live/radio/stations/siivagunner/POST%20ELVIS%20-%20Bringing%20it%20All%20Back.mp3",
"https://jetsetradio.live/radio/stations/siivagunner/POST%20ELVIS%20-%20One%20Last%20Ride%20Through%20the%20City%20of%20Tokyo-to%20%28POST%20ELVIS%20SUPER%20MIX%29.mp3",
"https://jetsetradio.live/radio/stations/siivagunner/Pr0fitl0lis%20-%20Up-Set%20Ghost%20Girls.mp3",
"https://jetsetradio.live/radio/stations/siivagunner/Pylons%20Davis%20-%20Rouge%20of%20Love.mp3",
"https://jetsetradio.live/radio/stations/siivagunner/rats%20-%20100sec%20Fleet%20Rockin%27.mp3",
"https://jetsetradio.live/radio/stations/siivagunner/rats%20-%20I%20Love%20Love%20You%20%28Candy%20Candy%20Cute%20Dimension%20Mix%29.mp3",
"https://jetsetradio.live/radio/stations/siivagunner/Retro%20Gaming%20-%20Water%27s%20Like%20A%20Melody%20In%20My%20Head.mp3",
"https://jetsetradio.live/radio/stations/siivagunner/RHMan%20-%20After%20the%20Flint.mp3",
"https://jetsetradio.live/radio/stations/siivagunner/RHMan%20-%20Big%20Boss%20Metamorphasis%20%28feat.%20John%20Cena%29.mp3",
"https://jetsetradio.live/radio/stations/siivagunner/RHMan%20-%20Blaze%20Pinches%20these%20NUTS.mp3",
"https://jetsetradio.live/radio/stations/siivagunner/RHMan%20-%20Brass%20Rush%203.mp3",
"https://jetsetradio.live/radio/stations/siivagunner/RHMan%20-%20Chip%20the%20Eggman.mp3",
"https://jetsetradio.live/radio/stations/siivagunner/RHMan%20-%20Man%27s%20Not%20Anxious.mp3",
"https://jetsetradio.live/radio/stations/siivagunner/RHMan%20-%20Santextra%20Zone-bie.mp3",
"https://jetsetradio.live/radio/stations/siivagunner/RHMan%20-%20Sonic%20Rushroll.mp3",
"https://jetsetradio.live/radio/stations/siivagunner/RHMan%20-%20Theme%20of%20After%20the%20Waterfall.mp3",
"https://jetsetradio.live/radio/stations/siivagunner/RHMan%20-%20Theme%20of%20Default%20Emote.mp3",
"https://jetsetradio.live/radio/stations/siivagunner/RHMan%20-%20Theme%20of%20Funny%20Event.mp3",
"https://jetsetradio.live/radio/stations/siivagunner/RHMan%20-%20Theme%20of%20Sicko%20Event.mp3",
"https://jetsetradio.live/radio/stations/siivagunner/Roc%20the%20Dilettante%20-%20Fall%20Breaks.mp3",
"https://jetsetradio.live/radio/stations/siivagunner/Roc%20the%20Dilettante%20-%20Jet%20Set%20Vervine.mp3",
"https://jetsetradio.live/radio/stations/siivagunner/Roc%20the%20Dilettante%20-%20The%20Gift%20of%20Thought.mp3",
"https://jetsetradio.live/radio/stations/siivagunner/Roc%20the%20Dilettante%20-%20The%20Sound.mp3",
"https://jetsetradio.live/radio/stations/siivagunner/Sarv%C3%83%C2%A9productions%20-%20AIN%27T%20NOTHIN%27%20LIKE%20A%20GLAMOROUS%20BEAT.mp3",
"https://jetsetradio.live/radio/stations/siivagunner/Sarv%C3%83%C2%A9productions%20-%20You%20Ain%27t%20Nothin%27%20But%20A%20Skeleton.mp3",
"https://jetsetradio.live/radio/stations/siivagunner/Scooblee%20-%20Garden%20Stage%20Vilily.mp3",
"https://jetsetradio.live/radio/stations/siivagunner/Scooblee%20-%20Last%20Survivor.mp3",
"https://jetsetradio.live/radio/stations/siivagunner/Scribblenaut19%20-%20Super%20Meta%20Ball%20Revenge%20of%20Gongon.mp3",
"https://jetsetradio.live/radio/stations/siivagunner/Sega77%20-%20DJ%20Professor%20Kunta.mp3",
"https://jetsetradio.live/radio/stations/siivagunner/Sega77%20-%20Jet%20Set%20Shadow.mp3",
"https://jetsetradio.live/radio/stations/siivagunner/Sega77%20-%20Stupid%20hog.mp3",
"https://jetsetradio.live/radio/stations/siivagunner/Skawabii%20-%20Smooth%20It%20Up.mp3",
"https://jetsetradio.live/radio/stations/siivagunner/SmokyThrill77%20-%20Everybody%20Hit%20The%20Floor.mp3",
"https://jetsetradio.live/radio/stations/siivagunner/SmokyThrill77%20-%20Stuck%20In%20Lugia%27s%20Stomach%20Alone%20%28SKANKFUNKY%20REMIX%29%20%28Vorestrumental%29.mp3",
"https://jetsetradio.live/radio/stations/siivagunner/SmokyThrill77%20-%20Stuck%20In%20Lugia%27s%20Stomach%20Alone%20%28SKANKFUNKY%20REMIX%29.mp3",
"https://jetsetradio.live/radio/stations/siivagunner/Snowva%20-%20Brawler%20Jovi%20%28kiryu%20doesn%27t%20wanna%20live%20forever%29.mp3",
"https://jetsetradio.live/radio/stations/siivagunner/SoundSync5000%20-%20Sonic%20Rush%20for%20Game%20Gear.mp3",
"https://jetsetradio.live/radio/stations/siivagunner/TechnoCookie%20-%20Play%20it%20Loud%20%28Dr.%20Stewart%27s%20Theme%29.mp3",
"https://jetsetradio.live/radio/stations/siivagunner/The%20Big%20Beat%20Mario%20Fan%20Club%20-%20Big%20Beat%20Radio.mp3",
"https://jetsetradio.live/radio/stations/siivagunner/The%20Snooge%20-%20A%20Funky%20Fresh%20Mouth.mp3",
"https://jetsetradio.live/radio/stations/siivagunner/TheSip%20-%20Smooth%20Star%20Jam.mp3",
"https://jetsetradio.live/radio/stations/siivagunner/Trifly%20-%20Quan%20Set%20Radio.mp3",
"https://jetsetradio.live/radio/stations/siivagunner/Unknown%20Meta%20-%20The%20End%20of%20the%20Future.mp3",
"https://jetsetradio.live/radio/stations/siivagunner/UUN4%20-%20Sky%20Babylrun.mp3",
"https://jetsetradio.live/radio/stations/siivagunner/VeraFX%20-%20Devil%27s%20Contract.mp3",
"https://jetsetradio.live/radio/stations/siivagunner/Vespa%20Boy%20-%20Swing.mp3",
"https://jetsetradio.live/radio/stations/siivagunner/VLTG%20-%20Real%20Roller%20Radio%20%C3%A2%E2%82%AC%CB%9C99.mp3",
"https://jetsetradio.live/radio/stations/siivagunner/WholePunch%20-%20Down%20The%20Radio.mp3",
"https://jetsetradio.live/radio/stations/siivagunner/wolfman1405%20-%20Machine%20Gun%20Kiss%20%28Full%20Spec%20Edition%29.mp3",
"https://jetsetradio.live/radio/stations/siivagunner/wolfman1405%20-%20%C3%A5%C2%A4%C2%A2%C3%A3%EF%BF%BD%C2%BF%C3%A3%EF%BF%BD%C5%B8%C3%A5%C2%A7%C2%BF%C3%A3%EF%BF%BD%C2%B8%20%28Idol%20Spec%20Edition%29.mp3",
