verafx,
"https://jetsetradio.live/radio/stations/verafx/Vera%20FX%20-%20Bubbles%20%28Bonus%29.mp3",
"https://jetsetradio.live/radio/stations/verafx/Vera%20FX%20-%20Crazy%20World%20%28Bonus%29.mp3",
"https://jetsetradio.live/radio/stations/verafx/Vera%20FX%20-%20Funk%20Friday%20%28Bonus%29.mp3",
"https://jetsetradio.live/radio/stations/verafx/VeraFX%20-%20Devil%27s%20Contract.mp3",
"https://jetsetradio.live/radio/stations/verafx/VeraFX%20-%20Dognapped.mp3",
"https://jetsetradio.live/radio/stations/verafx/VeraFX%20-%20Golden%20Plan.mp3",
"https://jetsetradio.live/radio/stations/verafx/VeraFX%20-%20Graffiti%20Bombing.mp3",
"https://jetsetradio.live/radio/stations/verafx/VeraFX%20-%20I%27ll%20Shock%20Ya.mp3",
"https://jetsetradio.live/radio/stations/verafx/VeraFX%20-%20Jet%20Set%20Freedom.mp3",
"https://jetsetradio.live/radio/stations/verafx/VeraFX%20-%20Jet%20Set%20Revolution%20Intro.mp3",
"https://jetsetradio.live/radio/stations/verafx/VeraFX%20-%20Just%20Your%20Problem.mp3",
"https://jetsetradio.live/radio/stations/verafx/VeraFX%20-%20Keisatsu.mp3",
"https://jetsetradio.live/radio/stations/verafx/VeraFX%20-%20Noise%20Nostalgia.mp3",
"https://jetsetradio.live/radio/stations/verafx/VeraFX%20-%20Streets%20of%20Reggae.mp3",
"https://jetsetradio.live/radio/stations/verafx/VeraFX%20-%20The%20Animal.mp3",
"https://jetsetradio.live/radio/stations/verafx/VeraFX%20-%20Vengeance.mp3",
"https://jetsetradio.live/radio/stations/verafx/VeraFX%20-%20We%20Own%20The%20Streets.mp3",
"https://jetsetradio.live/radio/stations/verafx/VeraFX%20-%20Whats%20Blood%20For.mp3",
"https://jetsetradio.live/radio/stations/verafx/VeraFX%20-%20Your%20Love.mp3",
