artist,title,
"Baldi Bumper",
"Big Chungus Bumper (ft. Metal Shade and RHMan)",
"Boss Bumper",
"Broadway Bumper",
"bump1",
"bump2",
"bump3",
"bump4",
"bump5",
"bump6",
"bump7",
"bump8",
"bump9",
"bump10",
"bump11",
"bump12",
"bump13",
"bump14",
"bump15",
"bump16",
"Cant Live Without Bumper",
"CD ALERT",
"Celebrity Bumper",
"Childish Gambino Bumper",
"Class of 3000 Bumper",
"Coach Z Bumper",
"Cortex Bumper",
"COSPLAYERZ",
"Country Bumper",
"Crazy Taxi Bumper",
"Daytona Bumper",
"DJK",Brainless Zombies",
"DJK",Conformists",
"DJK",Conspiracy Theorist",
"DJK",Digital ID",
"DJK",Enslave",
"DJK",Fact Checker Truth",
"DJK",Global System",
"DJK",Mind Control",
"DJK",Rokkaku Group Future",
"DJK",The Future Is Close",
"DJK",Tracking",
"DJK1",
"DJK2",
"DJK3",
"DJK4",
"DJK5",
"DJK6",
"DJK7",
"DJK8",
"DJK9",
"DJK11",
"DJK14",
"DJK15",
"DJK16",
"DJK17",
"DJK19",
"DJK20",
"DJK21",
"DJK22",
"DJK23",
"DJK24",
"DJK25",
"DJK26",
"DJK27",
"DJK28",
"Donkey Kong Bumper",
"Donkey Kong Rap Bumper",
"Hobart Bumper",
"Inspector Gadget Bumper",
"Jet Set Radio Bumper 1",
"Jet Set Radio Bumper 2",
"JetSetGroove",RockItOn",
"JetSetStation",EverybodyJumpAround",
"JetSetStation",GraceAndGlory",
"JetSetStation",LetMomSleep",
"Joe Swanson Bumper",
"Johnny Bravo Bumper",
"King DeDeDe Bumper",
"Lord Farquaad Bumper (ft. Chase B)",
"Meatwad Bumper",
"Mike and the King Bumper (ft. duuzu)",
"Mr Rental Bumper",
"Neo Bumper",
"Nick Crompton Bumper (ft. Chase B and ChickenSuitGuy)",
"Nickelodeon Bumper",
"PacMan Bumper",
"Peter Griffin Bumper",
"Plankton Bumper",
"RJD2",Interlude",
"ROAD TO LOVE ISLAND",
"Robotic Bumper",
"Sega Tape Bumper",
"SFX1",
"SFX2",
"SFX3",
"SFX4 Hideki Naganuma",Jet Set Groove",
"SFX5 Chase",Victory DJ Professor K",
"Siiva Bumper",
"Slopster Bumper",
"Soul of Tokyo To Bump",
"Spike Bumper (ft. Pyromide and Beardfear)",
"Stewie Bumper",
"Talk",24 Hours JSRL Bump",
"Talk",Humming the Bassline Bump",
"Tune In Turn On JSRL Bumper",
"Uganda Knuckles Bumper",
"Wario Bump 1",
"Wario Bump 2",
"WDPK Bumper",
"Yummy Bumper",
