artist,title,
"112",Dance With Me (Instrumental)",
"A Skillz",Good Music",
"A Skillz, Dr Luke, Kraftykuts",Bring Back The Funk",
"A Tribe Called Quest",Award Tour",
"A Tribe Called Quest",Can I Kick It",
"A Tribe Called Quest",Check The Rhime",
"Aceyalone",All For U (RJD2 Mix)",
"Apollo 440",Can't Stop The Rock",
"Arrested Development",Man's Final Frontier",
"ATCQ",Can I Kick It (Featurecast Remix)",
"BadboE",Funk In The Air (Fort Knox Five Remix)",
"BadboE",Green Power Funk",
"BadboE",Hercules (Original Mix)",
"BadboE",Hit It Maestro feat. MC Rayna",
"BadboE",Make It Happen (Father Funk Remix)",
"BadboE",Make It Happen (Original Mix)",
"BadboE",Masterpiece",
"BadboE",My Bad (Jayl Funk Remix)",
"BadboE",One Of Those Days (Pimpsoul Remix)",
"BadboE",Sound of Invasion (Original Mix)",
"BadboE",What You Wanna Do (Funkanomics Remix)",
"BadboE",Work It Out (feat Michael DeVellis)",
"BadboE vs Prosper",Too Hot To Handle",
"Bagjac",Cut A Break",
"Bart Baker & Slim Gaillard",Communication",
"Beastie Boys",Ch-Check It Out",
"Beastie Boys",Flute Loop",
"Beastie Boys",Hey Ladies (Fare Soldi Remix)",
"Beastie Boys",Sabotage",
"Beastie Boys",So What Cha Want",
"Beastie Boys",Sure Shot",
"Beat Fatigue",Funky Borderline",
"Bobby C Sound TV",Roller Soul",
"BotanicSage",Super Ink Shooter",
"Brother Ali",Blah Blah Blah",
"C2C",Happy (feat. Derek Martin)",
"Cage The Elephant",Ain't No Rest For The Wicked (Schematic Remix)",
"Cee Roo",Give It Up",
"Cypress Hill",Insane In The Brain",
"De La Funke",Shall We Go",
"Del the Funky Homosapien",Burnt",
"Del the Funky Homosapien",Mistadobalina",
"Deluxe Feat A State Of Mind",Breaking News",
"DJ Hiphoppapotamus",Bigger Than A Hiphoppapotamus",
"DJ Kychu",Rock It Like This",
"Fatboy Slim",Always Read The Label",
"Fatboy Slim",Rockafeller Skank",
"Fatboy Slim",Weapon of Choice (Tom Drummond Remix)",
"Fatboy Slim",You're Not From Brighton",
"FDEL",Ladies and Gentlemen",
"FDEL",Rocksteady",
"Feature Cast",Channel Surfing",
"Featurecast",Channel Hopping (feat Kool Keith)",
"Fu Schnickens",Express Yourself (feat Roger Troutman)",
"Funkstar De Luxe",Ignition",
"G Bonson",Stop",
"Galactic",Do It Again (Featuring Cheeky Blakk)",
"Ghetto Funk",Cant Stomp",
"Goldfish",We Come Together",
"Gorillaz",19 2000 (Soulchild Remix)",
"Gorillaz",Dare",
"Gorillaz",People",
"Gorillaz",Re-Hash",
"Gorillaz",Sleeping Powder",
"Gramatik",Boom Bap Reinstated",
"Gramatik",Break Loose",
"Gramatik",Im Doin My Thang",
"GRiZ",A Fine Way To Die (feat Orlando Napier)",
"GRiZ",Feel The Love",
"GRiZ",Funk Party",
"GRiZ",Gettin' Live",
"GRiZ",Good Times Roll (feat Big Gigantic)",
"GRiZ",Hard Times",
"GRiZ",It's All Good (feat Jessie Arlen)",
"GRiZ",Stop Trippin' (feat iDA Hawk)",
"GRiZ",The Anthem (feat Mike Avery)",
"GRiZ",The Future Is Now",
"GRiZ",Wheres The Love",
"Grizmatik",Digital Liberation Is Mad Freedom",
"Grizmatik",My People",
"Howla",Can't Get Next To You",
"Imi Kamoze",Here Comes the Hotstepper",
"Janelle Monae ft Big Boi",Tightrope",
"Jungle Brothers",True Blue (Aphrodite Remix)",
"Junkie XL",Catch Up To My Step (Bossatnova Remix)",
"Jurassic 5",Break",
"Jurassic 5",Improvise",
"Jurassic 5",Red Hot",
"Jurassic 5",Sum of Us",
"Jurassic 5",The Influence",
"Jurassic 5",What's Golden",
"Lenny Kravitz",Fly Away (PINEO & LOEB Remix)",
"Lenny Kravitz",Mama Said (PulpFusion Mix)",
"Lt Frank Drebin",Beat Fatigue (WBBL Remix)",
"Main Source",Atom",
"Mark Ronson",Feel Right",
"Martin Solveig",Big In Japan (Feat Dragonette & Idoling)",
"Midicronica",Star Diva",
"MIM",Gods (Instrumental)",
"Mint Royale",Blue Song",
"Mystikal",Smashing the Gas (Get Faster)",
"Nanarthur",Space Raiders Song For Dot Wlm",
"Nappy Roots",Good Day",
"NWA",Express Yourself",
"Ozomatli",Cut Chemist Suite",
"Red Hot Chili Peppers",Roller Coaster of Love",
"RIP Slyme",Super Shooter",
"Rory Hoy",Big Beat Stevie",
"Scapegoat Wax",Around Midnight (feat. Reese Weil)",
"Scapegoat Wax",Bloodsweet",
"Scapegoat Wax",Freeway",
"Shakkazombie",Shiroi Yami no Naka",
"Sir Sly",High",
"Skankfunk",Strutters Cruise",
"Skeewiff & Vanessa Contenay",Heatwave (Don't Stop)",
"Slynk & Stickybuds",Full Tilt Boogie",
"Smash Mouth",Hot",
"Stylust Beats",Sleeveless Jumpoff",
"Super Holla Tricka Krafty Kuts",Gwen Stefani vs Beastie Boys vs Wild Cherry",
"Teddybears",Rocket Scientist (Feat Eve)",
"The Coup",I Ain't the Nigga",
"The Floozies",Stuntin'",
"The Hives",Tick Tick Boom",
"The Mighty Mocambos",It's The Music (A Skillz & Stickybuds Remix)",
"The Pharcyde",Oh Shit",
"The Pharcyde",Ya Mama",
"The Prodigy",Stand Up",
"The Wiseguys",Ooh La La",
"The Wiseguys",Re-Introduction",
"Thomas Bangalter",Spinal Scratch",
"TJR",Funky Vodka (Original Mix)",
"Visualizer",Kick It Off",
