artist,title,
"Adam Freeland",Fear (Rez Mix)",
"Alesia",Industriae",
"Andrew Huang",Blaster (Instrumental)",
"Atmosphere",Shoulda Known (Instrumental)",
"Bignic",Daft",
"Bignic",Romp",
"Bignic",Scream",
"Boys Noize",Lava Lava",
"Boys Noize",Let's Buy Happiness",
"Coins",Alive Intergalactic (Daft Science Remix)",
"Coins",No Sleep Till Brooklyn (Daft Science Remix)",
"Coins",Sure Shot (Daft Science Remix)",
"Cut and Paste",Forget it",
"Daft Punk",Aerodynamic (Daft Club Remix)",
"Daft Punk",Aerodynamic (Laurent Mathieu Remix)",
"Daft Punk",Derezzed (Glitch Mob Remix)",
"Daft Punk",Harder, Better, Faster, Stronger (Far Out Remix)",
"Daft Punk",Human After All (Remix by FSG)",
"Daft Punk",Technologic (Frenssu Remix)",
"Daft Punk",Technologic",
"Digitalism",Homezone",
"Digitalism",Magnets",
"Dirty Loud",School Of Funk",
"DJ Electrohead",Hit the Floor",
"Does It Offend You, Yeah",Battle Royale",
"Does It Offend You, Yeah",We Are Rockstars",
"Does It Offend You, Yeah",Weird Science",
"edIT",If You Crump Stand Up",
"edIT",The Sirens",
"Electro Monstaz",Popcorn Funk",
"Else",Zephyr",
"Fancy",What's Your Name Again (BUSY P Remix)",
"Fatboy Slim",Weapon Of Choice (Junkie XL Mix)",
"Fear Factory",Cyberdyne (Junkie XL Remix)",
"FIBRE",Skylight Ballad",
"Foamy10",Give Me My Phone Call",
"Gazburn",Technology",
"Goose",Black Gloves",
"Gramatik",Damage Intended",
"Gramatik",Day Of The So Called Glory",
"Gramatik",Defying Gravity",
"Gramatik",Got To Go (Original Mix)",
"Gramatik",Never That Easy",
"Gramatik",Red Baron Of WW3",
"Gramatik",Step 007",
"Gramatik",Take It Back",
"Gramatik",Talkbox Intended",
"Gramatik",The Night Hawk",
"Gramatik",The Uprising",
"Gramatik",To Get By",
"Gramatik & Break Science",Boogie Down",
"Gramatik VS Gossip",Dimestore Diamond (Remix)",
"GRiZ",Live on Arrival",
"Haywyre",Back and Forth (Monstercat Release)",
"Heavy Send",Focus",
"Herzeloyde",Distracted",
"Hexstatic",Robopop",
"Huda Hudia",System Overload (SSX Original Tricky Mix)",
"Hyper",Cascade",
"Insan3Lik3",We Are The Robots (feat Temu)",
"JEDDI",Heartbeat",
"Juicy Fruit",Huw Williams",
"Junkie XL",Fuusoku City",
"Junkie XL",New Toy",
"Junkie XL",Nudge",
"Junkie XL",You Make Me Feel So Good",
"Le Castle Vania",LED Spirals (Extended Edition)",
"Le Castle Vania",Shots Fired",
"Leftfield",Phat Planet",
"LFO",Freak",
"Madeon",Imperium",
"Marshall McGee",Pixel Ninjas",
"MGMT",Electric Feel (Justice Remix)",
"Module VS Sidhe Interactive",Boss Music (All Sections)",
"MOON",Hydrogen",
"Mr Bill",A Simple Song",
"Mr Bill",Chlorine",
"Mr Bill",Slate",
"Mr Bill",The Enabler & The Enabled",
"Mr Bill",The Oculist",
"Mr Bill",Trickle",
"Mr Bill",URL",
"Mr Bill & Goosebumpz",Swivel",
"Mr Bill & GRUFF",Pretty Sick, But",
"Mr Bill & iONik",Buttersnatch",
"Mr Bill & Loom In Essence",Abba Ridge",
"Mr Bill & Slynk",Girl You Got Me Insane",
"Mr Bill & The Noisy Freaks",Satellite Slum",
"Mr Bill & Videocat",Rusty Wonderland",
"Mr Bill, Sable & The Mollusk",Rymth",
"Mr Bill, Tha Fruitbat & Mr. Rogers",Glurplesque",
"Perturbator",Future Club",
"Perturbator",Raw Power",
"Perturbator",Satanic Rites",
"Pretty Lights",Hot Like Sauce",
"Pretty Lights",Keep Em Bouncin",
"Rom Di Prisco",Octaal",
"Rom Di Prisco",Omicron Velorum",
"Sabrepulse",The Rapture",
"Savant",Spider",
"Savant",The Third Eye",
"Savant",West Coast",
"SebastiAn",Embody",
"Shatter Soundtrack",Boss Music",
"Sixfingerz",Fata Morgana (Gramatik Remix)",
"Slowpalace",Banned",
"Slynk",Toys",
"Spector",Just Hiss",
"The Crystal Method",Vapor Trail",
"The Noisy Freaks",Funky Kids",
"Tokyo Machine",ROCKIT",
"Tut Tut Child",Dance To It",
