artist,title,
"Acid Arab",Buzq Blues",
"Acid Arab",Gul l Abi",
"Acid Arab",Hafla (Instrumental)",
"Acid Arab",Le Disco",
"Acid Arab",Mogador (Club Version)",
"Amsterdam Klezmer Band ft Shantel",Sadagora Hot Dub",
"Amsterdam Klezmer Band vs Cypress Hill",Insane Kolomeika",
"Balkan Beat Box",9 4 The Ladies",
"Balkan Beat Box",Adir Adirim",
"Balkan Beat Box",Bulgarian Chicks (LAMBS remix)",
"Balkan Beat Box",Kabulectro",
"Balkan Beat Box",Smatron",
"Balkan Beat Box",Sunday Arak",
"Balkan Beatpox",Adir Adirim (Nickodemus Remix)",
"Balkan Beats",House Track",
"Bart and Baker",Istanbul Not Constans",
"Beats Antique",Oriental Uno",
"Blakan Beat Box",Hermetico",
"Boris Viande Unknown",Harlem Cocek (Harlem Shake Balkan Remix)",
"Brandberg",Anubis",
"Buscemi and Kocani Orkestar",Alone At My Wedding",
"COBY",CRNI SIN (SkennyBeatz Remix)",
"Darren Korb",Terminal March",
"Deficio",Egyptica",
"DISKOBAJAGI Robert Soko",Balkan",
"DjSuperStereo",Balkan Beat Box",
"DjSuperStereo",Moombalkan (Anthem)",
"Doctor Lazer",Turkish Mix",
"Electric Balkan Jazz Club",Balkan Dogs (ShazaLaKazoo Remix)",
"Esullen",Awaken (Pillar Men)",
"Fanfare Ciocarlia",007 (James Bond Theme)",
"Fanfare Ciocarlia",Alili",
"Fanfare Ciocarlia",Asfalt Tango",
"Figli di madre ignota",Drop The Rock (Gaetano Fabri Remix)",
"Force of Nature",The Stroll",
"Gaetano Fabri vs Kocani Orkestar",Siki, Siki Baba",
"Gillionaire",Eye Of Ra",
"Gogol Bordello vs Tamir Muskat",Balkanization of Amerikanization",
"Gramatik",Balkan Express",
"Gramatik",Oriental Job",
"Gramatik",The Drink Is Called Rakija",
"Gypsy Hill",Balkan Beast",
"Gypsy Sailor",Mr Edwardz",
"Inkyz",Sphinx",
"Jake Kaufman",Bolo",
"Jake Kaufman",Scuttle Town",
"KBlaze",The Floor is Lava",
"Kottarashky",Opa Hey",
"M'siou Rigolitch",Back in Balk' (AcDc VS Queen VS AKB)",
"M'siou Rigolitch",Boban Markologic (Daft Punk VS B Markovic)",
"Mahala Rai Banda",Balkan Reggae (Kanka Mix)",
"Omar Souleyman",Warni Warni",
"Omar Souleyman",Ya Yumma",
"Omarilzz",Arabian Combat",
"Panjabi MC",Beware of the Boys (Mundian To Bach Ke)",
"Rob Zombie",Theme For The Rat Vendor",
"Samet Kurtulus",Balkan",
"Savant",Mecca",
"Savant",Nazareth",
"Savant",Sons Of Babel",
"Shantel",Bucovina",
"Shantel",Marko i Shantel",
"ShazaLaKazoo",Opla",
"Sofian Rouge",Chica (Zwart Mix)",
"Sola Rosa",Del Ray",
"The Rootsman",Ta Travudia",
"Tigermonkey",Balkan Beast",
"Towa Tei",Son of Bambi (Walk Tuff)",
"Unknown",Balkan Trap (Beat Butcher)",
"Unknown",Keragala Bazzar",
