artist,title,
"13 And God",Soft Atlas",
"A Perfect Circle",The Outsider (Apocalypse Mix)",
"Blockhead",You've Got Maelstrom",
"Caravan Palace",Midnight",
"Citizen Cope",Let The Drummer Kick",
"Desired",Exolution",
"DJ T-Rock And Squashy Nice",It Began With Listening",
"DJ T-Rock and Squishy Nice",The Fugue",
"Handsome Boy Modeling School",The Worlds Gone Mad",
"Health",Future",
"Health",Tears",
"Jimi Hendrix",All Along The Watchtower (Pretty Lights Remix)",
"MSTRKRFT",Monster Hospital",
"Ours Samplus",Alamo",
"Ours Samplus",Blue Bird",
"Ours Samplus",Deep Inside",
"Ours Samplus",Minor Alpha",
"Ours Samplus",Over",
"Ours Samplus",Saliverne",
"Ours Samplus",Spell On You",
"Ours Samplus",Versus",
"Poldoore",Honey Don't Cry",
"Portugal The Man",Tidal Wave",
"RJD2",Smoke & Mirrors",
"Shawn Lees Ping Pong Orchestra",Kiss The Sky",
"Thievery Corporation",The Richest Man In Babylon",
"Virtual Boy",The Tower",
"Wax Tailor",Once Upon A Past",
