artist,title,
"Lethal League Blaze",Ain't Nothin' like A Funky Beat",
"Lethal League Blaze",Beverly Chills",
"Lethal League Blaze",Decible",
"Lethal League Blaze",Dial Hop",
"Lethal League Blaze",Dominator",
"Lethal League Blaze",Headbangeren",
"Lethal League Blaze",Jungaaaa",
"Lethal League Blaze",Killa Swing",
"Lethal League Blaze",Nasty Lovers",
"Lethal League Blaze",Ordinary Days V1",
"Lethal League Blaze",Ordinary Days V2",
"Lethal League Blaze",Ruiner",
"Lethal League Blaze",Scream",
"Lethal League Blaze",Shred",
"Lethal League Blaze",Snibbit",
"Lethal League Blaze",Thuggin",
"Lethal League Blaze",Urabon",
"Lethal League Blaze",Whipz",
"Lethal League Blaze",X",
