artist,title,
"Cedric Menendez",Defy The Great Admin",
"Cedric Menendez",Drumbie",
"Cedric Menendez",Enter The City",
"Cedric Menendez",Furtive Ascencion",
"Cedric Menendez",Get Ready",
"Cedric Menendez",Greendy's Trance",
"Cedric Menendez",Grind-E's Secret Goal",
"Cedric Menendez",High Jump",
"Cedric Menendez",Inner Reflexion",
"Cedric Menendez",Never Give Up",
"Cedric Menendez",Surpassing Oneself",
"Cedric Menendez",Try Hard",
"Cedric Menendez",Underground",
"Cedric Menendez",Wata's Lounge",
"Hideki Naganuma",Heaven Up",
"Hideki Naganuma",Never 4Ever",
