artist,title,
"Ayano ULTRA",Onishima",
"Ayano ULTRA",Ronin on the Radio",
"Ayano ULTRA",Sweet Future",
"Blue9Fairy",Herbing the Cockline",
"Chief Takinawa",Get Up Defend Your Turf",
"Cibo Matto",Birthday Cake (Lotus Cloud Flip)",
"COCONABE",BIONICLE Bassline",
"COCONABE",Golfman",
"COCONABE",Korone Ball Breakers",
"COCONABE",SO FUNKY NOW",
"CrystalForce",That's Enough, I Just Came Here to Bounce",
"CrystalForce & NutellaFrenchToast",The Concept of Plastic Love",
"Cxldr3",Electric Tooth Brush (Rearranged)",
"digboy",Sweet Soul Skank",
"DJ Kychu",Shape Da Future (DJ Kychu Remix)",
"duuzu",Everybody's Jumping Around",
"duuzu",FUNKY RENTAL",
"duuzu",Teknopathetologic",
"Ethan64Music",Humming the Turismo",
"Ethan64Music",Shakeman",
"Ethan64Music",That's Enough Time at the Spa",
"Expensive Dispenser",Futsal Like A Butterfly",
"Expensive Dispenser",Ill Pretty Flacko Beat 2 (IPFB2)",
"Expensive Dispenser",My Name Is Professor Kay",
"Expensive Dispenser",Object It On",
"Expensive Dispenser",Off Sneek",
"Expensive Dispenser",Short Answer",
"Expensive Dispenser",THE CONCEPT OF WHAT'S GOOD",
"Frostix",VERY COOL VICTORY BEAT",
"Galactic Hole",jam slam radio",
"GCJ",Funky Rudies Wrist Gadgets",
"GCJ",Sneakman (Remix)",
"Grambam36",Concept of Your Mom",
"Grambam36",DJ Hustle",
"Grambam36",Everybody Fuck Now",
"Grambam36",Everybody Funk Now",
"Grambam36",Funky ARMS",
"Grambam36",Future Da Future",
"Grambam36",Improvising Money",
"Grambam36",Parakaround Now",
"Hideki Naganuma",Sneakman (Visualizer's Teknofunk Remix)",
"Hideki Naganuma",The Concept Of Love (Coughinz Remix)",
"Hideki Naganuma vs Guitar Vader",I Love Love The Bassline",
"Hideki Naganuma vs Smash Mouth",That's Enough",
"Hideki Naganuma x Khia",My This This My That",
"J-MUSIC Ensemble",Teknopathetic",
"James Landino",Teknopathetic (Remix)",
"Jelehu",Grace, Glory, and Gojis Ghost",
"KryptoDigital",Up-Set Penis",
"Kyunnie",Scratchman Sam",
"Logi",Humming the Bassline (Scratchin' Remix)",
"Machine Girl",Mischievous Boy (Poison Jam Mix)",
"MatrixMarioX",Everybody Bang Around",
"MatrixMarioX",Humming the Bowsline",
"MatrixMarioX",Jet Set Woolly World",
"MatrixMarioX",No Wait Jump Around To This Instead (Gorillaz Mix)",
"MatrixMarioX",Oldies But Happiest",
"MatrixMarioX",Splatting The Bassline (DS Remix)",
"MatrixMarioX",Splatting The Bassline (Redux)",
"Michael Staple",Electric Tooth Brush (Remix)",
"Mikroscopic",Playing the Bassline",
"Mr Mediamanx",Hello Alison (Freek Remix)",
"Mr Mediamanx",Look at the Funk",
"Mr Mediamanx",Menu Music",
"MtH",Everybee Fly Around",
"MtH",GRACE N GLORY",
"Nakaido Chabo Reichi",Professed Intention and Real Intention",
"Nixhlestakov",Bumping the Bassline By",
"NQT",Electric Collision (Soft Toothbrush)",
"NQT",Flowing Teknopathetic Warfare",
"NQT",Like It Like Space Trip Steps",
"NQT",The Concept of Color Pulse",
"NutellaFrenchToast",FUNKY STUDENT",
"NutellaFrenchToast",Sneaking Through Gekkoukan",
"Onyonreng",Shape Da Skyway",
"Poopy Joe",Everybody Jump Around (Profizor Kaymix)",
"POST ELVIS",Bringing it All Back",
"POST ELVIS",One Last Ride Through the City of Tokyo-to (POST ELVIS SUPER MIX)",
"Pr0fitl0lis",Up-Set Ghost Girls",
"rats",I Love Love You (Candy Candy Cute Dimension Mix)",
"Richard Jacques",Everybody Jump Around (SASHKO NAGANUMA REMIX)",
"Roc the Dilettante",Jet Set Vervine",
"Ronin Op F",Sneakman (Remix)",
"SammyG",Bassy Love Child",
"SammyG",The Concept of Love Love",
"Sashko Naganuma",Allison Love",
"Sashko Naganuma",Moody's Fat Boom Boom",
"Sashko Naganuma",Understand",
"Sega77",DJ Professor Kunta",
"Sega77",Jet Set Shadow",
"SilvaGunner",Everybody Jump Around (Mambo Remix)",
"SmokyThrill77",Everybody Hit The Floor",
"Smooth4Lyfe",Humming the Bassline (Vocal Mix)",
"The Akashic Chronicler",Everybody Funk Around",
"TheSip",Smooth Star Jam",
"Trifly",Quan Set Radio",
"Unknown Meta",The End of the Future",
"VeraFX",Devil's Contract",
"VLTG",Real Roller Radio ‘99",
"WholePunch",Down The Radio",
